MSA_Name,Year,log_Available_SF_Total,Available_SF_Total,LOOCV_Counterfactual,LOOCV_Gap,Period
"Akron, OH",2006,16.31281388379548,12149686.0,16.15773052425335,0.15508335954213237,Pre-COVID (2006-2019)
"Akron, OH",2007,16.098811093440816,9809002.0,16.417353741077108,-0.31854264763629203,Pre-COVID (2006-2019)
"Akron, OH",2008,16.31472215240814,12172893.0,16.202364178021117,0.11235797438702377,Pre-COVID (2006-2019)
"Akron, OH",2009,16.432534423816993,13694905.0,16.29069000620466,0.14184441761233302,Pre-COVID (2006-2019)
"Akron, OH",2010,16.509752326634803,14794297.0,16.28787653753907,0.22187578909573347,Pre-COVID (2006-2019)
"Akron, OH",2011,16.512840569281295,14840056.0,16.548447927369743,-0.03560735808844839,Pre-COVID (2006-2019)
"Akron, OH",2012,16.268039924823,11617695.0,16.476737603399588,-0.20869767857658772,Pre-COVID (2006-2019)
"Akron, OH",2013,16.009507376130486,8970997.0,16.211868461798908,-0.20236108566842148,Pre-COVID (2006-2019)
"Akron, OH",2014,15.896194702293563,8009947.0,15.821681556927603,0.07451314536596065,Pre-COVID (2006-2019)
"Akron, OH",2015,15.927244298672916,8262554.0,15.47583470472805,0.45140959394486657,Pre-COVID (2006-2019)
"Akron, OH",2016,15.863755120072492,7754277.0,15.59897726778457,0.2647778522879225,Pre-COVID (2006-2019)
"Akron, OH",2017,15.767035486033334,7039414.0,15.639375814433425,0.12765967159990943,Pre-COVID (2006-2019)
"Akron, OH",2018,15.744149122501968,6880137.0,15.493017314108753,0.2511318083932146,Pre-COVID (2006-2019)
"Akron, OH",2019,15.596905668974992,5938135.0,15.487046376512788,0.10985929246220394,Pre-COVID (2006-2019)
"Albany-Schenectady-Troy, NY",2007,15.56069715301759,5726970.0,15.659433314333503,-0.09873616131591234,Pre-COVID (2006-2019)
"Albany-Schenectady-Troy, NY",2008,15.736501354439932,6827720.0,16.14953142918076,-0.41303007474082953,Pre-COVID (2006-2019)
"Albany-Schenectady-Troy, NY",2009,15.874802579687628,7840417.0,16.268229347038535,-0.3934267673509062,Pre-COVID (2006-2019)
"Albany-Schenectady-Troy, NY",2010,15.89839342149779,8027578.0,16.345179754910745,-0.44678633341295537,Pre-COVID (2006-2019)
"Albany-Schenectady-Troy, NY",2011,15.97554069675443,8671399.0,16.205988540256712,-0.2304478435022812,Pre-COVID (2006-2019)
"Albany-Schenectady-Troy, NY",2012,15.848527853232723,7637095.0,16.098206657356837,-0.24967880412411425,Pre-COVID (2006-2019)
"Albany-Schenectady-Troy, NY",2013,15.858840478252162,7716261.0,16.1684583357381,-0.3096178574859394,Pre-COVID (2006-2019)
"Albany-Schenectady-Troy, NY",2014,15.758949799697987,6982725.0,15.972186061254195,-0.213236261556208,Pre-COVID (2006-2019)
"Albany-Schenectady-Troy, NY",2015,15.689115263181314,6511727.0,16.06388682401145,-0.37477156083013696,Pre-COVID (2006-2019)
"Albany-Schenectady-Troy, NY",2016,15.56775325688512,5767523.0,15.597037980997982,-0.029284724112862648,Pre-COVID (2006-2019)
"Albany-Schenectady-Troy, NY",2017,15.201228002699906,3997693.0,15.260033003376508,-0.05880500067660144,Pre-COVID (2006-2019)
"Albany-Schenectady-Troy, NY",2018,14.893047990396054,2937437.0,15.306288657080785,-0.4132406666847306,Pre-COVID (2006-2019)
"Albany-Schenectady-Troy, NY",2019,14.863710918113767,2852513.0,15.096535258577573,-0.2328243404638055,Pre-COVID (2006-2019)
"Albuquerque, NM",2007,14.806925459773957,2695045.0,14.941628539875534,-0.13470308010157694,Pre-COVID (2006-2019)
"Albuquerque, NM",2008,14.957383146069644,3132629.0,15.084716902827694,-0.12733375675805014,Pre-COVID (2006-2019)
"Albuquerque, NM",2009,15.340917955313088,4597016.0,15.230514587605787,0.11040336770730086,Pre-COVID (2006-2019)
"Albuquerque, NM",2010,15.364729141439692,4707790.0,15.483100803760015,-0.11837166232032281,Pre-COVID (2006-2019)
"Albuquerque, NM",2011,15.354355819947166,4659207.0,15.58488265518363,-0.23052683523646422,Pre-COVID (2006-2019)
"Albuquerque, NM",2012,15.39976214094989,4875641.0,15.48249913038004,-0.08273698943014907,Pre-COVID (2006-2019)
"Albuquerque, NM",2013,15.218620491531476,4067831.0,15.414523933165091,-0.1959034416336145,Pre-COVID (2006-2019)
"Albuquerque, NM",2014,15.206422242819327,4018512.0,15.258610216699255,-0.052187973879927796,Pre-COVID (2006-2019)
"Albuquerque, NM",2015,15.038729658392297,3398109.0,15.34749796705777,-0.30876830866547245,Pre-COVID (2006-2019)
"Albuquerque, NM",2016,15.013733161528524,3314221.0,15.126687592040806,-0.11295443051228204,Pre-COVID (2006-2019)
"Albuquerque, NM",2017,14.718397053113659,2466713.0,15.093802744122064,-0.37540569100840493,Pre-COVID (2006-2019)
"Albuquerque, NM",2018,14.548058243206343,2080374.0,14.686926116670422,-0.13886787346407914,Pre-COVID (2006-2019)
"Albuquerque, NM",2019,14.163323954110387,1415968.0,14.88048584708249,-0.7171618929721024,Pre-COVID (2006-2019)
"Allentown-Bethlehem-Easton, PA-NJ",2006,15.910102377407908,8122125.0,15.86313595423884,0.046966423169067184,Pre-COVID (2006-2019)
"Allentown-Bethlehem-Easton, PA-NJ",2007,16.357951569433496,12710660.0,15.799002419931917,0.5589491495015793,Pre-COVID (2006-2019)
"Allentown-Bethlehem-Easton, PA-NJ",2008,16.38514706739274,13061076.0,16.187131092284147,0.1980159751085928,Pre-COVID (2006-2019)
"Allentown-Bethlehem-Easton, PA-NJ",2009,16.489530026633535,14498127.0,16.480778407022054,0.008751619611480521,Pre-COVID (2006-2019)
"Allentown-Bethlehem-Easton, PA-NJ",2010,16.233763295195573,11226227.0,16.55023862140029,-0.3164753262047171,Pre-COVID (2006-2019)
"Allentown-Bethlehem-Easton, PA-NJ",2011,16.220699711080798,11080526.0,16.389932173739997,-0.169232462659199,Pre-COVID (2006-2019)
"Allentown-Bethlehem-Easton, PA-NJ",2012,16.30455754139616,12049787.0,16.194188885821593,0.11036865557456821,Pre-COVID (2006-2019)
"Allentown-Bethlehem-Easton, PA-NJ",2013,16.295901108844706,11945929.0,16.365739819746395,-0.06983871090168847,Pre-COVID (2006-2019)
"Allentown-Bethlehem-Easton, PA-NJ",2014,16.099270158110745,9813506.0,16.23721054364606,-0.13794038553531607,Pre-COVID (2006-2019)
"Allentown-Bethlehem-Easton, PA-NJ",2015,16.31868597955478,12221240.0,15.493437045942564,0.8252489336122153,Pre-COVID (2006-2019)
"Allentown-Bethlehem-Easton, PA-NJ",2016,16.152785345301293,10352984.0,15.768378974985847,0.3844063703154461,Pre-COVID (2006-2019)
"Allentown-Bethlehem-Easton, PA-NJ",2017,16.230117679389497,11185375.0,15.81649553490199,0.41362214448750834,Pre-COVID (2006-2019)
"Allentown-Bethlehem-Easton, PA-NJ",2018,16.06122409008977,9447154.0,15.517832856037638,0.5433912340521321,Pre-COVID (2006-2019)
"Allentown-Bethlehem-Easton, PA-NJ",2019,16.216069733965185,11029342.0,15.376974302163555,0.8390954318016295,Pre-COVID (2006-2019)
"Atlanta-Sandy Springs-Roswell, GA",2006,18.159372445756194,77004348.0,17.69042997054996,0.46894247520623367,Pre-COVID (2006-2019)
"Atlanta-Sandy Springs-Roswell, GA",2007,18.25494239060773,84726789.0,18.203382072107356,0.05156031850037479,Pre-COVID (2006-2019)
"Atlanta-Sandy Springs-Roswell, GA",2008,18.43752934574163,101699134.0,18.1976193168522,0.23991002888942958,Pre-COVID (2006-2019)
"Atlanta-Sandy Springs-Roswell, GA",2009,18.584118663549354,117755225.0,18.334260718939237,0.2498579446101168,Pre-COVID (2006-2019)
"Atlanta-Sandy Springs-Roswell, GA",2010,18.60430511005494,120156439.0,18.30090325883568,0.30340185121925956,Pre-COVID (2006-2019)
"Atlanta-Sandy Springs-Roswell, GA",2011,18.564342480929625,115449352.0,18.017082634264725,0.5472598466649004,Pre-COVID (2006-2019)
"Atlanta-Sandy Springs-Roswell, GA",2012,18.494288948385858,107638500.0,18.032599197442053,0.4616897509438047,Pre-COVID (2006-2019)
"Atlanta-Sandy Springs-Roswell, GA",2013,18.37642874869944,95671284.0,18.010914324847878,0.3655144238515611,Pre-COVID (2006-2019)
"Atlanta-Sandy Springs-Roswell, GA",2014,18.21172963921932,81143491.0,17.931670570530102,0.28005906868921926,Pre-COVID (2006-2019)
"Atlanta-Sandy Springs-Roswell, GA",2015,18.12747541972242,74586898.0,17.790231846584607,0.33724357313781184,Pre-COVID (2006-2019)
"Atlanta-Sandy Springs-Roswell, GA",2016,18.0110204734429,66387575.0,17.823619824566073,0.18740064887682806,Pre-COVID (2006-2019)
"Atlanta-Sandy Springs-Roswell, GA",2017,17.895370489247753,59137186.0,17.75867565551408,0.13669483373367441,Pre-COVID (2006-2019)
"Atlanta-Sandy Springs-Roswell, GA",2018,17.81543100937362,54593807.0,17.981598600619577,-0.1661675912459586,Pre-COVID (2006-2019)
"Atlanta-Sandy Springs-Roswell, GA",2019,17.87645215109429,58028925.0,17.82708514763169,0.04936700346260281,Pre-COVID (2006-2019)
"Augusta-Richmond County, GA-SC",2007,15.890971437310059,7968218.0,15.938880927220339,-0.0479094899102801,Pre-COVID (2006-2019)
"Augusta-Richmond County, GA-SC",2008,15.956174777883264,8505085.0,15.88690770037083,0.06926707751243377,Pre-COVID (2006-2019)
"Augusta-Richmond County, GA-SC",2009,16.002197026183968,8905655.0,16.157892411367094,-0.15569538518312598,Pre-COVID (2006-2019)
"Augusta-Richmond County, GA-SC",2010,16.02529383258343,9113741.0,16.25586430937886,-0.23057047679543174,Pre-COVID (2006-2019)
"Augusta-Richmond County, GA-SC",2011,15.986205425168192,8764372.0,16.348690057644877,-0.3624846324766846,Pre-COVID (2006-2019)
"Augusta-Richmond County, GA-SC",2012,15.83277279336934,7517715.0,16.287854105423552,-0.45508131205421165,Pre-COVID (2006-2019)
"Augusta-Richmond County, GA-SC",2013,15.749194846253765,6914940.0,16.130444852276725,-0.38125000602295955,Pre-COVID (2006-2019)
"Augusta-Richmond County, GA-SC",2014,15.415487455810474,4952918.0,16.279316347525267,-0.8638288917147925,Pre-COVID (2006-2019)
"Augusta-Richmond County, GA-SC",2015,15.364282122711428,4705686.0,15.726520802865847,-0.3622386801544195,Pre-COVID (2006-2019)
"Augusta-Richmond County, GA-SC",2016,15.785559438022872,7171027.0,15.620914044204499,0.16464539381837362,Pre-COVID (2006-2019)
"Augusta-Richmond County, GA-SC",2017,15.89135150025903,7971247.0,15.58275569098778,0.3085958092712513,Pre-COVID (2006-2019)
"Augusta-Richmond County, GA-SC",2018,15.658672015672463,6316476.0,15.96249416464919,-0.3038221489767263,Pre-COVID (2006-2019)
"Augusta-Richmond County, GA-SC",2019,15.24578089457323,4179829.0,15.843216951960978,-0.597436057387748,Pre-COVID (2006-2019)
"Austin-Round Rock-San Marcos, TX",2006,15.961004786354184,8546264.0,16.80141114826663,-0.8404063619124464,Pre-COVID (2006-2019)
"Austin-Round Rock-San Marcos, TX",2007,16.059304316393412,9429035.0,16.587778169083187,-0.5284738526897748,Pre-COVID (2006-2019)
"Austin-Round Rock-San Marcos, TX",2008,16.252211860044355,11435257.0,16.77674002253449,-0.5245281624901352,Pre-COVID (2006-2019)
"Austin-Round Rock-San Marcos, TX",2009,16.361451000748723,12755218.0,17.090896020971826,-0.7294450202231033,Pre-COVID (2006-2019)
"Austin-Round Rock-San Marcos, TX",2010,16.35065972943817,12618313.0,17.10714077273058,-0.7564810432924105,Pre-COVID (2006-2019)
"Austin-Round Rock-San Marcos, TX",2011,16.283784819932343,11802062.0,17.124237078835456,-0.8404522589031131,Pre-COVID (2006-2019)
"Austin-Round Rock-San Marcos, TX",2012,16.217460236902575,11044689.0,16.97806919484157,-0.7606089579389952,Pre-COVID (2006-2019)
"Austin-Round Rock-San Marcos, TX",2013,16.033675568209336,9190451.0,16.530828804837245,-0.4971532366279092,Pre-COVID (2006-2019)
"Austin-Round Rock-San Marcos, TX",2014,16.0572754350146,9409924.0,16.37492712896768,-0.31765169395308135,Pre-COVID (2006-2019)
"Austin-Round Rock-San Marcos, TX",2015,15.775651115611804,7100325.0,16.392559300461446,-0.6169081848496418,Pre-COVID (2006-2019)
"Austin-Round Rock-San Marcos, TX",2016,15.935449281418416,8330627.0,16.15615414849375,-0.22070486707533554,Pre-COVID (2006-2019)
"Austin-Round Rock-San Marcos, TX",2017,16.04951473032225,9337179.0,16.220554942200632,-0.17104021187838114,Pre-COVID (2006-2019)
"Austin-Round Rock-San Marcos, TX",2018,16.16118627020243,10440325.0,16.346788492323558,-0.18560222212112976,Pre-COVID (2006-2019)
"Austin-Round Rock-San Marcos, TX",2019,16.223508175263675,11111689.0,16.326069753920727,-0.10256157865705262,Pre-COVID (2006-2019)
"Bakersfield-Delano, CA",2007,14.508552232958703,1999789.0,15.612909292634294,-1.104357059675591,Pre-COVID (2006-2019)
"Bakersfield-Delano, CA",2008,15.01436689546866,3316322.0,14.712537787574865,0.3018291078937949,Pre-COVID (2006-2019)
"Bakersfield-Delano, CA",2009,15.499752557350817,5388365.0,15.669725313374181,-0.16997275602336437,Pre-COVID (2006-2019)
"Bakersfield-Delano, CA",2010,15.585613712879473,5871459.0,15.826921665230083,-0.24130795235060987,Pre-COVID (2006-2019)
"Bakersfield-Delano, CA",2011,15.464181298862881,5200063.0,15.703390689168051,-0.2392093903051702,Pre-COVID (2006-2019)
"Bakersfield-Delano, CA",2012,14.747613219785764,2539844.0,15.75201954774108,-1.0044063279553157,Pre-COVID (2006-2019)
"Bakersfield-Delano, CA",2013,14.750777693552948,2547894.0,15.296948755351204,-0.5461710617982565,Pre-COVID (2006-2019)
"Bakersfield-Delano, CA",2014,14.688697109779373,2394529.0,14.981214339832038,-0.29251723005266506,Pre-COVID (2006-2019)
"Bakersfield-Delano, CA",2015,14.940146930145383,3079097.0,15.388707699212013,-0.44856076906662956,Pre-COVID (2006-2019)
"Bakersfield-Delano, CA",2016,14.78919056591653,2647670.0,14.853487748084104,-0.06429718216757507,Pre-COVID (2006-2019)
"Bakersfield-Delano, CA",2017,15.254687175402806,4217222.0,14.809120226384408,0.44556694901839755,Pre-COVID (2006-2019)
"Bakersfield-Delano, CA",2018,14.457832755514406,1900890.0,15.178250431397414,-0.7204176758830076,Pre-COVID (2006-2019)
"Bakersfield-Delano, CA",2019,14.504645199044186,1991991.0,15.21391446407109,-0.7092692650269043,Pre-COVID (2006-2019)
"Baltimore-Columbia-Towson, MD",2006,17.323963847892276,33396573.0,16.89845045759233,0.4255133902999475,Pre-COVID (2006-2019)
"Baltimore-Columbia-Towson, MD",2007,17.3243098415004,33408130.0,17.003007303352387,0.32130253814801435,Pre-COVID (2006-2019)
"Baltimore-Columbia-Towson, MD",2008,17.394888266686483,35851224.0,17.410457070138527,-0.015568803452044477,Pre-COVID (2006-2019)
"Baltimore-Columbia-Towson, MD",2009,17.493471092043954,39565619.0,17.575398464225245,-0.08192737218129054,Pre-COVID (2006-2019)
"Baltimore-Columbia-Towson, MD",2010,17.474275100986798,38813361.0,17.531527158555168,-0.05725205756836971,Pre-COVID (2006-2019)
"Baltimore-Columbia-Towson, MD",2011,17.410707184917,36422861.0,17.403429602760436,0.007277582156564932,Pre-COVID (2006-2019)
"Baltimore-Columbia-Towson, MD",2012,17.47192133851461,38722111.0,17.340818844615324,0.1311024938992844,Pre-COVID (2006-2019)
"Baltimore-Columbia-Towson, MD",2013,17.413474250160686,36523785.0,17.28284438739342,0.13062986276726463,Pre-COVID (2006-2019)
"Baltimore-Columbia-Towson, MD",2014,17.384783868695393,35490793.0,17.287582930199537,0.09720093849585609,Pre-COVID (2006-2019)
"Baltimore-Columbia-Towson, MD",2015,17.328146267905332,33536544.0,17.158188936975904,0.169957330929428,Pre-COVID (2006-2019)
"Baltimore-Columbia-Towson, MD",2016,17.215715113604407,29970230.0,17.29200532289411,-0.0762902092897022,Pre-COVID (2006-2019)
"Baltimore-Columbia-Towson, MD",2017,17.23073996203471,30423928.0,17.135823295360115,0.09491666667459597,Pre-COVID (2006-2019)
"Baltimore-Columbia-Towson, MD",2018,17.082743119752553,26238625.0,16.958826254418483,0.12391686533407054,Pre-COVID (2006-2019)
"Baltimore-Columbia-Towson, MD",2019,17.180871413646575,28943940.0,16.804569571479654,0.37630184216692086,Pre-COVID (2006-2019)
"Baton Rouge, LA",2007,14.97290734508726,3181640.0,15.533192324762389,-0.5602849796751297,Pre-COVID (2006-2019)
"Baton Rouge, LA",2008,15.150186571872668,3798765.0,15.501125693457464,-0.3509391215847959,Pre-COVID (2006-2019)
"Baton Rouge, LA",2009,15.527405775816742,5539450.0,15.75002803168095,-0.22262225586420747,Pre-COVID (2006-2019)
"Baton Rouge, LA",2010,15.576635202913323,5818978.0,15.845550780373966,-0.26891557746064265,Pre-COVID (2006-2019)
"Baton Rouge, LA",2011,15.422106435640805,4985810.0,15.769810085045846,-0.34770364940504095,Pre-COVID (2006-2019)
"Baton Rouge, LA",2012,15.227654423193014,4104746.0,15.859501671289408,-0.6318472480963937,Pre-COVID (2006-2019)
"Baton Rouge, LA",2013,15.07282799624135,3515977.0,15.842223894725889,-0.7693958984845395,Pre-COVID (2006-2019)
"Baton Rouge, LA",2014,15.216468875802825,4059088.0,15.389619104213779,-0.17315022841095384,Pre-COVID (2006-2019)
"Baton Rouge, LA",2015,15.047080241218215,3426604.0,15.324217168908499,-0.2771369276902842,Pre-COVID (2006-2019)
"Baton Rouge, LA",2016,14.540747800442615,2065221.0,15.158361319931862,-0.6176135194892467,Pre-COVID (2006-2019)
"Baton Rouge, LA",2017,14.477848985419476,1939322.0,14.910903380124036,-0.43305439470456086,Pre-COVID (2006-2019)
"Baton Rouge, LA",2018,14.940346319378506,3079711.0,14.737958395332722,0.20238792404578376,Pre-COVID (2006-2019)
"Baton Rouge, LA",2019,14.850109698573316,2813978.0,15.075412706117458,-0.22530300754414156,Pre-COVID (2006-2019)
"Birmingham, AL",2006,16.074215756657836,9570689.0,15.823615129346654,0.25060062731118116,Pre-COVID (2006-2019)
"Birmingham, AL",2007,15.962912454936294,8562583.0,15.89392076241612,0.06899169252017501,Pre-COVID (2006-2019)
"Birmingham, AL",2008,16.144011417629674,10262545.0,16.004593013865478,0.13941840376419634,Pre-COVID (2006-2019)
"Birmingham, AL",2009,16.391125831770758,13139399.0,16.16777883850761,0.22334699326314933,Pre-COVID (2006-2019)
"Birmingham, AL",2010,16.535546113563278,15180862.0,16.202448593416772,0.33309752014650584,Pre-COVID (2006-2019)
"Birmingham, AL",2011,16.59953934244035,16184092.0,16.18078096631293,0.4187583761274212,Pre-COVID (2006-2019)
"Birmingham, AL",2012,16.525917845620747,15035398.0,16.15146756567528,0.3744502799454672,Pre-COVID (2006-2019)
"Birmingham, AL",2013,16.424182609615283,13581004.0,16.067738348984754,0.3564442606305285,Pre-COVID (2006-2019)
"Birmingham, AL",2014,16.407751474281696,13359676.0,16.119156650489586,0.2885948237921099,Pre-COVID (2006-2019)
"Birmingham, AL",2015,16.382791886573976,13030351.0,15.964041577949986,0.41875030862398965,Pre-COVID (2006-2019)
"Birmingham, AL",2016,16.17387050812499,10573596.0,15.740724864325351,0.43314564379963727,Pre-COVID (2006-2019)
"Birmingham, AL",2017,15.961983799290126,8554635.0,15.637167563965221,0.32481623532490467,Pre-COVID (2006-2019)
"Birmingham, AL",2018,15.738121665814536,6838792.0,15.401306279332033,0.33681538648250253,Pre-COVID (2006-2019)
"Birmingham, AL",2019,15.812512302495852,7366935.0,15.635260626038592,0.17725167645726003,Pre-COVID (2006-2019)
"Boise City, ID",2007,14.832350449463643,2764445.0,14.843424773456881,-0.011074323993238266,Pre-COVID (2006-2019)
"Boise City, ID",2008,14.990171434572643,3237045.0,15.009064054106545,-0.018892619533902533,Pre-COVID (2006-2019)
"Boise City, ID",2009,15.4032352350525,4892604.0,15.342321922072838,0.06091331297966285,Pre-COVID (2006-2019)
"Boise City, ID",2010,15.322786168332238,4514415.0,15.565550834646581,-0.24276466631434346,Pre-COVID (2006-2019)
"Boise City, ID",2011,15.347494907993555,4627350.0,15.457257958651892,-0.10976305065833714,Pre-COVID (2006-2019)
"Boise City, ID",2012,15.229182947106963,4111025.0,15.29471047311945,-0.06552752601248635,Pre-COVID (2006-2019)
"Boise City, ID",2013,15.11373571006019,3662790.0,15.407332295371901,-0.29359658531171107,Pre-COVID (2006-2019)
"Boise City, ID",2014,14.960078521238648,3141084.0,15.202758670199708,-0.24268014896106038,Pre-COVID (2006-2019)
"Boise City, ID",2015,15.00174353795233,3274722.0,15.043506358403837,-0.04176282045150792,Pre-COVID (2006-2019)
"Boise City, ID",2016,14.741667656770685,2524788.0,15.20977724873678,-0.46810959196609403,Pre-COVID (2006-2019)
"Boise City, ID",2017,14.637918211240594,2275973.0,14.485418626666121,0.152499584574473,Pre-COVID (2006-2019)
"Boise City, ID",2018,14.376672578437226,1752708.0,14.908366199824414,-0.5316936213871877,Pre-COVID (2006-2019)
"Boise City, ID",2019,14.532956615074143,2049193.0,14.744726984443306,-0.21177036936916238,Pre-COVID (2006-2019)
"Boston-Cambridge-Newton, MA-NH",2006,17.58180625052225,43219669.0,17.295991823818376,0.28581442670387247,Pre-COVID (2006-2019)
"Boston-Cambridge-Newton, MA-NH",2007,17.509151632548626,40190919.0,17.364125873532206,0.1450257590164199,Pre-COVID (2006-2019)
"Boston-Cambridge-Newton, MA-NH",2008,17.598732883281293,43957459.0,17.429133217683944,0.1695996655973495,Pre-COVID (2006-2019)
"Boston-Cambridge-Newton, MA-NH",2009,17.80276026810288,53906427.0,17.435590847337203,0.36716942076567705,Pre-COVID (2006-2019)
"Boston-Cambridge-Newton, MA-NH",2010,17.845443399898127,56257133.0,17.48100659199639,0.36443680790173616,Pre-COVID (2006-2019)
"Boston-Cambridge-Newton, MA-NH",2011,17.82944395019449,55364212.0,17.48421525966721,0.3452286905272821,Pre-COVID (2006-2019)
"Boston-Cambridge-Newton, MA-NH",2012,17.766813813234897,52003096.0,17.44221761848944,0.32459619474545676,Pre-COVID (2006-2019)
"Boston-Cambridge-Newton, MA-NH",2013,17.634213931133157,45545115.0,17.402866698943996,0.23134723218916164,Pre-COVID (2006-2019)
"Boston-Cambridge-Newton, MA-NH",2014,17.533986750493373,41201563.0,17.195549388715726,0.33843736177764683,Pre-COVID (2006-2019)
"Boston-Cambridge-Newton, MA-NH",2015,17.454900248245995,38068596.0,16.996230810810687,0.45866943743530797,Pre-COVID (2006-2019)
"Boston-Cambridge-Newton, MA-NH",2016,17.270911677893626,31670990.0,17.00804864742237,0.26286303047125514,Pre-COVID (2006-2019)
"Boston-Cambridge-Newton, MA-NH",2017,17.202160300661266,29566730.0,16.914042343157018,0.28811795750424807,Pre-COVID (2006-2019)
"Boston-Cambridge-Newton, MA-NH",2018,17.139847449434885,27780571.0,16.838140937638492,0.3017065117963931,Pre-COVID (2006-2019)
"Boston-Cambridge-Newton, MA-NH",2019,17.08092357286534,26190926.0,16.845666700674943,0.23525687219039781,Pre-COVID (2006-2019)
"Bridgeport-Stamford-Danbury, CT",2006,15.811873433943557,7362230.0,15.717018145532393,0.0948552884111642,Pre-COVID (2006-2019)
"Bridgeport-Stamford-Danbury, CT",2007,15.885286664454318,7923049.0,15.729343763506666,0.15594290094765206,Pre-COVID (2006-2019)
"Bridgeport-Stamford-Danbury, CT",2008,16.133976578826047,10160077.0,16.038508655504145,0.0954679233219018,Pre-COVID (2006-2019)
"Bridgeport-Stamford-Danbury, CT",2009,16.22096942724114,11083515.0,16.13724085177751,0.08372857546363122,Pre-COVID (2006-2019)
"Bridgeport-Stamford-Danbury, CT",2010,16.277775985454653,11731358.0,16.14119180817311,0.13658417728154149,Pre-COVID (2006-2019)
"Bridgeport-Stamford-Danbury, CT",2011,16.073027362010514,9559322.0,15.970930220147025,0.10209714186348862,Pre-COVID (2006-2019)
"Bridgeport-Stamford-Danbury, CT",2012,16.062121629566292,9455637.0,15.738402374859906,0.3237192547063863,Pre-COVID (2006-2019)
"Bridgeport-Stamford-Danbury, CT",2013,16.004747093453865,8928394.0,15.880747691204741,0.1239994022491242,Pre-COVID (2006-2019)
"Bridgeport-Stamford-Danbury, CT",2014,15.89288797079515,7983504.0,15.634312323543897,0.25857564725125215,Pre-COVID (2006-2019)
"Bridgeport-Stamford-Danbury, CT",2015,15.877105542993744,7858494.0,15.67431973112024,0.20278581187350397,Pre-COVID (2006-2019)
"Bridgeport-Stamford-Danbury, CT",2016,15.67059969295858,6392268.0,15.595597166951427,0.07500252600715385,Pre-COVID (2006-2019)
"Bridgeport-Stamford-Danbury, CT",2017,15.658580979757307,6315901.0,15.57161929071283,0.0869616890444771,Pre-COVID (2006-2019)
"Bridgeport-Stamford-Danbury, CT",2018,15.586262744590224,5875271.0,15.529990631594734,0.056272112995490176,Pre-COVID (2006-2019)
"Bridgeport-Stamford-Danbury, CT",2019,15.474895869475027,5256079.0,15.534163263117211,-0.05926739364218392,Pre-COVID (2006-2019)
"Buffalo-Cheektowaga, NY",2007,16.217739789218747,11047777.0,16.43153679242062,-0.21379700320187212,Pre-COVID (2006-2019)
"Buffalo-Cheektowaga, NY",2008,16.33237886516029,12389735.0,16.10617789148746,0.22620097367283165,Pre-COVID (2006-2019)
"Buffalo-Cheektowaga, NY",2009,16.519481717744146,14938939.0,16.195123775577112,0.3243579421670333,Pre-COVID (2006-2019)
"Buffalo-Cheektowaga, NY",2010,16.460552657350572,14084038.0,16.504718003604015,-0.04416534625344326,Pre-COVID (2006-2019)
"Buffalo-Cheektowaga, NY",2011,16.53097043945623,15111558.0,16.517494190366694,0.013476249089535486,Pre-COVID (2006-2019)
"Buffalo-Cheektowaga, NY",2012,16.32865077951287,12343631.0,16.609671298903933,-0.2810205193910633,Pre-COVID (2006-2019)
"Buffalo-Cheektowaga, NY",2013,16.447074956986384,13895491.0,16.522086643053257,-0.07501168606687258,Pre-COVID (2006-2019)
"Buffalo-Cheektowaga, NY",2014,16.332441737813447,12390514.0,16.477676256830676,-0.1452345190172295,Pre-COVID (2006-2019)
"Buffalo-Cheektowaga, NY",2015,16.244062705982525,11342448.0,16.292618364526483,-0.04855565854395749,Pre-COVID (2006-2019)
"Buffalo-Cheektowaga, NY",2016,16.064771031668705,9480722.0,15.845187410675106,0.21958362099359974,Pre-COVID (2006-2019)
"Buffalo-Cheektowaga, NY",2017,15.792026533755168,7217553.0,15.616552265566302,0.17547426818886613,Pre-COVID (2006-2019)
"Buffalo-Cheektowaga, NY",2018,15.586772038188226,5878264.0,15.301725118566525,0.2850469196217009,Pre-COVID (2006-2019)
"Buffalo-Cheektowaga, NY",2019,15.565376451789861,5753831.0,15.005859611546512,0.559516840243349,Pre-COVID (2006-2019)
"Cape Coral-Fort Myers, FL",2006,14.021284934733004,1228476.0,15.018561655517995,-0.997276720784992,Pre-COVID (2006-2019)
"Cape Coral-Fort Myers, FL",2007,14.788015257829768,2644560.0,14.445811685525854,0.34220357230391407,Pre-COVID (2006-2019)
"Cape Coral-Fort Myers, FL",2008,15.29567497149356,4393668.0,15.14170445277891,0.15397051871464917,Pre-COVID (2006-2019)
"Cape Coral-Fort Myers, FL",2009,15.630022547638303,6138080.0,15.695292216832051,-0.06526966919374821,Pre-COVID (2006-2019)
"Cape Coral-Fort Myers, FL",2010,15.658176521782481,6313347.0,15.65083655244828,0.007339969334200447,Pre-COVID (2006-2019)
"Cape Coral-Fort Myers, FL",2011,15.533078487444369,5570963.0,15.644948500745034,-0.11187001330066515,Pre-COVID (2006-2019)
"Cape Coral-Fort Myers, FL",2012,15.35754355173243,4674083.0,15.706864572949625,-0.3493210212171949,Pre-COVID (2006-2019)
"Cape Coral-Fort Myers, FL",2013,15.086275934893989,3563579.0,15.447795842313736,-0.3615199074197477,Pre-COVID (2006-2019)
"Cape Coral-Fort Myers, FL",2014,14.861279228306453,2845585.0,15.219637175801209,-0.35835794749475625,Pre-COVID (2006-2019)
"Cape Coral-Fort Myers, FL",2015,14.656781579100448,2319313.0,15.092612946438614,-0.4358313673381655,Pre-COVID (2006-2019)
"Cape Coral-Fort Myers, FL",2016,14.217995228979058,1495536.0,14.660285137718667,-0.4422899087396086,Pre-COVID (2006-2019)
"Cape Coral-Fort Myers, FL",2017,14.203275946115884,1473684.0,14.330385990568912,-0.12711004445302798,Pre-COVID (2006-2019)
"Cape Coral-Fort Myers, FL",2018,14.207723577076651,1480253.0,14.309180599432327,-0.10145702235567633,Pre-COVID (2006-2019)
"Cape Coral-Fort Myers, FL",2019,14.383582491707235,1764861.0,14.50268271321304,-0.11910022150580524,Pre-COVID (2006-2019)
"Charleston-North Charleston, SC",2007,15.725876427494697,6755560.0,15.636424514451004,0.0894519130436926,Pre-COVID (2006-2019)
"Charleston-North Charleston, SC",2008,15.89572654968025,8006198.0,15.344228618737715,0.551497930942535,Pre-COVID (2006-2019)
"Charleston-North Charleston, SC",2009,15.981894182566295,8726668.0,15.777071576620244,0.20482260594605073,Pre-COVID (2006-2019)
"Charleston-North Charleston, SC",2010,16.092336104396267,9745694.0,15.872596943746998,0.21973916064926868,Pre-COVID (2006-2019)
"Charleston-North Charleston, SC",2011,16.02741442101555,9133088.0,16.182186808264348,-0.15477238724879783,Pre-COVID (2006-2019)
"Charleston-North Charleston, SC",2012,15.96634593650553,8592033.0,15.842483711767201,0.12386222473832831,Pre-COVID (2006-2019)
"Charleston-North Charleston, SC",2013,15.855347852951242,7689358.0,15.775330591771093,0.08001726118014929,Pre-COVID (2006-2019)
"Charleston-North Charleston, SC",2014,15.804163643919505,7305687.0,15.833432219054357,-0.029268575134851815,Pre-COVID (2006-2019)
"Charleston-North Charleston, SC",2015,15.763714360298945,7016074.0,15.551374858217686,0.2123395020812584,Pre-COVID (2006-2019)
"Charleston-North Charleston, SC",2016,15.691548673672873,6527592.0,15.810579185882153,-0.11903051220927985,Pre-COVID (2006-2019)
"Charleston-North Charleston, SC",2017,15.896555064209668,8012834.0,15.523054973289202,0.37350009092046577,Pre-COVID (2006-2019)
"Charleston-North Charleston, SC",2018,15.67591059218219,6426307.0,15.492259880159436,0.18365071202275374,Pre-COVID (2006-2019)
"Charleston-North Charleston, SC",2019,15.537759343092135,5597101.0,15.317995822646333,0.21976352044580238,Pre-COVID (2006-2019)
"Charlotte-Concord-Gastonia, NC-SC",2006,17.332200918065247,33672799.0,17.041654058780345,0.29054685928490187,Pre-COVID (2006-2019)
"Charlotte-Concord-Gastonia, NC-SC",2007,17.39752920487898,35946030.0,16.837242136057192,0.5602870688217862,Pre-COVID (2006-2019)
"Charlotte-Concord-Gastonia, NC-SC",2008,17.473663861750936,38789644.0,16.921162854452092,0.5525010072988437,Pre-COVID (2006-2019)
"Charlotte-Concord-Gastonia, NC-SC",2009,17.821857038381797,54945758.0,17.144161235714716,0.6776958026670812,Pre-COVID (2006-2019)
"Charlotte-Concord-Gastonia, NC-SC",2010,17.766316834728134,51977258.0,17.666442422443204,0.09987441228492955,Pre-COVID (2006-2019)
"Charlotte-Concord-Gastonia, NC-SC",2011,17.727606800710504,50003662.0,17.549828232432855,0.17777856827764893,Pre-COVID (2006-2019)
"Charlotte-Concord-Gastonia, NC-SC",2012,17.625407212182065,45145773.0,17.52985081337372,0.09555639880834477,Pre-COVID (2006-2019)
"Charlotte-Concord-Gastonia, NC-SC",2013,17.510857527539073,40259539.0,17.199769938401463,0.31108758913761037,Pre-COVID (2006-2019)
"Charlotte-Concord-Gastonia, NC-SC",2014,17.366691147593595,34854442.0,17.350629818819144,0.016061328774451766,Pre-COVID (2006-2019)
"Charlotte-Concord-Gastonia, NC-SC",2015,17.2954485075762,32457708.0,17.015983571515264,0.27946493606093625,Pre-COVID (2006-2019)
"Charlotte-Concord-Gastonia, NC-SC",2016,17.046899012351293,25314781.0,16.97324669056729,0.07365232178400305,Pre-COVID (2006-2019)
"Charlotte-Concord-Gastonia, NC-SC",2017,17.187529629655184,29137298.0,17.015044195977204,0.17248543367798064,Pre-COVID (2006-2019)
"Charlotte-Concord-Gastonia, NC-SC",2018,17.17150581075272,28674128.0,17.00228597858144,0.16921983217127945,Pre-COVID (2006-2019)
"Charlotte-Concord-Gastonia, NC-SC",2019,17.107699035946695,26901673.0,17.10405584911752,0.0036431868291764147,Pre-COVID (2006-2019)
"Chattanooga, TN-GA",2007,16.147341977199858,10296782.0,15.89730426524629,0.25003771195356705,Pre-COVID (2006-2019)
"Chattanooga, TN-GA",2008,16.117027780988085,9989327.0,16.06852526344251,0.04850251754557533,Pre-COVID (2006-2019)
"Chattanooga, TN-GA",2009,16.3803175976068,12998150.0,16.169490843840535,0.21082675376626625,Pre-COVID (2006-2019)
"Chattanooga, TN-GA",2010,16.38119479917874,13009557.0,16.177867755198612,0.2033270439801278,Pre-COVID (2006-2019)
"Chattanooga, TN-GA",2011,16.31681355004507,12198378.0,16.143189445732276,0.1736241043127933,Pre-COVID (2006-2019)
"Chattanooga, TN-GA",2012,16.201502171587073,10869836.0,16.13332017403855,0.06818199754852472,Pre-COVID (2006-2019)
"Chattanooga, TN-GA",2013,16.1908429192028,10754587.0,16.154774711653584,0.036068207549217135,Pre-COVID (2006-2019)
"Chattanooga, TN-GA",2014,15.950281432011732,8455109.0,16.136067054427382,-0.18578562241565066,Pre-COVID (2006-2019)
"Chattanooga, TN-GA",2015,15.879586018805488,7878011.0,15.933392202448024,-0.05380618364253564,Pre-COVID (2006-2019)
"Chattanooga, TN-GA",2016,15.785916087617455,7173585.0,16.00160599569614,-0.2156899080786836,Pre-COVID (2006-2019)
"Chattanooga, TN-GA",2017,15.739877597390956,6850811.0,15.915498611719384,-0.1756210143284278,Pre-COVID (2006-2019)
"Chattanooga, TN-GA",2018,15.282567752020636,4336455.0,15.335312840907404,-0.05274508888676799,Pre-COVID (2006-2019)
"Chattanooga, TN-GA",2019,14.823321752272038,2739598.0,15.211836204520065,-0.3885144522480264,Pre-COVID (2006-2019)
"Chicago-Naperville-Elgin, IL-IN",2006,18.664732844139323,127641083.0,18.044627870824577,0.6201049733147457,Pre-COVID (2006-2019)
"Chicago-Naperville-Elgin, IL-IN",2007,18.684966752993013,130250067.0,18.06734338851259,0.6176233644804228,Pre-COVID (2006-2019)
"Chicago-Naperville-Elgin, IL-IN",2008,18.796451314340676,145611302.0,18.12554562845769,0.6709056858829854,Pre-COVID (2006-2019)
"Chicago-Naperville-Elgin, IL-IN",2009,18.977873427110584,174576470.0,18.302071108770388,0.675802318340196,Pre-COVID (2006-2019)
"Chicago-Naperville-Elgin, IL-IN",2010,18.999815965026663,178449457.0,18.45465326262422,0.5451627024024432,Pre-COVID (2006-2019)
"Chicago-Naperville-Elgin, IL-IN",2011,18.91038934866767,163184064.0,18.3604126091608,0.5499767395068709,Pre-COVID (2006-2019)
"Chicago-Naperville-Elgin, IL-IN",2012,18.88574749434119,159212046.0,18.20664895146548,0.6790985428757104,Pre-COVID (2006-2019)
"Chicago-Naperville-Elgin, IL-IN",2013,18.81036448544705,147651376.0,18.187915635122568,0.6224488503244814,Pre-COVID (2006-2019)
"Chicago-Naperville-Elgin, IL-IN",2014,18.68478196826209,130226001.0,18.08824005496773,0.5965419132943595,Pre-COVID (2006-2019)
"Chicago-Naperville-Elgin, IL-IN",2015,18.662672004028046,127378306.0,18.0610295645049,0.6016424395231468,Pre-COVID (2006-2019)
"Chicago-Naperville-Elgin, IL-IN",2016,18.625333460634053,122709884.0,17.999365436048745,0.6259680245853083,Pre-COVID (2006-2019)
"Chicago-Naperville-Elgin, IL-IN",2017,18.570787558366202,116195835.0,17.970780698847214,0.600006859518988,Pre-COVID (2006-2019)
"Chicago-Naperville-Elgin, IL-IN",2018,18.51843812691092,110269522.0,17.93227680921061,0.5861613177003093,Pre-COVID (2006-2019)
"Chicago-Naperville-Elgin, IL-IN",2019,18.494508455408155,107662130.0,17.923450192259942,0.5710582631482133,Pre-COVID (2006-2019)
"Cincinnati, OH-KY-IN",2006,16.96537086823203,23332805.0,17.126694839538004,-0.16132397130597553,Pre-COVID (2006-2019)
"Cincinnati, OH-KY-IN",2007,17.01531046901608,24527622.0,17.271634017988525,-0.25632354897244625,Pre-COVID (2006-2019)
"Cincinnati, OH-KY-IN",2008,17.22327641984977,30197703.0,17.244635693486547,-0.02135927363677581,Pre-COVID (2006-2019)
"Cincinnati, OH-KY-IN",2009,17.42829019598131,37068948.0,17.449529675906696,-0.02123947992538433,Pre-COVID (2006-2019)
"Cincinnati, OH-KY-IN",2010,17.421280512853084,36810015.0,17.52223868243118,-0.10095816957809589,Pre-COVID (2006-2019)
"Cincinnati, OH-KY-IN",2011,17.429453296611594,37112088.0,17.50072828125969,-0.07127498464809534,Pre-COVID (2006-2019)
"Cincinnati, OH-KY-IN",2012,17.33642536980144,33815349.0,17.377080489202324,-0.04065511940088484,Pre-COVID (2006-2019)
"Cincinnati, OH-KY-IN",2013,17.203658329297824,29611055.0,17.31175829167924,-0.1080999623814165,Pre-COVID (2006-2019)
"Cincinnati, OH-KY-IN",2014,17.135482880473003,27659585.0,17.274239637282786,-0.1387567568097836,Pre-COVID (2006-2019)
"Cincinnati, OH-KY-IN",2015,17.050412515592345,25403881.0,17.10130336784315,-0.05089085225080581,Pre-COVID (2006-2019)
"Cincinnati, OH-KY-IN",2016,17.109484987005374,26949761.0,16.995802827419713,0.11368215958566097,Pre-COVID (2006-2019)
"Cincinnati, OH-KY-IN",2017,16.723786082638025,18325170.0,17.00360954837903,-0.2798234657410035,Pre-COVID (2006-2019)
"Cincinnati, OH-KY-IN",2018,16.568130792903865,15683673.0,16.898515595145657,-0.3303848022417917,Pre-COVID (2006-2019)
"Cincinnati, OH-KY-IN",2019,16.856831399854414,20932874.0,17.020224260912112,-0.163392861057698,Pre-COVID (2006-2019)
"Cleveland, OH",2006,17.284905508277237,32117304.0,17.16141314418981,0.1234923640874257,Pre-COVID (2006-2019)
"Cleveland, OH",2007,17.31724115258429,33172811.0,17.17476566493563,0.14247548764866025,Pre-COVID (2006-2019)
"Cleveland, OH",2008,17.330763295368318,33624425.0,17.343839092488203,-0.01307579711988538,Pre-COVID (2006-2019)
"Cleveland, OH",2009,17.526179928113283,40881162.0,17.393550176734422,0.13262975137886102,Pre-COVID (2006-2019)
"Cleveland, OH",2010,17.5507824945811,41899418.0,17.398643853497745,0.1521386410833543,Pre-COVID (2006-2019)
"Cleveland, OH",2011,17.531379691705922,41094288.0,17.313861020019285,0.21751867168663708,Pre-COVID (2006-2019)
"Cleveland, OH",2012,17.453059927540227,37998602.0,17.245518307649387,0.20754161989083997,Pre-COVID (2006-2019)
"Cleveland, OH",2013,17.405698155846036,36240874.0,17.16076358952704,0.2449345663189959,Pre-COVID (2006-2019)
"Cleveland, OH",2014,17.34616139542411,34146184.0,17.19777422219337,0.14838717323074135,Pre-COVID (2006-2019)
"Cleveland, OH",2015,17.26185786711906,31385541.0,17.076513464101232,0.18534440301782595,Pre-COVID (2006-2019)
"Cleveland, OH",2016,17.21438033285029,29930253.0,16.929585498968645,0.2847948338816444,Pre-COVID (2006-2019)
"Cleveland, OH",2017,17.091141919972948,26459926.0,16.964021206192886,0.1271207137800623,Pre-COVID (2006-2019)
"Cleveland, OH",2018,17.05863046558008,25613509.0,17.000627546701036,0.058002918879044074,Pre-COVID (2006-2019)
"Cleveland, OH",2019,17.087563216246156,26365403.0,17.018562865815717,0.06900035043043928,Pre-COVID (2006-2019)
"Colorado Springs, CO",2007,15.174158504562994,3890929.0,15.404129795138196,-0.22997129057520205,Pre-COVID (2006-2019)
"Colorado Springs, CO",2008,15.476838966425522,5266302.0,15.355006841937806,0.12183212448771563,Pre-COVID (2006-2019)
"Colorado Springs, CO",2009,15.640781363855146,6204475.0,15.765397667383077,-0.1246163035279313,Pre-COVID (2006-2019)
"Colorado Springs, CO",2010,15.61582102960699,6051526.0,15.74494175034448,-0.12912072073749137,Pre-COVID (2006-2019)
"Colorado Springs, CO",2011,15.630288719233892,6139714.0,15.763706439002341,-0.13341771976844896,Pre-COVID (2006-2019)
"Colorado Springs, CO",2012,15.544138515752213,5632920.0,15.5567587470842,-0.012620231331986531,Pre-COVID (2006-2019)
"Colorado Springs, CO",2013,15.380234537100161,4781355.0,15.6492392235787,-0.2690046864785387,Pre-COVID (2006-2019)
"Colorado Springs, CO",2014,15.25856207187411,4233595.0,15.390995434541201,-0.13243336266709171,Pre-COVID (2006-2019)
"Colorado Springs, CO",2015,15.39596425704901,4857159.0,15.335873287684333,0.06009096936467806,Pre-COVID (2006-2019)
"Colorado Springs, CO",2016,15.284220731792143,4343629.0,15.60370101828955,-0.31948028649740756,Pre-COVID (2006-2019)
"Colorado Springs, CO",2017,15.221431060219343,4079280.0,15.504643715916297,-0.2832126556969534,Pre-COVID (2006-2019)
"Colorado Springs, CO",2018,14.922075804525651,3023954.0,15.630342653579,-0.7082668490533486,Pre-COVID (2006-2019)
"Colorado Springs, CO",2019,14.728012119993151,2490545.0,15.240588205757389,-0.5125760857642376,Pre-COVID (2006-2019)
"Columbia, SC",2007,15.423769375539159,4994108.0,15.818524833632825,-0.3947554580936661,Pre-COVID (2006-2019)
"Columbia, SC",2008,15.688053229862529,6504815.0,15.633565579565898,0.05448765029663072,Pre-COVID (2006-2019)
"Columbia, SC",2009,15.861122010932132,7733886.0,16.01237363822031,-0.15125162728817898,Pre-COVID (2006-2019)
"Columbia, SC",2010,15.898325029913964,8027029.0,16.14236611920249,-0.2440410892885243,Pre-COVID (2006-2019)
"Columbia, SC",2011,16.025449958253393,9115164.0,16.005611600374646,0.019838357878747104,Pre-COVID (2006-2019)
"Columbia, SC",2012,16.17516742771205,10587318.0,16.294494766465906,-0.11932733875385537,Pre-COVID (2006-2019)
"Columbia, SC",2013,16.09457653205482,9767553.0,16.199783238657723,-0.10520670660290321,Pre-COVID (2006-2019)
"Columbia, SC",2014,15.98885333280365,8787610.0,16.165117101075666,-0.1762637682720154,Pre-COVID (2006-2019)
"Columbia, SC",2015,15.905399460422784,8084017.0,15.917031227434883,-0.011631767012099559,Pre-COVID (2006-2019)
"Columbia, SC",2016,15.852975011176296,7671134.0,15.950320921026425,-0.09734590985012836,Pre-COVID (2006-2019)
"Columbia, SC",2017,15.675478835826766,6423533.0,15.986960340132677,-0.31148150430591137,Pre-COVID (2006-2019)
"Columbia, SC",2018,15.244258621644498,4173471.0,15.832099865527294,-0.5878412438827958,Pre-COVID (2006-2019)
"Columbia, SC",2019,15.057671523314204,3463089.0,15.67643122558053,-0.6187597022663258,Pre-COVID (2006-2019)
"Columbus, OH",2006,17.271336455972726,31684446.0,17.226818903405583,0.04451755256714307,Pre-COVID (2006-2019)
"Columbus, OH",2007,17.323720829361974,33388458.0,17.396450831878152,-0.07273000251617745,Pre-COVID (2006-2019)
"Columbus, OH",2008,17.463884295661764,38412147.0,17.470320462749832,-0.006436167088068601,Pre-COVID (2006-2019)
"Columbus, OH",2009,17.55224559680715,41960766.0,17.65645739032916,-0.10421179352200838,Pre-COVID (2006-2019)
"Columbus, OH",2010,17.505490306532195,40044036.0,17.585606642945407,-0.08011633641321225,Pre-COVID (2006-2019)
"Columbus, OH",2011,17.47385221903151,38796951.0,17.556536030609728,-0.08268381157821736,Pre-COVID (2006-2019)
"Columbus, OH",2012,17.369015035382137,34935534.0,17.42056011017206,-0.05154507478992443,Pre-COVID (2006-2019)
"Columbus, OH",2013,17.208262913899464,29747716.0,17.277048090815633,-0.06878517691616892,Pre-COVID (2006-2019)
"Columbus, OH",2014,17.217064875917092,30010710.0,17.079037486087582,0.13802738982951013,Pre-COVID (2006-2019)
"Columbus, OH",2015,17.204739199154368,29643078.0,16.833859306747897,0.3708798924064709,Pre-COVID (2006-2019)
"Columbus, OH",2016,16.981423991013312,23710392.0,16.907727044816504,0.073696946196808,Pre-COVID (2006-2019)
"Columbus, OH",2017,16.973195553250672,23516093.0,16.79518271257246,0.178012840678214,Pre-COVID (2006-2019)
"Columbus, OH",2018,16.78030619049267,19390740.0,16.77458674669523,0.005719443797438828,Pre-COVID (2006-2019)
"Columbus, OH",2019,16.760248439823275,19005680.0,16.700942583006096,0.05930585681717915,Pre-COVID (2006-2019)
"Dallas-Fort Worth-Arlington, TX",2006,18.211650936032854,81137105.0,18.141682432783906,0.06996850324894766,Pre-COVID (2006-2019)
"Dallas-Fort Worth-Arlington, TX",2007,18.289317239758713,87689896.0,18.183500932685355,0.10581630707335776,Pre-COVID (2006-2019)
"Dallas-Fort Worth-Arlington, TX",2008,18.47416903556994,105494464.0,18.133783789605364,0.3403852459645762,Pre-COVID (2006-2019)
"Dallas-Fort Worth-Arlington, TX",2009,18.59710623640337,119294554.0,18.30632402092444,0.2907822154789308,Pre-COVID (2006-2019)
"Dallas-Fort Worth-Arlington, TX",2010,18.56339997878966,115340592.0,18.3261473036635,0.237252675126161,Pre-COVID (2006-2019)
"Dallas-Fort Worth-Arlington, TX",2011,18.500419968656526,108300461.0,18.259861626581174,0.24055834207535298,Pre-COVID (2006-2019)
"Dallas-Fort Worth-Arlington, TX",2012,18.45183896546983,103164872.0,18.209735892413068,0.24210307305676082,Pre-COVID (2006-2019)
"Dallas-Fort Worth-Arlington, TX",2013,18.254340451751464,84675804.0,18.09056051532119,0.16377993643027366,Pre-COVID (2006-2019)
"Dallas-Fort Worth-Arlington, TX",2014,18.32841735197258,91186494.0,18.12126541448807,0.20715193748450744,Pre-COVID (2006-2019)
"Dallas-Fort Worth-Arlington, TX",2015,18.308983750711526,89431520.0,18.12536112436351,0.18362262634801496,Pre-COVID (2006-2019)
"Dallas-Fort Worth-Arlington, TX",2016,18.25262755216604,84530887.0,18.040747370499496,0.21188018166654388,Pre-COVID (2006-2019)
"Dallas-Fort Worth-Arlington, TX",2017,18.262069873914925,85332835.0,17.937264824937017,0.3248050489779075,Pre-COVID (2006-2019)
"Dallas-Fort Worth-Arlington, TX",2018,18.253837359817556,84633215.0,17.953981136244526,0.29985622357303043,Pre-COVID (2006-2019)
"Dallas-Fort Worth-Arlington, TX",2019,18.21397836775549,81326166.0,17.856744309683485,0.3572340580720059,Pre-COVID (2006-2019)
"Dayton-Kettering-Beavercreek, OH",2006,16.358279193471915,12714825.0,16.008285274468204,0.3499939190037118,Pre-COVID (2006-2019)
"Dayton-Kettering-Beavercreek, OH",2007,16.201328464827935,10867948.0,16.14064441694685,0.060684047881085945,Pre-COVID (2006-2019)
"Dayton-Kettering-Beavercreek, OH",2008,16.23776943136311,11271291.0,16.368651714346317,-0.13088228298320814,Pre-COVID (2006-2019)
"Dayton-Kettering-Beavercreek, OH",2009,16.476528618667295,14310851.0,16.428700618898127,0.04782799976916863,Pre-COVID (2006-2019)
"Dayton-Kettering-Beavercreek, OH",2010,16.5151730806358,14874711.0,16.811174874731332,-0.29600179409553107,Pre-COVID (2006-2019)
"Dayton-Kettering-Beavercreek, OH",2011,16.60005218377724,16192394.0,16.619316385656376,-0.019264201879135356,Pre-COVID (2006-2019)
"Dayton-Kettering-Beavercreek, OH",2012,16.503648553766855,14704271.0,16.497477391502265,0.006171162264589469,Pre-COVID (2006-2019)
"Dayton-Kettering-Beavercreek, OH",2013,16.55906322193307,15542103.0,16.38759754026898,0.17146568166408827,Pre-COVID (2006-2019)
"Dayton-Kettering-Beavercreek, OH",2014,16.46913934915289,14205494.0,16.353052050046617,0.11608729910627247,Pre-COVID (2006-2019)
"Dayton-Kettering-Beavercreek, OH",2015,16.344524918390405,12541139.0,16.366242804075533,-0.02171788568512767,Pre-COVID (2006-2019)
"Dayton-Kettering-Beavercreek, OH",2016,16.269864611027202,11638913.0,16.28438393030837,-0.014519319281166787,Pre-COVID (2006-2019)
"Dayton-Kettering-Beavercreek, OH",2017,16.197868845393348,10830414.0,16.166712743228604,0.031156102164743515,Pre-COVID (2006-2019)
"Dayton-Kettering-Beavercreek, OH",2018,16.185498472318645,10697263.0,15.951342905561692,0.2341555667569537,Pre-COVID (2006-2019)
"Dayton-Kettering-Beavercreek, OH",2019,16.134356129894616,10163934.0,15.95748773651944,0.17686839337517668,Pre-COVID (2006-2019)
"Deltona-Daytona Beach-Ormond Beach, FL",2007,14.020780116969634,1227856.0,15.302730681997224,-1.2819505650275893,Pre-COVID (2006-2019)
"Deltona-Daytona Beach-Ormond Beach, FL",2008,14.365234150499488,1732774.0,15.160141857383975,-0.7949077068844872,Pre-COVID (2006-2019)
"Deltona-Daytona Beach-Ormond Beach, FL",2009,14.662618828951972,2332891.0,15.55755928692645,-0.894940457974478,Pre-COVID (2006-2019)
"Deltona-Daytona Beach-Ormond Beach, FL",2010,14.95165591857128,3114739.0,15.628650822467208,-0.6769949038959275,Pre-COVID (2006-2019)
"Deltona-Daytona Beach-Ormond Beach, FL",2011,14.8141850090511,2714681.0,15.612287757006593,-0.7981027479554932,Pre-COVID (2006-2019)
"Deltona-Daytona Beach-Ormond Beach, FL",2012,14.777685903648331,2617384.0,15.479151690687296,-0.7014657870389645,Pre-COVID (2006-2019)
"Deltona-Daytona Beach-Ormond Beach, FL",2013,14.730460791772227,2496651.0,15.386451478243506,-0.655990686471279,Pre-COVID (2006-2019)
"Deltona-Daytona Beach-Ormond Beach, FL",2014,14.624823467044191,2246364.0,15.481475666432031,-0.85665219938784,Pre-COVID (2006-2019)
"Deltona-Daytona Beach-Ormond Beach, FL",2015,14.553060673816065,2090807.0,15.218657590216004,-0.6655969163999398,Pre-COVID (2006-2019)
"Deltona-Daytona Beach-Ormond Beach, FL",2016,14.204900483215765,1476080.0,14.846231708144016,-0.6413312249282512,Pre-COVID (2006-2019)
"Deltona-Daytona Beach-Ormond Beach, FL",2017,14.149001211223013,1395832.0,14.688348601363964,-0.5393473901409518,Pre-COVID (2006-2019)
"Deltona-Daytona Beach-Ormond Beach, FL",2018,14.30969630366574,1639163.0,14.409816784238705,-0.10012048057296496,Pre-COVID (2006-2019)
"Deltona-Daytona Beach-Ormond Beach, FL",2019,14.3341132616944,1679679.0,14.787346394304796,-0.45323313261039644,Pre-COVID (2006-2019)
"Denver-Aurora-Centennial, CO",2006,16.872349172583466,21260239.0,16.906671504549937,-0.03432233196647161,Pre-COVID (2006-2019)
"Denver-Aurora-Centennial, CO",2007,16.873414961208848,21282910.0,17.071293944253917,-0.19787898304506868,Pre-COVID (2006-2019)
"Denver-Aurora-Centennial, CO",2008,17.006350916125967,24308847.0,17.2495429491638,-0.24319203303783254,Pre-COVID (2006-2019)
"Denver-Aurora-Centennial, CO",2009,17.13416619529365,27623190.0,17.32022371793064,-0.18605752263699316,Pre-COVID (2006-2019)
"Denver-Aurora-Centennial, CO",2010,17.156028983000553,28233760.0,17.294026303034038,-0.13799732003348453,Pre-COVID (2006-2019)
"Denver-Aurora-Centennial, CO",2011,17.124655185313003,27361711.0,17.17586005548829,-0.05120487017528674,Pre-COVID (2006-2019)
"Denver-Aurora-Centennial, CO",2012,17.002024293851655,24203899.0,17.04006719625994,-0.038042902408285784,Pre-COVID (2006-2019)
"Denver-Aurora-Centennial, CO",2013,16.71578479078305,18179130.0,17.017354359750048,-0.3015695689669968,Pre-COVID (2006-2019)
"Denver-Aurora-Centennial, CO",2014,16.523563492396082,15000041.0,16.652716154434707,-0.1291526620386243,Pre-COVID (2006-2019)
"Denver-Aurora-Centennial, CO",2015,16.444481981107835,13859507.0,16.49436547082106,-0.049883489713224094,Pre-COVID (2006-2019)
"Denver-Aurora-Centennial, CO",2016,16.535217817449755,15175879.0,16.325583859126372,0.2096339583233835,Pre-COVID (2006-2019)
"Denver-Aurora-Centennial, CO",2017,16.486737425899964,14457696.0,16.45483950521654,0.031897920683423564,Pre-COVID (2006-2019)
"Denver-Aurora-Centennial, CO",2018,16.710494275517213,18083207.0,16.523730842244024,0.1867634332731889,Pre-COVID (2006-2019)
"Denver-Aurora-Centennial, CO",2019,16.7901283310927,19582137.0,16.64557491598604,0.1445534151066603,Pre-COVID (2006-2019)
"Des Moines-West Des Moines, IA",2007,15.599855776101938,5955679.0,15.875682195275393,-0.2758264191734554,Pre-COVID (2006-2019)
"Des Moines-West Des Moines, IA",2008,15.558663296198004,5715334.0,15.890355983343971,-0.3316926871459671,Pre-COVID (2006-2019)
"Des Moines-West Des Moines, IA",2009,15.872937931192537,7825811.0,16.50835081753209,-0.6354128863395534,Pre-COVID (2006-2019)
"Des Moines-West Des Moines, IA",2010,15.912892945881385,8144822.0,16.46278333847897,-0.549890392597586,Pre-COVID (2006-2019)
"Des Moines-West Des Moines, IA",2011,15.864441344439088,7759600.0,16.470067660878573,-0.6056263164394853,Pre-COVID (2006-2019)
"Des Moines-West Des Moines, IA",2012,15.79791352702911,7260168.0,16.356170084576352,-0.5582565575472422,Pre-COVID (2006-2019)
"Des Moines-West Des Moines, IA",2013,15.60247454723629,5971296.0,16.162557045902272,-0.5600824986659827,Pre-COVID (2006-2019)
"Des Moines-West Des Moines, IA",2014,15.501870436697017,5399789.0,15.709692127491206,-0.207821690794189,Pre-COVID (2006-2019)
"Des Moines-West Des Moines, IA",2015,15.446752622718055,5110218.0,15.942781927167417,-0.4960293044493618,Pre-COVID (2006-2019)
"Des Moines-West Des Moines, IA",2016,15.309326822260225,4454061.0,15.518708679861584,-0.2093818576013593,Pre-COVID (2006-2019)
"Des Moines-West Des Moines, IA",2017,15.509090701990658,5438918.0,15.280202536622312,0.2288881653683461,Pre-COVID (2006-2019)
"Des Moines-West Des Moines, IA",2018,15.543418025901627,5628863.0,15.472485298490398,0.07093272741122902,Pre-COVID (2006-2019)
"Des Moines-West Des Moines, IA",2019,15.36169893149948,4693546.0,15.276596704272178,0.08510222722730276,Pre-COVID (2006-2019)
"Detroit-Warren-Dearborn, MI",2006,18.27928666987459,86814713.0,17.57505642369879,0.7042302461758005,Pre-COVID (2006-2019)
"Detroit-Warren-Dearborn, MI",2007,18.32621656918484,90986033.0,17.663454471548757,0.6627620976360831,Pre-COVID (2006-2019)
"Detroit-Warren-Dearborn, MI",2008,18.378692444562923,95888100.0,18.045655416296842,0.33303702826608017,Pre-COVID (2006-2019)
"Detroit-Warren-Dearborn, MI",2009,18.538437823716343,112497080.0,18.02240368462638,0.5160341390899639,Pre-COVID (2006-2019)
"Detroit-Warren-Dearborn, MI",2010,18.522365688968872,110703464.0,17.992463293375828,0.5299023955930444,Pre-COVID (2006-2019)
"Detroit-Warren-Dearborn, MI",2011,18.464114875869242,104439120.0,18.033389176797456,0.43072569907178604,Pre-COVID (2006-2019)
"Detroit-Warren-Dearborn, MI",2012,18.262474981713925,85367411.0,17.97170135167666,0.29077363003726475,Pre-COVID (2006-2019)
"Detroit-Warren-Dearborn, MI",2013,17.997303110180006,65483130.0,17.85205886898802,0.14524424119198542,Pre-COVID (2006-2019)
"Detroit-Warren-Dearborn, MI",2014,17.840421937490955,55975348.0,17.547414583086944,0.29300735440401127,Pre-COVID (2006-2019)
"Detroit-Warren-Dearborn, MI",2015,17.71548638669375,49401255.0,17.656304984919277,0.05918140177447384,Pre-COVID (2006-2019)
"Detroit-Warren-Dearborn, MI",2016,17.595553948994183,43817943.0,17.586692225598565,0.008861723395618526,Pre-COVID (2006-2019)
"Detroit-Warren-Dearborn, MI",2017,17.437753291258414,37421400.0,17.580929860988523,-0.14317656973010884,Pre-COVID (2006-2019)
"Detroit-Warren-Dearborn, MI",2018,17.444991750474596,37693256.0,17.547799528210884,-0.10280777773628813,Pre-COVID (2006-2019)
"Detroit-Warren-Dearborn, MI",2019,17.491153317291793,39474021.0,17.297246497611663,0.19390681968013013,Pre-COVID (2006-2019)
"Durham-Chapel Hill, NC",2006,15.363093917526736,4700098.0,15.846362171244499,-0.48326825371776216,Pre-COVID (2006-2019)
"Durham-Chapel Hill, NC",2007,15.381868094319804,4789172.0,15.636664961059461,-0.25479686673965674,Pre-COVID (2006-2019)
"Durham-Chapel Hill, NC",2008,15.344887645894062,4615301.0,15.918874577672025,-0.5739869317779629,Pre-COVID (2006-2019)
"Durham-Chapel Hill, NC",2009,15.661061315659808,6331586.0,15.963925002091605,-0.30286368643179706,Pre-COVID (2006-2019)
"Durham-Chapel Hill, NC",2010,15.782134543688242,7146509.0,16.001710685776327,-0.2195761420880853,Pre-COVID (2006-2019)
"Durham-Chapel Hill, NC",2011,15.741862398446587,6864422.0,16.173317995447324,-0.43145559700073655,Pre-COVID (2006-2019)
"Durham-Chapel Hill, NC",2012,15.675694114730131,6424916.0,16.349120094511342,-0.6734259797812108,Pre-COVID (2006-2019)
"Durham-Chapel Hill, NC",2013,15.646222274824787,6238325.0,16.250019267428137,-0.6037969926033497,Pre-COVID (2006-2019)
"Durham-Chapel Hill, NC",2014,15.427264586130374,5011594.0,15.788773214481486,-0.3615086283511122,Pre-COVID (2006-2019)
"Durham-Chapel Hill, NC",2015,15.502428080757943,5402801.0,15.921337608881156,-0.4189095281232138,Pre-COVID (2006-2019)
"Durham-Chapel Hill, NC",2016,15.399743886773196,4875552.0,15.804823757653244,-0.4050798708800478,Pre-COVID (2006-2019)
"Durham-Chapel Hill, NC",2017,15.455596582039568,5155613.0,15.617310624505595,-0.16171404246602705,Pre-COVID (2006-2019)
"Durham-Chapel Hill, NC",2018,15.076499599356854,3528910.0,15.671243579356211,-0.5947439799993575,Pre-COVID (2006-2019)
"Durham-Chapel Hill, NC",2019,14.85491975562876,2827546.0,15.714442360474358,-0.8595226048455977,Pre-COVID (2006-2019)
"El Paso, TX",2007,15.739304216233384,6846884.0,14.962612366637076,0.7766918495963075,Pre-COVID (2006-2019)
"El Paso, TX",2008,15.87358289590758,7830860.0,15.445891051132765,0.4276918447748148,Pre-COVID (2006-2019)
"El Paso, TX",2009,16.15011336933376,10325358.0,15.755378276931507,0.3947350924022519,Pre-COVID (2006-2019)
"El Paso, TX",2010,16.131943722276823,10139444.0,16.09346275616879,0.03848096610803253,Pre-COVID (2006-2019)
"El Paso, TX",2011,16.131013751840086,10130019.0,16.008488947926256,0.12252480391383003,Pre-COVID (2006-2019)
"El Paso, TX",2012,16.024925090535053,9110381.0,15.72288535335286,0.30203973718219324,Pre-COVID (2006-2019)
"El Paso, TX",2013,16.10623033569237,9882048.0,15.806279798440515,0.2999505372518545,Pre-COVID (2006-2019)
"El Paso, TX",2014,16.082293950314895,9648316.0,15.592286770020165,0.49000718029473056,Pre-COVID (2006-2019)
"El Paso, TX",2015,15.929947673492572,8284921.0,15.428105501160895,0.5018421723316777,Pre-COVID (2006-2019)
"El Paso, TX",2016,15.650595126330703,6265664.0,15.61915437461107,0.03144075171963401,Pre-COVID (2006-2019)
"El Paso, TX",2017,15.616339111776233,6054662.0,15.818407422640155,-0.20206831086392185,Pre-COVID (2006-2019)
"El Paso, TX",2018,15.352689771898998,4651451.0,15.387340219605822,-0.034650447706823684,Pre-COVID (2006-2019)
"El Paso, TX",2019,15.273911604284105,4299080.0,15.357095403108588,-0.08318379882448212,Pre-COVID (2006-2019)
"Fresno, CA",2007,15.52619354925128,5532739.0,15.525065837070745,0.0011277121805353119,Pre-COVID (2006-2019)
"Fresno, CA",2008,15.610881996171463,6021711.0,15.18958880997099,0.4212931862004723,Pre-COVID (2006-2019)
"Fresno, CA",2009,15.981763310768557,8725526.0,15.920202128132738,0.06156118263581867,Pre-COVID (2006-2019)
"Fresno, CA",2010,16.06412678040701,9474616.0,16.120886544110327,-0.05675976370331881,Pre-COVID (2006-2019)
"Fresno, CA",2011,16.072127730509877,9550726.0,16.32777357309058,-0.2556458425807051,Pre-COVID (2006-2019)
"Fresno, CA",2012,15.978546760885907,8697505.0,16.12252556272393,-0.14397880183802236,Pre-COVID (2006-2019)
"Fresno, CA",2013,15.902091925319063,8057323.0,15.794293892547906,0.10779803277115718,Pre-COVID (2006-2019)
"Fresno, CA",2014,15.647181687484085,6244313.0,15.749015521459564,-0.10183383397547807,Pre-COVID (2006-2019)
"Fresno, CA",2015,15.50376149924979,5410010.0,15.551109593603524,-0.04734809435373322,Pre-COVID (2006-2019)
"Fresno, CA",2016,15.296128703469536,4395662.0,15.281758648327775,0.014370055141760929,Pre-COVID (2006-2019)
"Fresno, CA",2017,15.163164917285402,3848388.0,15.038770227685323,0.12439468960007893,Pre-COVID (2006-2019)
"Fresno, CA",2018,14.945268415184103,3094907.0,15.044360563647913,-0.09909214846381076,Pre-COVID (2006-2019)
"Fresno, CA",2019,15.099623788266081,3611464.0,14.89926575832631,0.20035802993977114,Pre-COVID (2006-2019)
"Grand Rapids-Wyoming-Kentwood, MI",2006,16.461805064495028,14101688.0,16.346412855964683,0.11539220853034493,Pre-COVID (2006-2019)
"Grand Rapids-Wyoming-Kentwood, MI",2007,16.67923547695753,17526691.0,16.325510317513803,0.3537251594437265,Pre-COVID (2006-2019)
"Grand Rapids-Wyoming-Kentwood, MI",2008,16.65860107935351,17168744.0,16.569928211331234,0.08867286802227525,Pre-COVID (2006-2019)
"Grand Rapids-Wyoming-Kentwood, MI",2009,16.949048034640274,22955039.0,16.491554509894378,0.457493524745896,Pre-COVID (2006-2019)
"Grand Rapids-Wyoming-Kentwood, MI",2010,16.90443563489879,21953467.0,16.525217135942125,0.37921849895666426,Pre-COVID (2006-2019)
"Grand Rapids-Wyoming-Kentwood, MI",2011,16.857299262441643,20942670.0,16.56090641431358,0.29639284812806466,Pre-COVID (2006-2019)
"Grand Rapids-Wyoming-Kentwood, MI",2012,16.683402414529017,17599876.0,16.45718151287804,0.22622090165097575,Pre-COVID (2006-2019)
"Grand Rapids-Wyoming-Kentwood, MI",2013,16.623105777452476,16570023.0,16.311287755590158,0.3118180218623188,Pre-COVID (2006-2019)
"Grand Rapids-Wyoming-Kentwood, MI",2014,16.36447279979836,12793820.0,16.21123413308804,0.15323866671031894,Pre-COVID (2006-2019)
"Grand Rapids-Wyoming-Kentwood, MI",2015,16.199653241386578,10849757.0,16.23461976778873,-0.03496652640215103,Pre-COVID (2006-2019)
"Grand Rapids-Wyoming-Kentwood, MI",2016,15.799339199024462,7270526.0,15.895586570784834,-0.09624737176037179,Pre-COVID (2006-2019)
"Grand Rapids-Wyoming-Kentwood, MI",2017,15.446946529107663,5111209.0,15.862998766977144,-0.4160522378694811,Pre-COVID (2006-2019)
"Grand Rapids-Wyoming-Kentwood, MI",2018,15.285407743553256,4348788.0,15.869244941826283,-0.5838371982730273,Pre-COVID (2006-2019)
"Grand Rapids-Wyoming-Kentwood, MI",2019,15.771729248106677,7072533.0,15.895667619932063,-0.12393837182538547,Pre-COVID (2006-2019)
"Greensboro-High Point, NC",2006,16.139431709790315,10215653.0,16.17743754518628,-0.03800583539596403,Pre-COVID (2006-2019)
"Greensboro-High Point, NC",2007,16.395459018215437,13196458.0,15.715121395140745,0.680337623074692,Pre-COVID (2006-2019)
"Greensboro-High Point, NC",2008,16.7054916840182,17992970.0,16.265462678595625,0.4400290054225735,Pre-COVID (2006-2019)
"Greensboro-High Point, NC",2009,17.006367370905128,24309247.0,16.372468041337246,0.6338993295678819,Pre-COVID (2006-2019)
"Greensboro-High Point, NC",2010,16.945973529688306,22884572.0,16.735634374755914,0.21033915493239164,Pre-COVID (2006-2019)
"Greensboro-High Point, NC",2011,16.99480861394238,24029880.0,16.488894715091345,0.5059138988510341,Pre-COVID (2006-2019)
"Greensboro-High Point, NC",2012,16.924915743286828,22407712.0,16.443284491087834,0.4816312521989943,Pre-COVID (2006-2019)
"Greensboro-High Point, NC",2013,16.878747963536135,21396715.0,16.40972561177601,0.46902235176012397,Pre-COVID (2006-2019)
"Greensboro-High Point, NC",2014,16.65134575607301,17044630.0,16.37064152153397,0.2807042345390407,Pre-COVID (2006-2019)
"Greensboro-High Point, NC",2015,16.550384173057008,15407796.0,16.317988808409382,0.23239536464762622,Pre-COVID (2006-2019)
"Greensboro-High Point, NC",2016,16.442672416166467,13834450.0,16.191115657539978,0.25155675862648863,Pre-COVID (2006-2019)
"Greensboro-High Point, NC",2017,16.056917557254575,9406557.0,16.1359011417905,-0.07898358453592635,Pre-COVID (2006-2019)
"Greensboro-High Point, NC",2018,15.97773159735057,8690418.0,15.826230264388249,0.1515013329623205,Pre-COVID (2006-2019)
"Greensboro-High Point, NC",2019,15.91076516155009,8127510.0,15.775456689686813,0.13530847186327755,Pre-COVID (2006-2019)
"Greenville-Anderson-Greer, SC",2006,16.557293105316624,15514616.0,15.928342147583615,0.628950957733009,Pre-COVID (2006-2019)
"Greenville-Anderson-Greer, SC",2007,16.34583168068179,12557538.0,16.020779582908723,0.3250520977730673,Pre-COVID (2006-2019)
"Greenville-Anderson-Greer, SC",2008,16.373314679689003,12907443.0,15.969166312135863,0.4041483675531392,Pre-COVID (2006-2019)
"Greenville-Anderson-Greer, SC",2009,16.736083037162693,18551905.0,16.197144133144384,0.538938904018309,Pre-COVID (2006-2019)
"Greenville-Anderson-Greer, SC",2010,16.694722610675512,17800242.0,16.21715679855726,0.4775658121182538,Pre-COVID (2006-2019)
"Greenville-Anderson-Greer, SC",2011,16.62942882589842,16675128.0,16.155670277337798,0.47375854856062105,Pre-COVID (2006-2019)
"Greenville-Anderson-Greer, SC",2012,16.54896219355398,15385902.0,16.274738829380055,0.274223364173924,Pre-COVID (2006-2019)
"Greenville-Anderson-Greer, SC",2013,16.4278444034506,13630826.0,16.23492521506105,0.19291918838954913,Pre-COVID (2006-2019)
"Greenville-Anderson-Greer, SC",2014,16.4637857720415,14129647.0,16.178688465810502,0.28509730623099827,Pre-COVID (2006-2019)
"Greenville-Anderson-Greer, SC",2015,16.3989035503284,13241992.0,16.260111659814193,0.13879189051420582,Pre-COVID (2006-2019)
"Greenville-Anderson-Greer, SC",2016,16.167379502767762,10505185.0,15.763169521739306,0.4042099810284565,Pre-COVID (2006-2019)
"Greenville-Anderson-Greer, SC",2017,16.252894602390636,11443067.0,15.636872351783696,0.6160222506069406,Pre-COVID (2006-2019)
"Greenville-Anderson-Greer, SC",2018,15.963450465549995,8567191.0,15.663639317585972,0.2998111479640233,Pre-COVID (2006-2019)
"Greenville-Anderson-Greer, SC",2019,16.009857777451685,8974141.0,15.342426790117349,0.6674309873343365,Pre-COVID (2006-2019)
"Harrisburg-Carlisle, PA",2006,16.09844758571681,9805437.0,15.668591836827643,0.42985574888916567,Pre-COVID (2006-2019)
"Harrisburg-Carlisle, PA",2007,16.19082850664405,10754432.0,15.738310058239716,0.45251844840433364,Pre-COVID (2006-2019)
"Harrisburg-Carlisle, PA",2008,16.459991439212686,14076136.0,16.030783047511935,0.429208391700751,Pre-COVID (2006-2019)
"Harrisburg-Carlisle, PA",2009,16.576774205448366,15819821.0,16.330114200431293,0.2466600050170733,Pre-COVID (2006-2019)
"Harrisburg-Carlisle, PA",2010,16.622619480060816,16561967.0,16.32452603673922,0.2980934433215978,Pre-COVID (2006-2019)
"Harrisburg-Carlisle, PA",2011,16.65597793952044,17123767.0,16.07601491316488,0.5799630263555606,Pre-COVID (2006-2019)
"Harrisburg-Carlisle, PA",2012,16.64449473639916,16928256.0,16.100162429066717,0.5443323073324429,Pre-COVID (2006-2019)
"Harrisburg-Carlisle, PA",2013,16.489689000050447,14500432.0,15.97651004006091,0.5131789599895367,Pre-COVID (2006-2019)
"Harrisburg-Carlisle, PA",2014,16.130862111802443,10128483.0,16.06080560604235,0.07005650576009259,Pre-COVID (2006-2019)
"Harrisburg-Carlisle, PA",2015,16.318429344187052,12218104.0,15.799938162246248,0.5184911819408047,Pre-COVID (2006-2019)
"Harrisburg-Carlisle, PA",2016,16.22404287446943,11117632.0,15.78388891677369,0.4401539576957383,Pre-COVID (2006-2019)
"Harrisburg-Carlisle, PA",2017,16.110843316238174,9927739.0,15.65361595645118,0.45722735978699447,Pre-COVID (2006-2019)
"Harrisburg-Carlisle, PA",2018,16.437958715772144,13769392.0,15.829940100140409,0.6080186156317353,Pre-COVID (2006-2019)
"Harrisburg-Carlisle, PA",2019,16.236686449175554,11259091.0,15.761700673647033,0.4749857755285216,Pre-COVID (2006-2019)
"Hartford-West Hartford-East Hartford, CT",2006,16.365129073239846,12802219.0,16.327284982357593,0.0378440908822526,Pre-COVID (2006-2019)
"Hartford-West Hartford-East Hartford, CT",2007,16.35425090175718,12663709.0,16.369627409135887,-0.015376507378707771,Pre-COVID (2006-2019)
"Hartford-West Hartford-East Hartford, CT",2008,16.351704964624492,12631509.0,16.55506648354979,-0.2033615189252984,Pre-COVID (2006-2019)
"Hartford-West Hartford-East Hartford, CT",2009,16.519043973732366,14932401.0,16.712633379146457,-0.19358940541409098,Pre-COVID (2006-2019)
"Hartford-West Hartford-East Hartford, CT",2010,16.61569292463188,16447646.0,16.626799011488405,-0.011106086856525366,Pre-COVID (2006-2019)
"Hartford-West Hartford-East Hartford, CT",2011,16.64023467617452,16856294.0,16.459868155982782,0.18036652019173616,Pre-COVID (2006-2019)
"Hartford-West Hartford-East Hartford, CT",2012,16.534884799413913,15170826.0,16.53076241158553,0.004122387828381591,Pre-COVID (2006-2019)
"Hartford-West Hartford-East Hartford, CT",2013,16.563099883060115,15604968.0,16.391257155943368,0.17184272711674708,Pre-COVID (2006-2019)
"Hartford-West Hartford-East Hartford, CT",2014,16.508227266294842,14771752.0,16.432804849874174,0.07542241642066827,Pre-COVID (2006-2019)
"Hartford-West Hartford-East Hartford, CT",2015,16.45128034667685,13954050.0,16.48411864726596,-0.03283830058910908,Pre-COVID (2006-2019)
"Hartford-West Hartford-East Hartford, CT",2016,16.20261353009781,10881923.0,16.331956261392765,-0.12934273129495466,Pre-COVID (2006-2019)
"Hartford-West Hartford-East Hartford, CT",2017,16.10045801836889,9825170.0,16.185120200861512,-0.0846621824926217,Pre-COVID (2006-2019)
"Hartford-West Hartford-East Hartford, CT",2018,15.959067328080966,8529722.0,16.06949498370209,-0.11042765562112322,Pre-COVID (2006-2019)
"Hartford-West Hartford-East Hartford, CT",2019,16.161194699023287,10440413.0,15.931182843198894,0.23001185582439376,Pre-COVID (2006-2019)
"Houston-Pasadena-The Woodlands, TX",2006,17.426019630287925,36984876.0,17.900709299450824,-0.474689669162899,Pre-COVID (2006-2019)
"Houston-Pasadena-The Woodlands, TX",2007,17.486984714888514,39309812.0,17.910364877674603,-0.4233801627860885,Pre-COVID (2006-2019)
"Houston-Pasadena-The Woodlands, TX",2008,17.619036823810468,44859091.0,18.072409886414228,-0.45337306260375954,Pre-COVID (2006-2019)
"Houston-Pasadena-The Woodlands, TX",2009,17.81996383660746,54841833.0,18.062504390199052,-0.2425405535915921,Pre-COVID (2006-2019)
"Houston-Pasadena-The Woodlands, TX",2010,17.814602990363785,54548621.0,18.08018155787954,-0.2655785675157567,Pre-COVID (2006-2019)
"Houston-Pasadena-The Woodlands, TX",2011,17.77200095018902,52273544.0,17.998838335185546,-0.22683738499652506,Pre-COVID (2006-2019)
"Houston-Pasadena-The Woodlands, TX",2012,17.7207611825028,49662525.0,17.975403059107403,-0.2546418766046017,Pre-COVID (2006-2019)
"Houston-Pasadena-The Woodlands, TX",2013,17.729832578630493,50115083.0,17.995951136059233,-0.26611855742874013,Pre-COVID (2006-2019)
"Houston-Pasadena-The Woodlands, TX",2014,17.71013559259098,49137625.0,18.106713079071685,-0.39657748648070523,Pre-COVID (2006-2019)
"Houston-Pasadena-The Woodlands, TX",2015,17.75178457605287,51227373.0,17.911898928872287,-0.16011435281941644,Pre-COVID (2006-2019)
"Houston-Pasadena-The Woodlands, TX",2016,17.851548606355312,56601645.0,17.906727571199223,-0.05517896484391116,Pre-COVID (2006-2019)
"Houston-Pasadena-The Woodlands, TX",2017,17.76981019860971,52159151.0,17.942430052552933,-0.1726198539432211,Pre-COVID (2006-2019)
"Houston-Pasadena-The Woodlands, TX",2018,17.753602594138222,51320590.0,17.801969646362867,-0.04836705222464488,Pre-COVID (2006-2019)
"Houston-Pasadena-The Woodlands, TX",2019,17.908337018452826,59908983.0,17.76547974512219,0.14285727333063747,Pre-COVID (2006-2019)
"Indianapolis-Carmel-Greenwood, IN",2006,17.212110320085937,29862388.0,16.54657749826953,0.6655328218164058,Pre-COVID (2006-2019)
"Indianapolis-Carmel-Greenwood, IN",2007,17.18726546595179,29129602.0,16.62267611097735,0.5645893549744407,Pre-COVID (2006-2019)
"Indianapolis-Carmel-Greenwood, IN",2008,17.279814811442993,31954220.0,16.69399625095697,0.5858185604860218,Pre-COVID (2006-2019)
"Indianapolis-Carmel-Greenwood, IN",2009,17.435637718792858,37342316.0,16.78637910705738,0.6492586117354797,Pre-COVID (2006-2019)
"Indianapolis-Carmel-Greenwood, IN",2010,17.48649095035093,39290407.0,16.79286475900434,0.693626191346592,Pre-COVID (2006-2019)
"Indianapolis-Carmel-Greenwood, IN",2011,17.422144360955574,36841827.0,16.783328672948052,0.6388156880075222,Pre-COVID (2006-2019)
"Indianapolis-Carmel-Greenwood, IN",2012,17.384066354899414,35465337.0,16.692935550058063,0.6911308048413503,Pre-COVID (2006-2019)
"Indianapolis-Carmel-Greenwood, IN",2013,17.308796237769986,32893849.0,16.66148448619389,0.6473117515760975,Pre-COVID (2006-2019)
"Indianapolis-Carmel-Greenwood, IN",2014,17.312419523705763,33013249.0,16.70969906253769,0.6027204611680723,Pre-COVID (2006-2019)
"Indianapolis-Carmel-Greenwood, IN",2015,17.234230813395417,30530319.0,16.685369264129466,0.5488615492659505,Pre-COVID (2006-2019)
"Indianapolis-Carmel-Greenwood, IN",2016,16.8880669188322,21597042.0,16.686324069502117,0.2017428493300848,Pre-COVID (2006-2019)
"Indianapolis-Carmel-Greenwood, IN",2017,16.84283442061684,20641918.0,16.683563282464213,0.15927113815262572,Pre-COVID (2006-2019)
"Indianapolis-Carmel-Greenwood, IN",2018,16.882872091344076,21485140.0,16.756483228477233,0.12638886286684325,Pre-COVID (2006-2019)
"Indianapolis-Carmel-Greenwood, IN",2019,16.706197099644157,18005667.0,16.64427545264652,0.061921646997635804,Pre-COVID (2006-2019)
"Jackson, MS",2007,15.25873684894522,4234335.0,15.946024069077621,-0.6872872201324007,Pre-COVID (2006-2019)
"Jackson, MS",2008,15.60850343290135,6007405.0,15.909005642247958,-0.3005022093466092,Pre-COVID (2006-2019)
"Jackson, MS",2009,15.724221013087591,6744386.0,16.184788842877943,-0.46056782979035127,Pre-COVID (2006-2019)
"Jackson, MS",2010,15.45102315188164,5132088.0,16.2137401691971,-0.7627170173154578,Pre-COVID (2006-2019)
"Jackson, MS",2011,15.589363151822411,5893515.0,16.18387615091309,-0.5945129990906786,Pre-COVID (2006-2019)
"Jackson, MS",2012,15.520575690849093,5501744.0,16.201833896980776,-0.6812582061316839,Pre-COVID (2006-2019)
"Jackson, MS",2013,15.312285355550205,4467258.0,16.000752268801033,-0.6884669132508279,Pre-COVID (2006-2019)
"Jackson, MS",2014,15.32900613082316,4542582.0,15.953636963136129,-0.6246308323129686,Pre-COVID (2006-2019)
"Jackson, MS",2015,15.173480801805344,3888293.0,15.704546018292366,-0.531065216487022,Pre-COVID (2006-2019)
"Jackson, MS",2016,15.173109361639593,3886849.0,15.463868066257477,-0.29075870461788433,Pre-COVID (2006-2019)
"Jackson, MS",2017,15.16624380143517,3860255.0,15.337819987063922,-0.17157618562875143,Pre-COVID (2006-2019)
"Jackson, MS",2018,15.039563304072349,3400943.0,15.414666404772081,-0.3751031006997323,Pre-COVID (2006-2019)
"Jackson, MS",2019,14.947703969198363,3102454.0,15.231225129900023,-0.28352116070166034,Pre-COVID (2006-2019)
"Jacksonville, FL",2006,15.910596830149462,8126142.0,15.709986876398302,0.20060995375115986,Pre-COVID (2006-2019)
"Jacksonville, FL",2007,16.154666413784916,10372477.0,15.542706638271422,0.611959775513494,Pre-COVID (2006-2019)
"Jacksonville, FL",2008,16.4069394483463,13348832.0,15.740039195475301,0.6669002528709989,Pre-COVID (2006-2019)
"Jacksonville, FL",2009,16.762558761720626,19049640.0,16.196267261469835,0.5662915002507916,Pre-COVID (2006-2019)
"Jacksonville, FL",2010,16.86886832514835,21186364.0,16.80715765748004,0.06171066766831146,Pre-COVID (2006-2019)
"Jacksonville, FL",2011,16.872910391638367,21272174.0,17.031637066628246,-0.1587266749898788,Pre-COVID (2006-2019)
"Jacksonville, FL",2012,16.89063771401376,21652635.0,16.82889039457333,0.06174731944042833,Pre-COVID (2006-2019)
"Jacksonville, FL",2013,16.761926056213525,19037591.0,16.854487761053626,-0.09256170484010084,Pre-COVID (2006-2019)
"Jacksonville, FL",2014,16.6535445580822,17082149.0,16.81239250072597,-0.15884794264377078,Pre-COVID (2006-2019)
"Jacksonville, FL",2015,16.533459669455727,15149221.0,16.580140510188542,-0.0466808407328152,Pre-COVID (2006-2019)
"Jacksonville, FL",2016,16.318838898333972,12223109.0,16.244313609775517,0.07452528855845486,Pre-COVID (2006-2019)
"Jacksonville, FL",2017,16.125215246384496,10071450.0,16.00634398243417,0.1188712639503251,Pre-COVID (2006-2019)
"Jacksonville, FL",2018,15.769877561097951,7059449.0,15.785248130531727,-0.015370569433775572,Pre-COVID (2006-2019)
"Jacksonville, FL",2019,16.0159376683794,9028869.0,15.745645823283702,0.2702918450956986,Pre-COVID (2006-2019)
"Kansas City, MO-KS",2006,16.888645488090905,21609541.0,16.980794112913067,-0.0921486248221619,Pre-COVID (2006-2019)
"Kansas City, MO-KS",2007,16.835749524387612,20496189.0,17.03733042401027,-0.2015808996226589,Pre-COVID (2006-2019)
"Kansas City, MO-KS",2008,16.870931486042174,21230120.0,17.075579581836905,-0.20464809579473098,Pre-COVID (2006-2019)
"Kansas City, MO-KS",2009,17.05274259202113,25463143.0,17.150681807197667,-0.09793921517653814,Pre-COVID (2006-2019)
"Kansas City, MO-KS",2010,17.139453283389606,27769623.0,17.35644140446124,-0.21698812107163334,Pre-COVID (2006-2019)
"Kansas City, MO-KS",2011,17.096550900753023,26603435.0,17.289242707260225,-0.1926918065072023,Pre-COVID (2006-2019)
"Kansas City, MO-KS",2012,17.06438939707687,25761441.0,17.27711282220222,-0.21272342512535047,Pre-COVID (2006-2019)
"Kansas City, MO-KS",2013,16.97145527311669,23475204.0,17.126983457323778,-0.15552818420708903,Pre-COVID (2006-2019)
"Kansas City, MO-KS",2014,17.1642744867332,28467524.0,16.98883422118431,0.17544026554888958,Pre-COVID (2006-2019)
"Kansas City, MO-KS",2015,17.196027226926077,29385950.0,17.18581079582459,0.010216431101486734,Pre-COVID (2006-2019)
"Kansas City, MO-KS",2016,17.016585849208564,24558924.0,17.205958361592135,-0.18937251238357078,Pre-COVID (2006-2019)
"Kansas City, MO-KS",2017,17.17423475625497,28752485.0,17.078821679144777,0.09541307711019442,Pre-COVID (2006-2019)
"Kansas City, MO-KS",2018,16.920661695927187,22312591.0,16.61370181255739,0.30695988336979596,Pre-COVID (2006-2019)
"Kansas City, MO-KS",2019,16.75126169636987,18835646.0,16.86666603139275,-0.11540433502288039,Pre-COVID (2006-2019)
"Kiryas Joel-Poughkeepsie-Newburgh, NY",2006,15.449417253062649,5123853.0,15.114794106433896,0.33462314662875237,Pre-COVID (2006-2019)
"Kiryas Joel-Poughkeepsie-Newburgh, NY",2007,15.634681541842353,6166744.0,15.228405373598383,0.40627616824396995,Pre-COVID (2006-2019)
"Kiryas Joel-Poughkeepsie-Newburgh, NY",2008,15.672143648427591,6402145.0,15.394680019140594,0.27746362928699675,Pre-COVID (2006-2019)
"Kiryas Joel-Poughkeepsie-Newburgh, NY",2009,15.925449053916399,8247734.0,15.616433133582404,0.3090159203339944,Pre-COVID (2006-2019)
"Kiryas Joel-Poughkeepsie-Newburgh, NY",2010,15.8926813985526,7981855.0,15.724209869558033,0.16847152899456752,Pre-COVID (2006-2019)
"Kiryas Joel-Poughkeepsie-Newburgh, NY",2011,15.793114676157982,7225411.0,15.55204866721266,0.2410660089453227,Pre-COVID (2006-2019)
"Kiryas Joel-Poughkeepsie-Newburgh, NY",2012,15.730544770594669,6787171.0,15.525227169933094,0.20531760066157467,Pre-COVID (2006-2019)
"Kiryas Joel-Poughkeepsie-Newburgh, NY",2013,15.764693630870545,7022948.0,15.297918191133906,0.4667754397366384,Pre-COVID (2006-2019)
"Kiryas Joel-Poughkeepsie-Newburgh, NY",2014,15.658158623033803,6313234.0,15.467817775074387,0.19034084795941553,Pre-COVID (2006-2019)
"Kiryas Joel-Poughkeepsie-Newburgh, NY",2015,15.479791706280883,5281875.0,15.447386465064788,0.03240524121609489,Pre-COVID (2006-2019)
"Kiryas Joel-Poughkeepsie-Newburgh, NY",2016,15.324161922626823,4520630.0,15.244132494548623,0.08002942807820013,Pre-COVID (2006-2019)
"Kiryas Joel-Poughkeepsie-Newburgh, NY",2017,15.136701438386991,3747882.0,15.040586002782945,0.09611543560404634,Pre-COVID (2006-2019)
"Kiryas Joel-Poughkeepsie-Newburgh, NY",2018,14.865368081836387,2857244.0,14.895786504992603,-0.03041842315621679,Pre-COVID (2006-2019)
"Kiryas Joel-Poughkeepsie-Newburgh, NY",2019,14.769848622542355,2596951.0,14.907611837283293,-0.13776321474093756,Pre-COVID (2006-2019)
"Knoxville, TN",2007,15.595666802729507,5930783.0,15.859990606021372,-0.2643238032918642,Pre-COVID (2006-2019)
"Knoxville, TN",2008,15.545098125622388,5638328.0,16.09596445507101,-0.5508663294486205,Pre-COVID (2006-2019)
"Knoxville, TN",2009,15.971200965947636,8633849.0,16.066879731034177,-0.09567876508654116,Pre-COVID (2006-2019)
"Knoxville, TN",2010,15.826090246359612,7467645.0,16.44653598220273,-0.6204457358431164,Pre-COVID (2006-2019)
"Knoxville, TN",2011,15.907951860414558,8104677.0,16.180214138251326,-0.27226227783676826,Pre-COVID (2006-2019)
"Knoxville, TN",2012,16.077933334635883,9606335.0,16.201845303182843,-0.12391196854695963,Pre-COVID (2006-2019)
"Knoxville, TN",2013,16.06816721420238,9512975.0,16.298199865613263,-0.23003265141088391,Pre-COVID (2006-2019)
"Knoxville, TN",2014,15.889537592621268,7956801.0,16.422435555724903,-0.5328979631036344,Pre-COVID (2006-2019)
"Knoxville, TN",2015,15.668066555800571,6376096.0,16.396601242541156,-0.7285346867405842,Pre-COVID (2006-2019)
"Knoxville, TN",2016,15.459626766996264,5176433.0,15.699849368322447,-0.24022260132618278,Pre-COVID (2006-2019)
"Knoxville, TN",2017,15.055385401655418,3455181.0,15.301742527313008,-0.24635712565759071,Pre-COVID (2006-2019)
"Knoxville, TN",2018,14.90612595657078,2976105.0,15.233844757294559,-0.3277188007237797,Pre-COVID (2006-2019)
"Knoxville, TN",2019,14.701453828687185,2425271.0,15.218283171835672,-0.5168293431484869,Pre-COVID (2006-2019)
"Lakeland-Winter Haven, FL",2006,15.129029904301753,3719240.0,15.305217820458315,-0.1761879161565627,Pre-COVID (2006-2019)
"Lakeland-Winter Haven, FL",2007,15.720798394942419,6721342.0,15.19576988453188,0.5250285104105394,Pre-COVID (2006-2019)
"Lakeland-Winter Haven, FL",2008,15.448634918438335,5119846.0,15.771948834402679,-0.3233139159643432,Pre-COVID (2006-2019)
"Lakeland-Winter Haven, FL",2009,15.9956036706042,8847130.0,15.504193661558194,0.49141000904600673,Pre-COVID (2006-2019)
"Lakeland-Winter Haven, FL",2010,16.052982137877894,9369611.0,15.93759945915173,0.11538267872616359,Pre-COVID (2006-2019)
"Lakeland-Winter Haven, FL",2011,15.938280350877596,8354245.0,15.780982256675406,0.15729809420219,Pre-COVID (2006-2019)
"Lakeland-Winter Haven, FL",2012,15.992012451548815,8815415.0,15.999114331495232,-0.007101879946416645,Pre-COVID (2006-2019)
"Lakeland-Winter Haven, FL",2013,15.913688963137322,8151308.0,15.850321086401095,0.06336787673622624,Pre-COVID (2006-2019)
"Lakeland-Winter Haven, FL",2014,15.666385432282544,6365386.0,15.99653975616596,-0.33015432388341637,Pre-COVID (2006-2019)
"Lakeland-Winter Haven, FL",2015,15.747455068454327,6902920.0,15.626841185625924,0.12061388282840291,Pre-COVID (2006-2019)
"Lakeland-Winter Haven, FL",2016,15.722959316936134,6735882.0,15.714172350160897,0.008786966775236493,Pre-COVID (2006-2019)
"Lakeland-Winter Haven, FL",2017,15.588143441328636,5886331.0,15.493055506367728,0.09508793496090817,Pre-COVID (2006-2019)
"Lakeland-Winter Haven, FL",2018,15.578641788508849,5830666.0,15.17180052295505,0.4068412655537994,Pre-COVID (2006-2019)
"Lakeland-Winter Haven, FL",2019,15.245549757930249,4178863.0,15.10954507512336,0.13600468280688816,Pre-COVID (2006-2019)
"Las Vegas-Henderson-North Las Vegas, NV",2006,15.50171004719837,5398923.0,14.954996205566081,0.5467138416322896,Pre-COVID (2006-2019)
"Las Vegas-Henderson-North Las Vegas, NV",2007,16.01508625813274,9021185.0,15.754784602251327,0.2603016558814133,Pre-COVID (2006-2019)
"Las Vegas-Henderson-North Las Vegas, NV",2008,16.324419256755235,12291509.0,16.102252467308524,0.2221667894467103,Pre-COVID (2006-2019)
"Las Vegas-Henderson-North Las Vegas, NV",2009,16.736883766304857,18566766.0,16.12662702061714,0.6102567456877175,Pre-COVID (2006-2019)
"Las Vegas-Henderson-North Las Vegas, NV",2010,16.77317635997177,19252979.0,16.50851359332939,0.2646627666423811,Pre-COVID (2006-2019)
"Las Vegas-Henderson-North Las Vegas, NV",2011,16.748057261396237,18775385.0,16.295352450652064,0.4527048107441729,Pre-COVID (2006-2019)
"Las Vegas-Henderson-North Las Vegas, NV",2012,16.675460621990528,17460655.0,16.440934370324086,0.23452625166644125,Pre-COVID (2006-2019)
"Las Vegas-Henderson-North Las Vegas, NV",2013,16.46960884596278,14212165.0,16.56103719078146,-0.09142834481867723,Pre-COVID (2006-2019)
"Las Vegas-Henderson-North Las Vegas, NV",2014,16.20843147916462,10945418.0,16.180720219979182,0.027711259185437598,Pre-COVID (2006-2019)
"Las Vegas-Henderson-North Las Vegas, NV",2015,16.129338809116348,10113066.0,15.98234135074892,0.14699745836742828,Pre-COVID (2006-2019)
"Las Vegas-Henderson-North Las Vegas, NV",2016,16.172230175226854,10556266.0,15.840515625201707,0.33171455002514705,Pre-COVID (2006-2019)
"Las Vegas-Henderson-North Las Vegas, NV",2017,15.96389450319091,8570996.0,15.990134118231952,-0.02623961504104244,Pre-COVID (2006-2019)
"Las Vegas-Henderson-North Las Vegas, NV",2018,15.82589511895935,7466188.0,15.842282984277759,-0.016387865318408856,Pre-COVID (2006-2019)
"Las Vegas-Henderson-North Las Vegas, NV",2019,15.91803732351615,8186830.0,16.135408171164396,-0.21737084764824566,Pre-COVID (2006-2019)
"Little Rock-North Little Rock-Conway, AR",2007,16.007333349668873,8951515.0,15.638112991813925,0.3692203578549478,Pre-COVID (2006-2019)
"Little Rock-North Little Rock-Conway, AR",2008,15.688237230465008,6506012.0,16.08319597958645,-0.39495874912144124,Pre-COVID (2006-2019)
"Little Rock-North Little Rock-Conway, AR",2009,16.108299323246058,9902515.0,16.092176513729818,0.01612280951624001,Pre-COVID (2006-2019)
"Little Rock-North Little Rock-Conway, AR",2010,16.081686924462097,9642461.0,16.222658013608218,-0.14097108914612022,Pre-COVID (2006-2019)
"Little Rock-North Little Rock-Conway, AR",2011,16.204959350377486,10907480.0,16.18476054437514,0.020198806002344583,Pre-COVID (2006-2019)
"Little Rock-North Little Rock-Conway, AR",2012,16.166834194747825,10499458.0,16.04926965163365,0.11756454311417386,Pre-COVID (2006-2019)
"Little Rock-North Little Rock-Conway, AR",2013,16.024176762858684,9103566.0,15.963135031939997,0.06104173091868681,Pre-COVID (2006-2019)
"Little Rock-North Little Rock-Conway, AR",2014,15.937146152461738,8344775.0,16.057036347219558,-0.11989019475782037,Pre-COVID (2006-2019)
"Little Rock-North Little Rock-Conway, AR",2015,15.808415110114954,7336813.0,15.920178379927895,-0.1117632698129416,Pre-COVID (2006-2019)
"Little Rock-North Little Rock-Conway, AR",2016,15.681389225473515,6461611.0,16.100160757315642,-0.41877153184212723,Pre-COVID (2006-2019)
"Little Rock-North Little Rock-Conway, AR",2017,15.741208378664533,6859934.0,15.812947233354855,-0.07173885469032193,Pre-COVID (2006-2019)
"Little Rock-North Little Rock-Conway, AR",2018,15.48570710676387,5313212.0,15.756719383820796,-0.27101227705692565,Pre-COVID (2006-2019)
"Little Rock-North Little Rock-Conway, AR",2019,15.438641688890371,5068937.0,15.174640908044044,0.2640007808463274,Pre-COVID (2006-2019)
"Los Angeles-Long Beach-Anaheim, CA",2006,17.418445774583542,36705816.0,17.003055642871026,0.4153901317125168,Pre-COVID (2006-2019)
"Los Angeles-Long Beach-Anaheim, CA",2007,17.533461341155082,41179921.0,17.47742016530187,0.05604117585321333,Pre-COVID (2006-2019)
"Los Angeles-Long Beach-Anaheim, CA",2008,17.920287298628715,60629207.0,17.520659930878065,0.3996273677506501,Pre-COVID (2006-2019)
"Los Angeles-Long Beach-Anaheim, CA",2009,18.288820651070903,87646361.0,17.72721981466436,0.5616008364065443,Pre-COVID (2006-2019)
"Los Angeles-Long Beach-Anaheim, CA",2010,18.246571362750004,84020499.0,17.770453347263633,0.4761180154863709,Pre-COVID (2006-2019)
"Los Angeles-Long Beach-Anaheim, CA",2011,18.203302752310083,80462577.0,17.773213431607857,0.4300893207022263,Pre-COVID (2006-2019)
"Los Angeles-Long Beach-Anaheim, CA",2012,18.10776586503177,73131216.0,17.74652279222295,0.3612430728088185,Pre-COVID (2006-2019)
"Los Angeles-Long Beach-Anaheim, CA",2013,17.96682278898379,63517295.0,17.612130134721372,0.35469265426241847,Pre-COVID (2006-2019)
"Los Angeles-Long Beach-Anaheim, CA",2014,17.757410742131256,51516399.0,17.47175988098093,0.28565086115032656,Pre-COVID (2006-2019)
"Los Angeles-Long Beach-Anaheim, CA",2015,17.524805098841618,40824996.0,17.404772307239334,0.1200327916022843,Pre-COVID (2006-2019)
"Los Angeles-Long Beach-Anaheim, CA",2016,17.52031230196602,40641989.0,17.32838537016545,0.19192693180056963,Pre-COVID (2006-2019)
"Los Angeles-Long Beach-Anaheim, CA",2017,17.513027526118822,40346997.0,17.343501786063076,0.1695257400557466,Pre-COVID (2006-2019)
"Los Angeles-Long Beach-Anaheim, CA",2018,17.416845538472373,36647125.0,17.243558337636543,0.17328720083582994,Pre-COVID (2006-2019)
"Los Angeles-Long Beach-Anaheim, CA",2019,17.546877187415028,41736107.0,17.251359557237432,0.2955176301775957,Pre-COVID (2006-2019)
"Louisville/Jefferson County, KY-IN",2007,16.728589924402844,18413413.0,16.22103958077562,0.5075503436272228,Pre-COVID (2006-2019)
"Louisville/Jefferson County, KY-IN",2008,16.781186377968847,19407815.0,16.384514073473543,0.3966723044953042,Pre-COVID (2006-2019)
"Louisville/Jefferson County, KY-IN",2009,16.816046923367622,20096313.0,16.743327858926847,0.07271906444077558,Pre-COVID (2006-2019)
"Louisville/Jefferson County, KY-IN",2010,16.8192508813246,20160804.0,16.643338376353746,0.17591250497085298,Pre-COVID (2006-2019)
"Louisville/Jefferson County, KY-IN",2011,16.676396803710887,17477009.0,16.835188710644417,-0.15879190693352996,Pre-COVID (2006-2019)
"Louisville/Jefferson County, KY-IN",2012,16.54372502031163,15305534.0,16.526996545865806,0.016728474445823593,Pre-COVID (2006-2019)
"Louisville/Jefferson County, KY-IN",2013,16.480808639163175,14372233.0,16.66516072889844,-0.1843520897352633,Pre-COVID (2006-2019)
"Louisville/Jefferson County, KY-IN",2014,16.49103901364087,14520021.0,16.614255135134982,-0.12321612149411365,Pre-COVID (2006-2019)
"Louisville/Jefferson County, KY-IN",2015,16.590923226611405,16045247.0,16.553023490707478,0.03789973590392748,Pre-COVID (2006-2019)
"Louisville/Jefferson County, KY-IN",2016,16.526642272988497,15046294.0,16.44752116658555,0.07912110640294756,Pre-COVID (2006-2019)
"Louisville/Jefferson County, KY-IN",2017,16.635195570101942,16771567.0,16.275174214897078,0.36002135520486434,Pre-COVID (2006-2019)
"Louisville/Jefferson County, KY-IN",2018,16.53271394059737,15137928.0,16.21920300431001,0.3135109362873614,Pre-COVID (2006-2019)
"Louisville/Jefferson County, KY-IN",2019,16.337124669178724,12448674.0,16.402828411630487,-0.06570374245176325,Pre-COVID (2006-2019)
"Madison, WI",2006,15.142769096956808,3770692.0,15.188550553600633,-0.045781456643824825,Pre-COVID (2006-2019)
"Madison, WI",2007,15.205358846396589,4014241.0,15.109491555322606,0.09586729107398284,Pre-COVID (2006-2019)
"Madison, WI",2008,15.211673315887762,4039669.0,15.524996893003443,-0.31332357711568193,Pre-COVID (2006-2019)
"Madison, WI",2009,15.64168578552999,6210089.0,15.543303366963745,0.09838241856624563,Pre-COVID (2006-2019)
"Madison, WI",2010,15.640180810441247,6200750.0,15.461220607043115,0.17896020339813212,Pre-COVID (2006-2019)
"Madison, WI",2011,15.698216152895121,6571260.0,15.455064357650272,0.24315179524484876,Pre-COVID (2006-2019)
"Madison, WI",2012,15.741270330694293,6860359.0,15.706963762931984,0.034306567762309115,Pre-COVID (2006-2019)
"Madison, WI",2013,15.446968245847229,5111320.0,15.725312299726259,-0.27834405387902983,Pre-COVID (2006-2019)
"Madison, WI",2014,15.454176149863658,5148295.0,15.62777429838064,-0.17359814851698196,Pre-COVID (2006-2019)
"Madison, WI",2015,15.382553155525148,4792454.0,15.589813975064356,-0.20726081953920783,Pre-COVID (2006-2019)
"Madison, WI",2016,15.025473088014012,3353359.0,15.440664635631695,-0.41519154761768284,Pre-COVID (2006-2019)
"Madison, WI",2017,14.843260013570864,2794769.0,15.295208576807424,-0.4519485632365594,Pre-COVID (2006-2019)
"Madison, WI",2018,14.861338616791324,2845754.0,14.85467478179435,0.006663834996974316,Pre-COVID (2006-2019)
"Madison, WI",2019,15.204913332956167,4012453.0,14.914944157457139,0.2899691754990279,Pre-COVID (2006-2019)
"McAllen-Edinburg-Mission, TX",2007,15.15300010480742,3809468.0,16.223763891046488,-1.070763786239068,Pre-COVID (2006-2019)
"McAllen-Edinburg-Mission, TX",2008,15.309973214237306,4456941.0,16.36820009666958,-1.0582268824322725,Pre-COVID (2006-2019)
"McAllen-Edinburg-Mission, TX",2009,15.561441772235836,5731236.0,16.41507603720495,-0.8536342649691147,Pre-COVID (2006-2019)
"McAllen-Edinburg-Mission, TX",2010,15.450547793753493,5129649.0,16.237449116644576,-0.786901322891083,Pre-COVID (2006-2019)
"McAllen-Edinburg-Mission, TX",2011,15.343634071134408,4609519.0,16.303640253968467,-0.9600061828340589,Pre-COVID (2006-2019)
"McAllen-Edinburg-Mission, TX",2012,15.385629720439642,4807221.0,16.26329986613896,-0.8776701456993194,Pre-COVID (2006-2019)
"McAllen-Edinburg-Mission, TX",2013,15.390042069202888,4828479.0,16.130652048892923,-0.740609979690035,Pre-COVID (2006-2019)
"McAllen-Edinburg-Mission, TX",2014,15.40959947494465,4923841.0,16.014912412028625,-0.6053129370839745,Pre-COVID (2006-2019)
"McAllen-Edinburg-Mission, TX",2015,15.419710576551804,4973879.0,16.118651539678197,-0.6989409631263932,Pre-COVID (2006-2019)
"McAllen-Edinburg-Mission, TX",2016,15.177133312523164,3902521.0,16.012884676193735,-0.8357513636705711,Pre-COVID (2006-2019)
"McAllen-Edinburg-Mission, TX",2017,14.890801676518052,2930846.0,15.518161880438523,-0.6273602039204711,Pre-COVID (2006-2019)
"McAllen-Edinburg-Mission, TX",2018,14.64144191455194,2284007.0,15.4925145460928,-0.851072631540859,Pre-COVID (2006-2019)
"McAllen-Edinburg-Mission, TX",2019,14.840897100587355,2788173.0,15.154636156918826,-0.31373905633147103,Pre-COVID (2006-2019)
"Memphis, TN-MS-AR",2006,17.419449852272965,36742690.0,16.31651742817748,1.102932424095485,Pre-COVID (2006-2019)
"Memphis, TN-MS-AR",2007,17.428428064681675,37074059.0,16.23729603431565,1.191132030366024,Pre-COVID (2006-2019)
"Memphis, TN-MS-AR",2008,17.410042518742532,36398660.0,16.52625252591193,0.8837899928306037,Pre-COVID (2006-2019)
"Memphis, TN-MS-AR",2009,17.528122529778607,40960655.0,16.732985146455643,0.7951373833229631,Pre-COVID (2006-2019)
"Memphis, TN-MS-AR",2010,17.595622229192866,43820935.0,16.55049824265571,1.0451239865371562,Pre-COVID (2006-2019)
"Memphis, TN-MS-AR",2011,17.57014783643839,42718722.0,16.69199750866787,0.8781503277705198,Pre-COVID (2006-2019)
"Memphis, TN-MS-AR",2012,17.599518107124293,43991989.0,16.55802464230317,1.041493464821123,Pre-COVID (2006-2019)
"Memphis, TN-MS-AR",2013,17.527491970004057,40934835.0,16.501578841358977,1.0259131286450796,Pre-COVID (2006-2019)
"Memphis, TN-MS-AR",2014,17.508599813416808,40168747.0,16.453240929566697,1.0553588838501113,Pre-COVID (2006-2019)
"Memphis, TN-MS-AR",2015,17.337018829417516,33835423.0,16.505422051698858,0.8315967777186586,Pre-COVID (2006-2019)
"Memphis, TN-MS-AR",2016,17.2748090663803,31794665.0,16.457152231181546,0.8176568351987541,Pre-COVID (2006-2019)
"Memphis, TN-MS-AR",2017,17.13070877744722,27527850.0,16.41482171095102,0.7158870664962009,Pre-COVID (2006-2019)
"Memphis, TN-MS-AR",2018,17.12084370969801,27257621.0,16.34512639784899,0.7757173118490215,Pre-COVID (2006-2019)
"Memphis, TN-MS-AR",2019,17.008400249004108,24358715.0,16.090143171818895,0.9182570771852134,Pre-COVID (2006-2019)
"Miami-Fort Lauderdale-West Palm Beach, FL",2006,16.24905987622667,11399270.0,17.247919266086196,-0.9988593898595255,Pre-COVID (2006-2019)
"Miami-Fort Lauderdale-West Palm Beach, FL",2007,16.566347414376214,15655728.0,17.461458712411382,-0.8951112980351681,Pre-COVID (2006-2019)
"Miami-Fort Lauderdale-West Palm Beach, FL",2008,16.931200744857133,22548988.0,17.491232977752194,-0.5600322328950611,Pre-COVID (2006-2019)
"Miami-Fort Lauderdale-West Palm Beach, FL",2009,17.113961042527105,27070660.0,17.66304902287387,-0.5490879803467656,Pre-COVID (2006-2019)
"Miami-Fort Lauderdale-West Palm Beach, FL",2010,17.081432054831303,26204247.0,17.74832050276269,-0.6668884479313881,Pre-COVID (2006-2019)
"Miami-Fort Lauderdale-West Palm Beach, FL",2011,16.967569812910977,23384169.0,17.643686266609983,-0.6761164536990059,Pre-COVID (2006-2019)
"Miami-Fort Lauderdale-West Palm Beach, FL",2012,16.946803307909263,22903569.0,17.58978787930275,-0.6429845713934874,Pre-COVID (2006-2019)
"Miami-Fort Lauderdale-West Palm Beach, FL",2013,16.830551905664574,20389934.0,17.456265987308566,-0.6257140816439914,Pre-COVID (2006-2019)
"Miami-Fort Lauderdale-West Palm Beach, FL",2014,16.734927933586647,18530488.0,17.524907414672874,-0.7899794810862275,Pre-COVID (2006-2019)
"Miami-Fort Lauderdale-West Palm Beach, FL",2015,16.57491297171832,15790404.0,17.47004366885782,-0.8951306971394999,Pre-COVID (2006-2019)
"Miami-Fort Lauderdale-West Palm Beach, FL",2016,16.60258387020501,16233440.0,17.481466764819285,-0.878882894614275,Pre-COVID (2006-2019)
"Miami-Fort Lauderdale-West Palm Beach, FL",2017,16.60350961618235,16248475.0,17.388017836939603,-0.7845082207572531,Pre-COVID (2006-2019)
"Miami-Fort Lauderdale-West Palm Beach, FL",2018,16.52209354990801,14978008.0,17.31098894082086,-0.7888953909128489,Pre-COVID (2006-2019)
"Miami-Fort Lauderdale-West Palm Beach, FL",2019,16.601021243361345,16208093.0,17.39901316571109,-0.7979919223497447,Pre-COVID (2006-2019)
"Milwaukee-Waukesha, WI",2006,16.936029109349885,22658126.0,16.95950354077053,-0.023474431420645203,Pre-COVID (2006-2019)
"Milwaukee-Waukesha, WI",2007,16.990903810445065,23936231.0,16.673721307335406,0.31718250310965956,Pre-COVID (2006-2019)
"Milwaukee-Waukesha, WI",2008,16.955792555025393,23110383.0,16.791080020827394,0.16471253419799936,Pre-COVID (2006-2019)
"Milwaukee-Waukesha, WI",2009,17.2256820845942,30270436.0,16.798966654106,0.42671543048820126,Pre-COVID (2006-2019)
"Milwaukee-Waukesha, WI",2010,17.3029713814267,32702804.0,16.96734673704387,0.33562464438283257,Pre-COVID (2006-2019)
"Milwaukee-Waukesha, WI",2011,17.180738838249045,28940103.0,16.972653726184483,0.2080851120645626,Pre-COVID (2006-2019)
"Milwaukee-Waukesha, WI",2012,17.09391905810398,26533511.0,16.97009829829958,0.12382075980440277,Pre-COVID (2006-2019)
"Milwaukee-Waukesha, WI",2013,16.987245675560757,23848829.0,16.848550281808702,0.1386953937520552,Pre-COVID (2006-2019)
"Milwaukee-Waukesha, WI",2014,16.850215677416536,20794845.0,16.812820443927702,0.03739523348883367,Pre-COVID (2006-2019)
"Milwaukee-Waukesha, WI",2015,16.81137817235928,20002707.0,16.66257230109696,0.1488058712623186,Pre-COVID (2006-2019)
"Milwaukee-Waukesha, WI",2016,16.72915147679965,18423756.0,16.644851547505723,0.08429992929392682,Pre-COVID (2006-2019)
"Milwaukee-Waukesha, WI",2017,16.543036143282002,15294994.0,16.547989632749285,-0.004953489467283134,Pre-COVID (2006-2019)
"Milwaukee-Waukesha, WI",2018,16.603452501499188,16247547.0,16.441994710859415,0.16145779063977272,Pre-COVID (2006-2019)
"Milwaukee-Waukesha, WI",2019,16.683585240012714,17603094.0,16.42207426809073,0.2615109719219859,Pre-COVID (2006-2019)
"Minneapolis-St. Paul-Bloomington, MN-WI",2006,17.168632095269842,28591845.0,16.958198000225646,0.21043409504419586,Pre-COVID (2006-2019)
"Minneapolis-St. Paul-Bloomington, MN-WI",2007,17.2738848366289,31765293.0,16.95898839237296,0.31489644425593966,Pre-COVID (2006-2019)
"Minneapolis-St. Paul-Bloomington, MN-WI",2008,17.447854554160923,37801319.0,17.005850027909023,0.4420045262518997,Pre-COVID (2006-2019)
"Minneapolis-St. Paul-Bloomington, MN-WI",2009,17.67688675472478,47530718.0,17.092502426041037,0.5843843286837433,Pre-COVID (2006-2019)
"Minneapolis-St. Paul-Bloomington, MN-WI",2010,17.727304137076217,49988530.0,17.067680189070103,0.6596239480061143,Pre-COVID (2006-2019)
"Minneapolis-St. Paul-Bloomington, MN-WI",2011,17.6862293692993,47976860.0,17.053266954233454,0.6329624150658475,Pre-COVID (2006-2019)
"Minneapolis-St. Paul-Bloomington, MN-WI",2012,17.599177032331166,43976987.0,17.04285792290031,0.5563191094308557,Pre-COVID (2006-2019)
"Minneapolis-St. Paul-Bloomington, MN-WI",2013,17.455678014853664,38098216.0,16.988808233442214,0.4668697814114502,Pre-COVID (2006-2019)
"Minneapolis-St. Paul-Bloomington, MN-WI",2014,17.405431128844032,36231198.0,16.874487538739643,0.5309435901043891,Pre-COVID (2006-2019)
"Minneapolis-St. Paul-Bloomington, MN-WI",2015,17.266066577104922,31517912.0,16.908031311030626,0.35803526607429603,Pre-COVID (2006-2019)
"Minneapolis-St. Paul-Bloomington, MN-WI",2016,16.98109711887492,23702643.0,16.759569737329365,0.22152738154555607,Pre-COVID (2006-2019)
"Minneapolis-St. Paul-Bloomington, MN-WI",2017,16.83936443643778,20570415.0,16.7371071542898,0.10225728214798124,Pre-COVID (2006-2019)
"Minneapolis-St. Paul-Bloomington, MN-WI",2018,16.81858630211536,20147410.0,16.780271737617486,0.03831456449787396,Pre-COVID (2006-2019)
"Minneapolis-St. Paul-Bloomington, MN-WI",2019,16.847152154604647,20731237.0,16.830308649429405,0.016843505175241802,Pre-COVID (2006-2019)
"Nashville-Davidson--Murfreesboro--Franklin, TN",2006,16.516560581561706,14895364.0,16.75469659208147,-0.23813601051976363,Pre-COVID (2006-2019)
"Nashville-Davidson--Murfreesboro--Franklin, TN",2007,16.87158120060359,21243918.0,16.44149376466399,0.4300874359396012,Pre-COVID (2006-2019)
"Nashville-Davidson--Murfreesboro--Franklin, TN",2008,17.011614418615604,24437134.0,16.61911323815531,0.39250118046029314,Pre-COVID (2006-2019)
"Nashville-Davidson--Murfreesboro--Franklin, TN",2009,17.2573538546456,31244498.0,16.801043279240492,0.45631057540510866,Pre-COVID (2006-2019)
"Nashville-Davidson--Murfreesboro--Franklin, TN",2010,17.355461141509874,34465216.0,16.790410163875517,0.5650509776343569,Pre-COVID (2006-2019)
"Nashville-Davidson--Murfreesboro--Franklin, TN",2011,17.245876860048693,30887955.0,17.122452033514236,0.12342482653445686,Pre-COVID (2006-2019)
"Nashville-Davidson--Murfreesboro--Franklin, TN",2012,17.167281638164567,28553259.0,16.99011011073157,0.17717152743299636,Pre-COVID (2006-2019)
"Nashville-Davidson--Murfreesboro--Franklin, TN",2013,17.142248654487474,27847358.0,17.051091927183318,0.09115672730415625,Pre-COVID (2006-2019)
"Nashville-Davidson--Murfreesboro--Franklin, TN",2014,16.914226269163436,22169461.0,16.946965222058516,-0.03273895289508033,Pre-COVID (2006-2019)
"Nashville-Davidson--Murfreesboro--Franklin, TN",2015,16.736534425293925,18560281.0,17.02490074291158,-0.28836631761765474,Pre-COVID (2006-2019)
"Nashville-Davidson--Murfreesboro--Franklin, TN",2016,16.66808092832119,17332275.0,16.761240202315204,-0.09315927399401502,Pre-COVID (2006-2019)
"Nashville-Davidson--Murfreesboro--Franklin, TN",2017,16.34092275220749,12496045.0,16.59854751180252,-0.2576247595950285,Pre-COVID (2006-2019)
"Nashville-Davidson--Murfreesboro--Franklin, TN",2018,16.618075834980683,16486886.0,16.35609677222937,0.2619790627513119,Pre-COVID (2006-2019)
"Nashville-Davidson--Murfreesboro--Franklin, TN",2019,16.56434742496269,15624448.0,16.513526494707815,0.05082093025487566,Pre-COVID (2006-2019)
"New Haven, CT",2006,16.254576302739395,11462327.0,15.721709413008384,0.5328668897310109,Pre-COVID (2006-2019)
"New Haven, CT",2007,16.300737239869868,12003841.0,15.538678966709872,0.7620582731599956,Pre-COVID (2006-2019)
"New Haven, CT",2008,16.292690348985285,11907635.0,16.0996520589853,0.1930382899999863,Pre-COVID (2006-2019)
"New Haven, CT",2009,16.435783416072507,13739472.0,15.979632964369062,0.45615045170344537,Pre-COVID (2006-2019)
"New Haven, CT",2010,16.443097857568333,13840337.0,16.026645396309036,0.416452461259297,Pre-COVID (2006-2019)
"New Haven, CT",2011,16.536986101173706,15202738.0,16.34777213990303,0.1892139612706778,Pre-COVID (2006-2019)
"New Haven, CT",2012,16.4796942040162,14356225.0,16.31005209215964,0.16964211185656097,Pre-COVID (2006-2019)
"New Haven, CT",2013,16.376996463054503,12955053.0,16.17787699722926,0.19911946582524465,Pre-COVID (2006-2019)
"New Haven, CT",2014,16.232789832122794,11215304.0,16.059151591480752,0.1736382406420418,Pre-COVID (2006-2019)
"New Haven, CT",2015,16.160982615958734,10438199.0,15.935774762635464,0.2252078533232691,Pre-COVID (2006-2019)
"New Haven, CT",2016,15.957684498536908,8517935.0,15.906917820014183,0.05076667852272543,Pre-COVID (2006-2019)
"New Haven, CT",2017,15.802815154800061,7295842.0,15.552330428095248,0.2504847267048138,Pre-COVID (2006-2019)
"New Haven, CT",2018,15.689684074861573,6515432.0,15.475279690674494,0.21440438418707863,Pre-COVID (2006-2019)
"New Haven, CT",2019,15.807193534488004,7327856.0,15.471346680805299,0.33584685368270506,Pre-COVID (2006-2019)
"New Orleans-Metairie, LA",2007,15.218554852432183,4067564.0,15.58393730394256,-0.36538245151037785,Pre-COVID (2006-2019)
"New Orleans-Metairie, LA",2008,15.564993503134458,5751628.0,15.584393694859841,-0.01940019172538321,Pre-COVID (2006-2019)
"New Orleans-Metairie, LA",2009,15.795071403424192,7239563.0,15.785181945954848,0.009889457469343554,Pre-COVID (2006-2019)
"New Orleans-Metairie, LA",2010,15.897058504614673,8016869.0,16.00190365355313,-0.10484514893845542,Pre-COVID (2006-2019)
"New Orleans-Metairie, LA",2011,15.751641474385426,6931879.0,15.671043788423312,0.0805976859621147,Pre-COVID (2006-2019)
"New Orleans-Metairie, LA",2012,15.813686728155039,7375592.0,15.939265490645592,-0.12557876249055333,Pre-COVID (2006-2019)
"New Orleans-Metairie, LA",2013,15.67973873982736,6450955.0,15.970518719289034,-0.2907799794616732,Pre-COVID (2006-2019)
"New Orleans-Metairie, LA",2014,15.524617138179652,5524024.0,15.735540133117038,-0.21092299493738587,Pre-COVID (2006-2019)
"New Orleans-Metairie, LA",2015,15.551121456230558,5672392.0,15.595851924084535,-0.044730467853977274,Pre-COVID (2006-2019)
"New Orleans-Metairie, LA",2016,15.080778441652686,3544042.0,15.545056116789999,-0.46427767513731233,Pre-COVID (2006-2019)
"New Orleans-Metairie, LA",2017,15.255135000312412,4219111.0,15.374896496747112,-0.11976149643470002,Pre-COVID (2006-2019)
"New Orleans-Metairie, LA",2018,14.952829966380687,3118398.0,15.421749022369932,-0.4689190559892449,Pre-COVID (2006-2019)
"New Orleans-Metairie, LA",2019,15.296106863517256,4395566.0,15.365297651265964,-0.0691907877487079,Pre-COVID (2006-2019)
"New York-Newark-Jersey City, NY-NJ",2006,17.477612446858878,38943111.0,17.586206551170832,-0.10859410431195471,Pre-COVID (2006-2019)
"New York-Newark-Jersey City, NY-NJ",2007,17.457352543540033,38162066.0,17.807964291233787,-0.3506117476937547,Pre-COVID (2006-2019)
"New York-Newark-Jersey City, NY-NJ",2008,17.647007655663206,46131550.0,17.949516901124152,-0.3025092454609464,Pre-COVID (2006-2019)
"New York-Newark-Jersey City, NY-NJ",2009,17.842000225957623,56063763.0,17.97099939412285,-0.12899916816522605,Pre-COVID (2006-2019)
"New York-Newark-Jersey City, NY-NJ",2010,17.90150845011495,59501284.0,17.921695871269105,-0.02018742115415506,Pre-COVID (2006-2019)
"New York-Newark-Jersey City, NY-NJ",2011,17.889318938905248,58780395.0,17.79186236865362,0.09745657025162657,Pre-COVID (2006-2019)
"New York-Newark-Jersey City, NY-NJ",2012,17.925215411241677,60928732.0,17.744437942984113,0.18077746825756336,Pre-COVID (2006-2019)
"New York-Newark-Jersey City, NY-NJ",2013,17.822870815557557,55001489.0,17.76420756549665,0.058663250060906336,Pre-COVID (2006-2019)
"New York-Newark-Jersey City, NY-NJ",2014,17.727573682587636,50002006.0,17.603382138778024,0.12419154380961217,Pre-COVID (2006-2019)
"New York-Newark-Jersey City, NY-NJ",2015,17.647001239209615,46131254.0,17.613681671724883,0.03331956748473175,Pre-COVID (2006-2019)
"New York-Newark-Jersey City, NY-NJ",2016,17.491881126162724,39502761.0,17.609142205691075,-0.11726107952835108,Pre-COVID (2006-2019)
"New York-Newark-Jersey City, NY-NJ",2017,17.515928141118344,40464198.0,17.498210555126942,0.017717585991402274,Pre-COVID (2006-2019)
"New York-Newark-Jersey City, NY-NJ",2018,17.422738753045994,36863732.0,17.483081506098173,-0.06034275305217918,Pre-COVID (2006-2019)
"New York-Newark-Jersey City, NY-NJ",2019,17.416888869718555,36648713.0,17.394019188188828,0.022869681529726904,Pre-COVID (2006-2019)
"North Port-Bradenton-Sarasota, FL",2006,15.092004561900277,3584052.0,14.839451876890198,0.25255268501007855,Pre-COVID (2006-2019)
"North Port-Bradenton-Sarasota, FL",2007,14.996707244549823,3258271.0,15.001595102655687,-0.004887858105863785,Pre-COVID (2006-2019)
"North Port-Bradenton-Sarasota, FL",2008,15.397859659215852,4866374.0,15.113227438638763,0.28463222057708926,Pre-COVID (2006-2019)
"North Port-Bradenton-Sarasota, FL",2009,15.682042873506328,6465836.0,15.339550989529926,0.3424918839764022,Pre-COVID (2006-2019)
"North Port-Bradenton-Sarasota, FL",2010,15.790035790867353,7203199.0,15.323421139385667,0.46661465148168624,Pre-COVID (2006-2019)
"North Port-Bradenton-Sarasota, FL",2011,15.765951996631289,7031791.0,15.65147170808263,0.1144802885486591,Pre-COVID (2006-2019)
"North Port-Bradenton-Sarasota, FL",2012,15.54274839480103,5625095.0,15.444233754838525,0.09851463996250587,Pre-COVID (2006-2019)
"North Port-Bradenton-Sarasota, FL",2013,15.41556235834384,4953289.0,15.133588912111575,0.2819734462322643,Pre-COVID (2006-2019)
"North Port-Bradenton-Sarasota, FL",2014,15.170119444577368,3875245.0,14.986263627915257,0.1838558166621116,Pre-COVID (2006-2019)
"North Port-Bradenton-Sarasota, FL",2015,15.101805009668434,3619350.0,14.684343972387303,0.4174610372811305,Pre-COVID (2006-2019)
"North Port-Bradenton-Sarasota, FL",2016,14.63132438547074,2261015.0,14.473928373682815,0.15739601178792562,Pre-COVID (2006-2019)
"North Port-Bradenton-Sarasota, FL",2017,14.393348453123117,1782181.0,14.285576124258341,0.10777232886477606,Pre-COVID (2006-2019)
"North Port-Bradenton-Sarasota, FL",2018,14.532499257329686,2048256.0,14.378230542146962,0.15426871518272378,Pre-COVID (2006-2019)
"North Port-Bradenton-Sarasota, FL",2019,14.703936651690125,2431300.0,14.486741757014599,0.21719489467552577,Pre-COVID (2006-2019)
"Ogden, UT",2006,14.681396442769916,2377111.0,15.228831187927808,-0.5474347451578918,Pre-COVID (2006-2019)
"Ogden, UT",2007,14.970206664782626,3173059.0,15.050654601156076,-0.08044793637344938,Pre-COVID (2006-2019)
"Ogden, UT",2008,15.188652301379127,3947734.0,14.979115655431345,0.20953664594778232,Pre-COVID (2006-2019)
"Ogden, UT",2009,15.41445278286528,4947796.0,15.309804624160781,0.1046481587044994,Pre-COVID (2006-2019)
"Ogden, UT",2010,15.198361497306404,3986250.0,15.774929523432307,-0.5765680261259032,Pre-COVID (2006-2019)
"Ogden, UT",2011,15.268677744861494,4276638.0,15.366370696073854,-0.09769295121236077,Pre-COVID (2006-2019)
"Ogden, UT",2012,15.376194475574824,4762077.0,15.650174170341106,-0.2739796947662825,Pre-COVID (2006-2019)
"Ogden, UT",2013,15.129979378661826,3722773.0,15.412883249739712,-0.2829038710778864,Pre-COVID (2006-2019)
"Ogden, UT",2014,14.877966340664097,2893468.0,15.283121674962937,-0.4051553342988399,Pre-COVID (2006-2019)
"Ogden, UT",2015,14.893070458710625,2937503.0,15.16083007444761,-0.2677596157369848,Pre-COVID (2006-2019)
"Ogden, UT",2016,14.687746993721884,2392255.0,14.996921807015744,-0.30917481329385943,Pre-COVID (2006-2019)
"Ogden, UT",2017,14.738055292730188,2515684.0,15.173204240125475,-0.4351489473952874,Pre-COVID (2006-2019)
"Ogden, UT",2018,14.964926537850527,3156349.0,14.562410480716657,0.4025160571338695,Pre-COVID (2006-2019)
"Ogden, UT",2019,14.29744214048616,1619199.0,14.883239645414696,-0.5857975049285358,Pre-COVID (2006-2019)
"Oklahoma City, OK",2006,15.979804721113519,8708453.0,16.381957328723786,-0.40215260761026705,Pre-COVID (2006-2019)
"Oklahoma City, OK",2007,15.956212754442795,8505408.0,16.115656261845867,-0.159443507403072,Pre-COVID (2006-2019)
"Oklahoma City, OK",2008,16.057687999352147,9413807.0,16.22436661036246,-0.16667861101031178,Pre-COVID (2006-2019)
"Oklahoma City, OK",2009,16.260768656422623,11533526.0,16.377203163000804,-0.11643450657818022,Pre-COVID (2006-2019)
"Oklahoma City, OK",2010,16.265136343192818,11584011.0,16.525780585767592,-0.2606442425747737,Pre-COVID (2006-2019)
"Oklahoma City, OK",2011,16.173678218248497,10571563.0,16.424304089339774,-0.25062587109127676,Pre-COVID (2006-2019)
"Oklahoma City, OK",2012,16.111623149439716,9935484.0,16.155744836212715,-0.04412168677299988,Pre-COVID (2006-2019)
"Oklahoma City, OK",2013,16.000475739496462,8890339.0,15.916331431637118,0.08414430785934357,Pre-COVID (2006-2019)
"Oklahoma City, OK",2014,15.907488440325341,8100922.0,15.631451334581252,0.2760371057440896,Pre-COVID (2006-2019)
"Oklahoma City, OK",2015,16.013957055118972,9011004.0,16.00638603844357,0.007571016675402831,Pre-COVID (2006-2019)
"Oklahoma City, OK",2016,15.853798148990847,7677451.0,15.668183501886611,0.18561464710423614,Pre-COVID (2006-2019)
"Oklahoma City, OK",2017,15.856244534807708,7696256.0,15.673090393038521,0.18315414176918665,Pre-COVID (2006-2019)
"Oklahoma City, OK",2018,15.717019547064524,6695991.0,15.64065281387112,0.07636673319340481,Pre-COVID (2006-2019)
"Oklahoma City, OK",2019,15.71797772117666,6702410.0,15.72262710191865,-0.0046493807419913935,Pre-COVID (2006-2019)
"Omaha, NE-IA",2007,15.415682271473583,4953883.0,14.906806024595447,0.5088762468781365,Pre-COVID (2006-2019)
"Omaha, NE-IA",2008,15.378359671445583,4772399.0,15.627726487775096,-0.24936681632951263,Pre-COVID (2006-2019)
"Omaha, NE-IA",2009,15.539200657717524,5605174.0,15.786494277251844,-0.24729361953431983,Pre-COVID (2006-2019)
"Omaha, NE-IA",2010,15.684765801876196,6483466.0,15.555736568817252,0.12902923305894376,Pre-COVID (2006-2019)
"Omaha, NE-IA",2011,15.744015395293355,6879217.0,15.547982759147372,0.19603263614598276,Pre-COVID (2006-2019)
"Omaha, NE-IA",2012,15.603684774514562,5978527.0,15.741036911874632,-0.1373521373600699,Pre-COVID (2006-2019)
"Omaha, NE-IA",2013,15.509551716834384,5441426.0,15.778393185241457,-0.26884146840707324,Pre-COVID (2006-2019)
"Omaha, NE-IA",2014,15.565035055723481,5751867.0,15.451960876824677,0.11307417889880433,Pre-COVID (2006-2019)
"Omaha, NE-IA",2015,15.550959254003518,5671472.0,15.465295911886871,0.08566334211664639,Pre-COVID (2006-2019)
"Omaha, NE-IA",2016,15.313809513884394,4474072.0,15.337467010686904,-0.02365749680251028,Pre-COVID (2006-2019)
"Omaha, NE-IA",2017,15.198781101953694,3987923.0,15.276416580562676,-0.07763547860898257,Pre-COVID (2006-2019)
"Omaha, NE-IA",2018,15.156224747371864,3821772.0,15.048001903240161,0.1082228441317028,Pre-COVID (2006-2019)
"Omaha, NE-IA",2019,15.324006622478002,4519928.0,14.920189377056696,0.4038172454213065,Pre-COVID (2006-2019)
"Orlando-Kissimmee-Sanford, FL",2006,16.104116800505558,9861184.0,16.440525883719097,-0.3364090832135389,Pre-COVID (2006-2019)
"Orlando-Kissimmee-Sanford, FL",2007,16.256145955403642,11480333.0,16.581085824445026,-0.3249398690413834,Pre-COVID (2006-2019)
"Orlando-Kissimmee-Sanford, FL",2008,16.70781356091674,18034796.0,16.705900165403833,0.0019133955129078117,Pre-COVID (2006-2019)
"Orlando-Kissimmee-Sanford, FL",2009,17.088688452313225,26395087.0,17.019151465122377,0.06953698719084755,Pre-COVID (2006-2019)
"Orlando-Kissimmee-Sanford, FL",2010,17.14845672161796,28020774.0,17.137074056343355,0.011382665274606296,Pre-COVID (2006-2019)
"Orlando-Kissimmee-Sanford, FL",2011,17.052446198196176,25455597.0,17.097946315811047,-0.04550011761487127,Pre-COVID (2006-2019)
"Orlando-Kissimmee-Sanford, FL",2012,16.929643809542263,22513908.0,17.205884344118413,-0.27624053457615005,Pre-COVID (2006-2019)
"Orlando-Kissimmee-Sanford, FL",2013,16.820463589367066,20185268.0,16.95539002158235,-0.1349264322152841,Pre-COVID (2006-2019)
"Orlando-Kissimmee-Sanford, FL",2014,16.718128414261955,18221785.0,16.746755560671108,-0.028627146409153426,Pre-COVID (2006-2019)
"Orlando-Kissimmee-Sanford, FL",2015,16.679320543590116,17528182.0,16.551497480782686,0.12782306280742972,Pre-COVID (2006-2019)
"Orlando-Kissimmee-Sanford, FL",2016,16.41967722620644,13519954.0,16.488690488606668,-0.06901326240022954,Pre-COVID (2006-2019)
"Orlando-Kissimmee-Sanford, FL",2017,16.314925616614893,12175370.0,16.390541237591812,-0.07561562097691876,Pre-COVID (2006-2019)
"Orlando-Kissimmee-Sanford, FL",2018,16.310048923496602,12116139.0,16.298054732750863,0.01199419074573882,Pre-COVID (2006-2019)
"Orlando-Kissimmee-Sanford, FL",2019,16.402616858134703,13291255.0,16.42605784426673,-0.02344098613202661,Pre-COVID (2006-2019)
"Oxnard-Thousand Oaks-Ventura, CA",2006,15.048880695185602,3432779.0,15.162170132254193,-0.11328943706859107,Pre-COVID (2006-2019)
"Oxnard-Thousand Oaks-Ventura, CA",2007,15.197065706736886,3981088.0,14.706680984130669,0.49038472260621724,Pre-COVID (2006-2019)
"Oxnard-Thousand Oaks-Ventura, CA",2008,15.72762988812906,6767416.0,15.004805953242256,0.7228239348868044,Pre-COVID (2006-2019)
"Oxnard-Thousand Oaks-Ventura, CA",2009,16.044006386321918,9285888.0,14.986511357849523,1.0574950284723954,Pre-COVID (2006-2019)
"Oxnard-Thousand Oaks-Ventura, CA",2010,15.980902820586934,8718021.0,15.383027728666022,0.5978750919209119,Pre-COVID (2006-2019)
"Oxnard-Thousand Oaks-Ventura, CA",2011,15.865316135675677,7766391.0,15.475600124762007,0.3897160109136699,Pre-COVID (2006-2019)
"Oxnard-Thousand Oaks-Ventura, CA",2012,15.895629495159953,8005421.0,15.518089393396075,0.37754010176387887,Pre-COVID (2006-2019)
"Oxnard-Thousand Oaks-Ventura, CA",2013,15.848495117736835,7636845.0,15.459886273301764,0.3886088444350708,Pre-COVID (2006-2019)
"Oxnard-Thousand Oaks-Ventura, CA",2014,15.644994108129614,6230668.0,15.406578660136974,0.23841544799264014,Pre-COVID (2006-2019)
"Oxnard-Thousand Oaks-Ventura, CA",2015,15.345803959225563,4619532.0,15.334560896300994,0.011243062924569003,Pre-COVID (2006-2019)
"Oxnard-Thousand Oaks-Ventura, CA",2016,15.38064061565413,4783297.0,15.185503396893383,0.1951372187607472,Pre-COVID (2006-2019)
"Oxnard-Thousand Oaks-Ventura, CA",2017,15.256478219809072,4224782.0,14.706701489996876,0.549776729812196,Pre-COVID (2006-2019)
"Oxnard-Thousand Oaks-Ventura, CA",2018,15.241339044657105,4161304.0,14.660763895104436,0.5805751495526685,Pre-COVID (2006-2019)
"Oxnard-Thousand Oaks-Ventura, CA",2019,15.345349047792826,4617431.0,14.619479516262059,0.7258695315307673,Pre-COVID (2006-2019)
"Palm Bay-Melbourne-Titusville, FL",2006,13.578449353872328,788943.0,14.24363879503123,-0.665189441158903,Pre-COVID (2006-2019)
"Palm Bay-Melbourne-Titusville, FL",2007,14.175862533329408,1433834.0,14.428089227721557,-0.2522266943921494,Pre-COVID (2006-2019)
"Palm Bay-Melbourne-Titusville, FL",2008,14.631836413723954,2262173.0,14.821316141690868,-0.1894797279669138,Pre-COVID (2006-2019)
"Palm Bay-Melbourne-Titusville, FL",2009,14.928092810696862,3042204.0,15.472491404460087,-0.5443985937632245,Pre-COVID (2006-2019)
"Palm Bay-Melbourne-Titusville, FL",2010,15.0452686459907,3420402.0,15.468217085706264,-0.42294843971556517,Pre-COVID (2006-2019)
"Palm Bay-Melbourne-Titusville, FL",2011,15.096352454754744,3599669.0,15.391176008635151,-0.2948235538804074,Pre-COVID (2006-2019)
"Palm Bay-Melbourne-Titusville, FL",2012,15.035317537450863,3386534.0,15.275120189529769,-0.2398026520789056,Pre-COVID (2006-2019)
"Palm Bay-Melbourne-Titusville, FL",2013,15.070200810910407,3506752.0,15.103588466140407,-0.033387655229999424,Pre-COVID (2006-2019)
"Palm Bay-Melbourne-Titusville, FL",2014,14.975957089503375,3191358.0,14.895984623560997,0.07997246594237772,Pre-COVID (2006-2019)
"Palm Bay-Melbourne-Titusville, FL",2015,14.935070896113409,3063507.0,15.080081880602643,-0.14501098448923422,Pre-COVID (2006-2019)
"Palm Bay-Melbourne-Titusville, FL",2016,14.759515673739129,2570255.0,14.654455603044276,0.10506007069485257,Pre-COVID (2006-2019)
"Palm Bay-Melbourne-Titusville, FL",2017,14.66022751926626,2327319.0,14.667330768065996,-0.007103248799737116,Pre-COVID (2006-2019)
"Palm Bay-Melbourne-Titusville, FL",2018,14.450862298296627,1887686.0,14.726098827381323,-0.27523652908469565,Pre-COVID (2006-2019)
"Palm Bay-Melbourne-Titusville, FL",2019,14.340923468041664,1691157.0,14.615898173883302,-0.27497470584163786,Pre-COVID (2006-2019)
"Philadelphia-Camden-Wilmington, PA-NJ-DE-MD",2006,17.718041980498313,49527666.0,18.036086733489565,-0.318044752991252,Pre-COVID (2006-2019)
"Philadelphia-Camden-Wilmington, PA-NJ-DE-MD",2007,17.69429050520713,48365171.0,17.94819471955042,-0.2539042143432866,Pre-COVID (2006-2019)
"Philadelphia-Camden-Wilmington, PA-NJ-DE-MD",2008,17.809071743059317,54247732.0,18.198446051827595,-0.3893743087682786,Pre-COVID (2006-2019)
"Philadelphia-Camden-Wilmington, PA-NJ-DE-MD",2009,18.032408832122893,67822790.0,18.26997858834012,-0.2375697562172263,Pre-COVID (2006-2019)
"Philadelphia-Camden-Wilmington, PA-NJ-DE-MD",2010,18.059008232952337,69651043.0,18.299469058163353,-0.24046082521101653,Pre-COVID (2006-2019)
"Philadelphia-Camden-Wilmington, PA-NJ-DE-MD",2011,18.066803212176573,70196093.0,18.335059958913742,-0.26825674673716904,Pre-COVID (2006-2019)
"Philadelphia-Camden-Wilmington, PA-NJ-DE-MD",2012,18.078853060491248,71047062.0,18.332835899987487,-0.25398283949623846,Pre-COVID (2006-2019)
"Philadelphia-Camden-Wilmington, PA-NJ-DE-MD",2013,18.02846393331319,67555763.0,18.293595466556802,-0.2651315332436113,Pre-COVID (2006-2019)
"Philadelphia-Camden-Wilmington, PA-NJ-DE-MD",2014,18.03045361094905,67690311.0,18.24541267209444,-0.21495906114538954,Pre-COVID (2006-2019)
"Philadelphia-Camden-Wilmington, PA-NJ-DE-MD",2015,17.993756036928453,65251268.0,18.235931312795213,-0.24217527586676013,Pre-COVID (2006-2019)
"Philadelphia-Camden-Wilmington, PA-NJ-DE-MD",2016,17.834456274187765,55642412.0,18.171257665154627,-0.3368013909668619,Pre-COVID (2006-2019)
"Philadelphia-Camden-Wilmington, PA-NJ-DE-MD",2017,17.648558102674862,46203130.0,18.131428773013834,-0.482870670338972,Pre-COVID (2006-2019)
"Philadelphia-Camden-Wilmington, PA-NJ-DE-MD",2018,17.632331387755436,45459455.0,18.042674605515067,-0.4103432177596318,Pre-COVID (2006-2019)
"Philadelphia-Camden-Wilmington, PA-NJ-DE-MD",2019,17.567319458098485,42598068.0,18.06333285349192,-0.4960133953934367,Pre-COVID (2006-2019)
"Phoenix-Mesa-Chandler, AZ",2006,17.156210026448782,28238872.0,16.89835925068062,0.25785077576816207,Pre-COVID (2006-2019)
"Phoenix-Mesa-Chandler, AZ",2007,17.37778091924235,35243121.0,17.054292994154235,0.3234879250881164,Pre-COVID (2006-2019)
"Phoenix-Mesa-Chandler, AZ",2008,17.65378215227864,46445129.0,17.721267915183695,-0.06748576290505426,Pre-COVID (2006-2019)
"Phoenix-Mesa-Chandler, AZ",2009,17.849556062035006,56488976.0,17.837201933346343,0.01235412868866348,Pre-COVID (2006-2019)
"Phoenix-Mesa-Chandler, AZ",2010,17.82215239517986,54961989.0,17.81319805176633,0.008954343413527965,Pre-COVID (2006-2019)
"Phoenix-Mesa-Chandler, AZ",2011,17.666574824515095,47043103.0,17.79368905663135,-0.12711423211625572,Pre-COVID (2006-2019)
"Phoenix-Mesa-Chandler, AZ",2012,17.6177184072066,44799987.0,17.85337833118743,-0.2356599239808297,Pre-COVID (2006-2019)
"Phoenix-Mesa-Chandler, AZ",2013,17.572135011963823,42803696.0,17.809947464232486,-0.23781245226866332,Pre-COVID (2006-2019)
"Phoenix-Mesa-Chandler, AZ",2014,17.588329908145997,43502541.0,17.822251392743883,-0.23392148459788586,Pre-COVID (2006-2019)
"Phoenix-Mesa-Chandler, AZ",2015,17.523208478776592,40759866.0,17.73322946159366,-0.21002098281706694,Pre-COVID (2006-2019)
"Phoenix-Mesa-Chandler, AZ",2016,17.41342981237688,36522162.0,17.689032458023174,-0.2756026456462948,Pre-COVID (2006-2019)
"Phoenix-Mesa-Chandler, AZ",2017,17.311141371563277,32971080.0,17.637138521933792,-0.32599715037051524,Pre-COVID (2006-2019)
"Phoenix-Mesa-Chandler, AZ",2018,17.278213929786396,31903106.0,17.319348479915103,-0.04113455012870659,Pre-COVID (2006-2019)
"Phoenix-Mesa-Chandler, AZ",2019,17.29892677013392,32570801.0,17.375956367244655,-0.07702959711073376,Pre-COVID (2006-2019)
"Pittsburgh, PA",2006,17.18354080785359,29021306.0,17.097376039882036,0.08616476797155315,Pre-COVID (2006-2019)
"Pittsburgh, PA",2007,17.099450678226535,26680691.0,17.253546508069043,-0.15409582984250747,Pre-COVID (2006-2019)
"Pittsburgh, PA",2008,16.97924015964895,23658669.0,17.33745810364988,-0.35821794400093054,Pre-COVID (2006-2019)
"Pittsburgh, PA",2009,17.186450979729536,29105886.0,17.163767907477567,0.02268307225196864,Pre-COVID (2006-2019)
"Pittsburgh, PA",2010,17.274882031934773,31796985.0,17.314280682405936,-0.03939865047116342,Pre-COVID (2006-2019)
"Pittsburgh, PA",2011,17.24094135737209,30735883.0,17.214330641932573,0.026610715439517207,Pre-COVID (2006-2019)
"Pittsburgh, PA",2012,17.144636763589364,27913940.0,17.0756580730871,0.06897869050226291,Pre-COVID (2006-2019)
"Pittsburgh, PA",2013,17.047645609484498,25333688.0,17.120913455594117,-0.07326784610961923,Pre-COVID (2006-2019)
"Pittsburgh, PA",2014,16.969642315238346,23432683.0,17.09504589585511,-0.1254035806167657,Pre-COVID (2006-2019)
"Pittsburgh, PA",2015,17.019663531599566,24634625.0,16.970245863818526,0.0494176677810394,Pre-COVID (2006-2019)
"Pittsburgh, PA",2016,16.776646987153047,19319915.0,17.02937330123864,-0.2527263140855922,Pre-COVID (2006-2019)
"Pittsburgh, PA",2017,16.747091222187333,18757256.0,16.8865306033236,-0.13943938113626686,Pre-COVID (2006-2019)
"Pittsburgh, PA",2018,16.598497283114362,16167236.0,16.663788701683742,-0.06529141856938026,Pre-COVID (2006-2019)
"Pittsburgh, PA",2019,16.691848917844293,17749163.0,16.763321306393163,-0.0714723885488695,Pre-COVID (2006-2019)
"Portland-Vancouver-Hillsboro, OR-WA",2006,16.47019915175508,14220557.0,16.61721531276007,-0.14701616100499137,Pre-COVID (2006-2019)
"Portland-Vancouver-Hillsboro, OR-WA",2007,16.341262402003412,12500290.0,16.59586442235201,-0.25460202034859947,Pre-COVID (2006-2019)
"Portland-Vancouver-Hillsboro, OR-WA",2008,16.470519833197095,14225118.0,16.528404585003813,-0.057884751806717816,Pre-COVID (2006-2019)
"Portland-Vancouver-Hillsboro, OR-WA",2009,17.01350597654112,24483402.0,16.656865257982535,0.3566407185585838,Pre-COVID (2006-2019)
"Portland-Vancouver-Hillsboro, OR-WA",2010,17.071383086246946,25942240.0,16.98055699796183,0.09082608828511596,Pre-COVID (2006-2019)
"Portland-Vancouver-Hillsboro, OR-WA",2011,16.93445943413245,22622588.0,16.85550443731517,0.07895499681728069,Pre-COVID (2006-2019)
"Portland-Vancouver-Hillsboro, OR-WA",2012,16.86772897221103,21162239.0,16.824706693156557,0.043022279054472534,Pre-COVID (2006-2019)
"Portland-Vancouver-Hillsboro, OR-WA",2013,16.76309400914521,19059839.0,16.60627251396619,0.15682149517902033,Pre-COVID (2006-2019)
"Portland-Vancouver-Hillsboro, OR-WA",2014,16.687665843288826,17675072.0,16.52303063921222,0.1646352040766068,Pre-COVID (2006-2019)
"Portland-Vancouver-Hillsboro, OR-WA",2015,16.467769433864298,14186047.0,16.406407103243602,0.06136233062069607,Pre-COVID (2006-2019)
"Portland-Vancouver-Hillsboro, OR-WA",2016,16.308605921862803,12098668.0,16.49489920334951,-0.18629328148670865,Pre-COVID (2006-2019)
"Portland-Vancouver-Hillsboro, OR-WA",2017,16.28853759035543,11858288.0,16.408834251530013,-0.12029666117458504,Pre-COVID (2006-2019)
"Portland-Vancouver-Hillsboro, OR-WA",2018,16.29789135380062,11969728.0,16.28327913995,0.014612213850618616,Pre-COVID (2006-2019)
"Portland-Vancouver-Hillsboro, OR-WA",2019,16.418965061971473,13510329.0,16.35242857481948,0.06653648715199267,Pre-COVID (2006-2019)
"Providence-Warwick, RI-MA",2006,16.644039594823397,16920553.0,16.79237057722079,-0.14833098239739329,Pre-COVID (2006-2019)
"Providence-Warwick, RI-MA",2007,16.683934151878976,17609237.0,16.73120350244522,-0.04726935056624271,Pre-COVID (2006-2019)
"Providence-Warwick, RI-MA",2008,16.827638042512472,20330607.0,17.04736078839251,-0.2197227458800377,Pre-COVID (2006-2019)
"Providence-Warwick, RI-MA",2009,16.988019292646747,23867286.0,17.056128018825074,-0.06810872617832686,Pre-COVID (2006-2019)
"Providence-Warwick, RI-MA",2010,16.99504312777124,24035516.0,16.900996135205713,0.09404699256552718,Pre-COVID (2006-2019)
"Providence-Warwick, RI-MA",2011,16.995951619939355,24057362.0,16.755528689284922,0.24042293065443232,Pre-COVID (2006-2019)
"Providence-Warwick, RI-MA",2012,16.963822663924773,23296709.0,16.79683822054545,0.16698444337932372,Pre-COVID (2006-2019)
"Providence-Warwick, RI-MA",2013,16.83840030627747,20550592.0,16.688262555269382,0.15013775100808857,Pre-COVID (2006-2019)
"Providence-Warwick, RI-MA",2014,16.817602863568936,20127606.0,16.695263555320395,0.12233930824854156,Pre-COVID (2006-2019)
"Providence-Warwick, RI-MA",2015,16.783002809303948,19443100.0,16.6782246478112,0.10477816149274943,Pre-COVID (2006-2019)
"Providence-Warwick, RI-MA",2016,16.66756718809646,17323373.0,16.558665158673957,0.10890202942250227,Pre-COVID (2006-2019)
"Providence-Warwick, RI-MA",2017,16.437924363629048,13768919.0,16.230315893360014,0.20760847026903306,Pre-COVID (2006-2019)
"Providence-Warwick, RI-MA",2018,16.196248944042516,10812884.0,16.084202887259032,0.112046056783484,Pre-COVID (2006-2019)
"Providence-Warwick, RI-MA",2019,16.192664017114456,10774190.0,15.889971639584521,0.30269237752993483,Pre-COVID (2006-2019)
"Provo-Orem-Lehi, UT",2006,13.685218484504276,877839.0,14.635180278360076,-0.9499617938558007,Pre-COVID (2006-2019)
"Provo-Orem-Lehi, UT",2007,13.857825517457494,1043223.0,14.636971886782698,-0.7791463693252041,Pre-COVID (2006-2019)
"Provo-Orem-Lehi, UT",2008,14.58864844484571,2166554.0,14.579082590962848,0.009565853882861575,Pre-COVID (2006-2019)
"Provo-Orem-Lehi, UT",2009,15.074561998223981,3522079.0,14.940672152953738,0.13388984527024306,Pre-COVID (2006-2019)
"Provo-Orem-Lehi, UT",2010,15.180237250017816,3914653.0,15.05418952720519,0.12604772281262555,Pre-COVID (2006-2019)
"Provo-Orem-Lehi, UT",2011,14.863219300844383,2851111.0,15.070171685884938,-0.20695238504055524,Pre-COVID (2006-2019)
"Provo-Orem-Lehi, UT",2012,14.851647972487658,2818310.0,15.073213510676894,-0.2215655381892354,Pre-COVID (2006-2019)
"Provo-Orem-Lehi, UT",2013,14.339072726491958,1688030.0,15.015946577114573,-0.6768738506226146,Pre-COVID (2006-2019)
"Provo-Orem-Lehi, UT",2014,14.455478456252738,1896420.0,14.763080880045983,-0.3076024237932451,Pre-COVID (2006-2019)
"Provo-Orem-Lehi, UT",2015,14.652652882159419,2309757.0,14.527262263917823,0.12539061824159603,Pre-COVID (2006-2019)
"Provo-Orem-Lehi, UT",2016,14.088249282674358,1313557.0,14.770264265567523,-0.6820149828931648,Pre-COVID (2006-2019)
"Provo-Orem-Lehi, UT",2017,14.447541620943527,1881428.0,14.587333652778899,-0.1397920318353716,Pre-COVID (2006-2019)
"Provo-Orem-Lehi, UT",2018,14.390632923641594,1777348.0,14.693302775310041,-0.3026698516684476,Pre-COVID (2006-2019)
"Provo-Orem-Lehi, UT",2019,14.26232552124974,1563325.0,14.759922783749493,-0.49759726249975245,Pre-COVID (2006-2019)
"Raleigh-Cary, NC",2006,15.57979416578921,5837389.0,15.77677250248161,-0.19697833669239984,Pre-COVID (2006-2019)
"Raleigh-Cary, NC",2007,15.58759813135042,5883122.0,15.770075990426784,-0.18247785907636427,Pre-COVID (2006-2019)
"Raleigh-Cary, NC",2008,15.782056040740807,7145948.0,16.07246158546093,-0.29040554472012126,Pre-COVID (2006-2019)
"Raleigh-Cary, NC",2009,16.0999726163563,9820402.0,16.324775169432993,-0.2248025530766924,Pre-COVID (2006-2019)
"Raleigh-Cary, NC",2010,16.07124741003483,9542322.0,16.428309799891665,-0.3570623898568357,Pre-COVID (2006-2019)
"Raleigh-Cary, NC",2011,16.090287770957396,9725752.0,16.28979849311977,-0.19951072216237264,Pre-COVID (2006-2019)
"Raleigh-Cary, NC",2012,16.062991208626876,9463863.0,16.20962742821071,-0.14663621958383288,Pre-COVID (2006-2019)
"Raleigh-Cary, NC",2013,15.988362179947636,8783295.0,16.181671773577783,-0.193309593630147,Pre-COVID (2006-2019)
"Raleigh-Cary, NC",2014,15.858376415315863,7712681.0,16.202157016760435,-0.34378060144457123,Pre-COVID (2006-2019)
"Raleigh-Cary, NC",2015,15.702483687187252,6599363.0,16.0888329871927,-0.3863493000054472,Pre-COVID (2006-2019)
"Raleigh-Cary, NC",2016,15.521170052930845,5505015.0,16.008960780435622,-0.4877907275047768,Pre-COVID (2006-2019)
"Raleigh-Cary, NC",2017,15.379279330761046,4776790.0,15.833487979439896,-0.4542086486788506,Pre-COVID (2006-2019)
"Raleigh-Cary, NC",2018,15.219370241557781,4070882.0,15.882330267535536,-0.662960025977755,Pre-COVID (2006-2019)
"Raleigh-Cary, NC",2019,15.247313275437055,4186239.0,15.916660680630054,-0.6693474051929993,Pre-COVID (2006-2019)
"Richmond, VA",2006,16.31982318776687,12235146.0,15.875361447575598,0.4444617401912705,Pre-COVID (2006-2019)
"Richmond, VA",2007,16.157198280216896,10398772.0,16.176316350713613,-0.019118070496716655,Pre-COVID (2006-2019)
"Richmond, VA",2008,16.317660107491026,12208709.0,16.171258482101642,0.14640162538938384,Pre-COVID (2006-2019)
"Richmond, VA",2009,16.617023415067443,16469544.0,16.355904184385157,0.2611192306822865,Pre-COVID (2006-2019)
"Richmond, VA",2010,16.740501593242726,18634059.0,16.581836330527356,0.1586652627153704,Pre-COVID (2006-2019)
"Richmond, VA",2011,16.833557986047236,20451320.0,16.618839684604907,0.2147183014423284,Pre-COVID (2006-2019)
"Richmond, VA",2012,16.808765415255255,19950513.0,16.757752596179113,0.05101281907614208,Pre-COVID (2006-2019)
"Richmond, VA",2013,16.73902643075329,18606591.0,16.66836749948411,0.07065893126918255,Pre-COVID (2006-2019)
"Richmond, VA",2014,16.493612692404707,14557439.0,16.55733712080232,-0.06372442839761305,Pre-COVID (2006-2019)
"Richmond, VA",2015,16.473956563663513,14274090.0,16.41419543750325,0.05976112616026441,Pre-COVID (2006-2019)
"Richmond, VA",2016,16.422462554249673,13557664.0,16.18723753693182,0.23522501731785184,Pre-COVID (2006-2019)
"Richmond, VA",2017,16.35140487627433,12627719.0,16.33458053523837,0.01682434103596009,Pre-COVID (2006-2019)
"Richmond, VA",2018,15.93409877159487,8319384.0,16.304836940028355,-0.37073816843348517,Pre-COVID (2006-2019)
"Richmond, VA",2019,15.951852146776922,8468400.0,15.919327292828262,0.03252485394865978,Pre-COVID (2006-2019)
"Riverside-San Bernardino-Ontario, CA",2006,17.623053149220528,45039622.0,16.589932093010415,1.0331210562101134,Pre-COVID (2006-2019)
"Riverside-San Bernardino-Ontario, CA",2007,17.820275065148028,54858904.0,16.70580063164337,1.1144744335046575,Pre-COVID (2006-2019)
"Riverside-San Bernardino-Ontario, CA",2008,18.114113327371538,73596890.0,16.931104723972357,1.1830086033991805,Pre-COVID (2006-2019)
"Riverside-San Bernardino-Ontario, CA",2009,18.235581071766912,83102145.0,17.510669938951082,0.72491113281583,Pre-COVID (2006-2019)
"Riverside-San Bernardino-Ontario, CA",2010,18.069390092943458,70377917.0,17.70855840307841,0.3608316898650479,Pre-COVID (2006-2019)
"Riverside-San Bernardino-Ontario, CA",2011,17.919737643460135,60595891.0,17.536961125673596,0.38277651778653876,Pre-COVID (2006-2019)
"Riverside-San Bernardino-Ontario, CA",2012,17.829836040011486,55385924.0,17.356909037440236,0.4729270025712502,Pre-COVID (2006-2019)
"Riverside-San Bernardino-Ontario, CA",2013,17.760215851401494,51661111.0,17.305626319712594,0.4545895316888995,Pre-COVID (2006-2019)
"Riverside-San Bernardino-Ontario, CA",2014,17.74300970768905,50779826.0,16.989010926496462,0.753998781192589,Pre-COVID (2006-2019)
"Riverside-San Bernardino-Ontario, CA",2015,17.71968697931142,49609206.0,16.90143490577447,0.8182520735369501,Pre-COVID (2006-2019)
"Riverside-San Bernardino-Ontario, CA",2016,17.650791969376012,46306457.0,16.92749506375084,0.7232969056251726,Pre-COVID (2006-2019)
"Riverside-San Bernardino-Ontario, CA",2017,17.662702668851242,46861297.0,16.90750034109897,0.7552023277522721,Pre-COVID (2006-2019)
"Riverside-San Bernardino-Ontario, CA",2018,17.6220001438987,44992220.0,16.80366549079229,0.8183346531064082,Pre-COVID (2006-2019)
"Riverside-San Bernardino-Ontario, CA",2019,17.531160391444693,41085277.0,16.791730631412097,0.7394297600325963,Pre-COVID (2006-2019)
"Rochester, NY",2007,16.247432044364675,11380729.0,15.997278266065795,0.2501537782988805,Pre-COVID (2006-2019)
"Rochester, NY",2008,16.54237538210729,15284891.0,15.981189963586253,0.5611854185210383,Pre-COVID (2006-2019)
"Rochester, NY",2009,16.614531780750184,16428559.0,16.23803332112178,0.37649845962840445,Pre-COVID (2006-2019)
"Rochester, NY",2010,16.67244565610576,17408091.0,16.27616947033989,0.39627618576587054,Pre-COVID (2006-2019)
"Rochester, NY",2011,16.618834938222793,16499406.0,16.45646820883981,0.1623667293829847,Pre-COVID (2006-2019)
"Rochester, NY",2012,16.511904825165708,14826176.0,16.607640192288255,-0.09573536712254693,Pre-COVID (2006-2019)
"Rochester, NY",2013,16.44397173179776,13852437.0,16.384576012813017,0.059395718984742274,Pre-COVID (2006-2019)
"Rochester, NY",2014,16.488203389581425,14478906.0,16.115097694758855,0.37310569482256994,Pre-COVID (2006-2019)
"Rochester, NY",2015,16.355416389349426,12678477.0,16.21241418296992,0.14300220637950645,Pre-COVID (2006-2019)
"Rochester, NY",2016,16.20644685497872,10923717.0,15.9622354444479,0.24421141053081818,Pre-COVID (2006-2019)
"Rochester, NY",2017,16.221770386486945,11092396.0,15.864706828406161,0.3570635580807835,Pre-COVID (2006-2019)
"Rochester, NY",2018,16.029936014971586,9156147.0,15.649665013064388,0.3802710019071984,Pre-COVID (2006-2019)
"Rochester, NY",2019,15.973998811478422,8658039.0,15.783847068675302,0.19015174280312053,Pre-COVID (2006-2019)
"Sacramento-Roseville-Folsom, CA",2006,16.83959415748084,20575141.0,16.60388239037632,0.2357117671045188,Pre-COVID (2006-2019)
"Sacramento-Roseville-Folsom, CA",2007,16.85001604071043,20790694.0,16.51124582622419,0.3387702144862388,Pre-COVID (2006-2019)
"Sacramento-Roseville-Folsom, CA",2008,17.01002196637986,24398250.0,16.734430045401034,0.275591920978826,Pre-COVID (2006-2019)
"Sacramento-Roseville-Folsom, CA",2009,17.178988869109947,28889503.0,16.787217551521156,0.39177131758879113,Pre-COVID (2006-2019)
"Sacramento-Roseville-Folsom, CA",2010,17.252744614747375,31100816.0,16.858977253563577,0.39376736118379796,Pre-COVID (2006-2019)
"Sacramento-Roseville-Folsom, CA",2011,17.25596951732936,31201275.0,17.127483102532196,0.1284864147971625,Pre-COVID (2006-2019)
"Sacramento-Roseville-Folsom, CA",2012,17.163688032693944,28450834.0,17.224268381036612,-0.060580348342668344,Pre-COVID (2006-2019)
"Sacramento-Roseville-Folsom, CA",2013,17.108718675538746,26929117.0,17.20787739322756,-0.09915871768881246,Pre-COVID (2006-2019)
"Sacramento-Roseville-Folsom, CA",2014,16.95131185717331,23007064.0,17.09826798500177,-0.14695612782846013,Pre-COVID (2006-2019)
"Sacramento-Roseville-Folsom, CA",2015,16.857079447779903,20938067.0,16.876406904639246,-0.019327456859343783,Pre-COVID (2006-2019)
"Sacramento-Roseville-Folsom, CA",2016,16.627367167725378,16640785.0,16.545934881385627,0.08143228633975141,Pre-COVID (2006-2019)
"Sacramento-Roseville-Folsom, CA",2017,16.45188214133259,13962450.0,16.570405942240154,-0.11852380090756398,Pre-COVID (2006-2019)
"Sacramento-Roseville-Folsom, CA",2018,16.151669875735063,10341442.0,16.472754438446227,-0.3210845627111638,Pre-COVID (2006-2019)
"Sacramento-Roseville-Folsom, CA",2019,16.21600689959371,11028649.0,16.09680713667899,0.11919976291472167,Pre-COVID (2006-2019)
"Salt Lake City-Murray, UT",2006,15.904699563386483,8078361.0,16.07673936378123,-0.17203980039474587,Pre-COVID (2006-2019)
"Salt Lake City-Murray, UT",2007,15.88805285449153,7944996.0,16.3922689629491,-0.5042161084575696,Pre-COVID (2006-2019)
"Salt Lake City-Murray, UT",2008,16.130337710230375,10123173.0,16.2364538974726,-0.10611618724222538,Pre-COVID (2006-2019)
"Salt Lake City-Murray, UT",2009,16.373266721712888,12906824.0,16.599193631009122,-0.22592690929623416,Pre-COVID (2006-2019)
"Salt Lake City-Murray, UT",2010,16.378595486149507,12975785.0,16.790450777968903,-0.4118552918193963,Pre-COVID (2006-2019)
"Salt Lake City-Murray, UT",2011,16.289224131677717,11866432.0,16.64489496344347,-0.3556708317657531,Pre-COVID (2006-2019)
"Salt Lake City-Murray, UT",2012,16.376001684574398,12942172.0,16.51356771515646,-0.13756603058206096,Pre-COVID (2006-2019)
"Salt Lake City-Murray, UT",2013,16.166583769516567,10496829.0,16.54970819404491,-0.3831244245283436,Pre-COVID (2006-2019)
"Salt Lake City-Murray, UT",2014,16.318486961941716,12218808.0,16.419798093239137,-0.10131113129742175,Pre-COVID (2006-2019)
"Salt Lake City-Murray, UT",2015,16.342954210804326,12521456.0,16.44004355929463,-0.0970893484903037,Pre-COVID (2006-2019)
"Salt Lake City-Murray, UT",2016,16.051902107693525,9359497.0,16.411273608888155,-0.3593715011946301,Pre-COVID (2006-2019)
"Salt Lake City-Murray, UT",2017,15.809965398886288,7348196.0,16.347609027574872,-0.5376436286885848,Pre-COVID (2006-2019)
"Salt Lake City-Murray, UT",2018,16.011780123866654,8991409.0,16.169585758873666,-0.15780563500701206,Pre-COVID (2006-2019)
"Salt Lake City-Murray, UT",2019,15.862483916756116,7744426.0,16.232355358373397,-0.36987144161728125,Pre-COVID (2006-2019)
"San Antonio-New Braunfels, TX",2006,16.185770934807785,10700178.0,15.462990151632708,0.722780783175077,Pre-COVID (2006-2019)
"San Antonio-New Braunfels, TX",2007,16.052795666647906,9367864.0,15.916977926983874,0.13581773966403254,Pre-COVID (2006-2019)
"San Antonio-New Braunfels, TX",2008,16.312001598841125,12139821.0,16.429254173028156,-0.11725257418703094,Pre-COVID (2006-2019)
"San Antonio-New Braunfels, TX",2009,16.49047349645711,14511812.0,16.54985316361693,-0.05937966715982057,Pre-COVID (2006-2019)
"San Antonio-New Braunfels, TX",2010,16.526225472229374,15040024.0,16.61619252471677,-0.08996705248739545,Pre-COVID (2006-2019)
"San Antonio-New Braunfels, TX",2011,16.4651865947366,14149454.0,16.903046729795825,-0.43786013505922483,Pre-COVID (2006-2019)
"San Antonio-New Braunfels, TX",2012,16.300834037533335,12005003.0,16.88627424446855,-0.585440206935214,Pre-COVID (2006-2019)
"San Antonio-New Braunfels, TX",2013,16.37411815660706,12917818.0,16.699071873593272,-0.32495371698621156,Pre-COVID (2006-2019)
"San Antonio-New Braunfels, TX",2014,16.38634839043093,13076776.0,16.91499774504366,-0.5286493546127318,Pre-COVID (2006-2019)
"San Antonio-New Braunfels, TX",2015,16.387369145475425,13090131.0,16.722675296170454,-0.335306150695029,Pre-COVID (2006-2019)
"San Antonio-New Braunfels, TX",2016,16.371194120224644,12880101.0,16.70631494943054,-0.3351208292058949,Pre-COVID (2006-2019)
"San Antonio-New Braunfels, TX",2017,16.29938584274485,11987630.0,16.702725158957712,-0.4033393162128611,Pre-COVID (2006-2019)
"San Antonio-New Braunfels, TX",2018,16.337754899132328,12456522.0,16.903665839481736,-0.5659109403494078,Pre-COVID (2006-2019)
"San Antonio-New Braunfels, TX",2019,16.421462102941103,13544107.0,16.692839116151173,-0.2713770132100706,Pre-COVID (2006-2019)
"San Diego-Chula Vista-Carlsbad, CA",2006,16.66179579718599,17223681.0,16.512439587333454,0.14935620985253806,Pre-COVID (2006-2019)
"San Diego-Chula Vista-Carlsbad, CA",2007,16.737368924276907,18575776.0,16.71100752742406,0.026361396852848884,Pre-COVID (2006-2019)
"San Diego-Chula Vista-Carlsbad, CA",2008,16.91795853848939,22252358.0,16.9382712569756,-0.020312718486209747,Pre-COVID (2006-2019)
"San Diego-Chula Vista-Carlsbad, CA",2009,17.172844519099982,28712540.0,17.03534819787915,0.13749632122083355,Pre-COVID (2006-2019)
"San Diego-Chula Vista-Carlsbad, CA",2010,17.169997007355416,28630897.0,17.082891455780043,0.08710555157537314,Pre-COVID (2006-2019)
"San Diego-Chula Vista-Carlsbad, CA",2011,17.123665356879467,27334641.0,17.046375336471083,0.07729002040838395,Pre-COVID (2006-2019)
"San Diego-Chula Vista-Carlsbad, CA",2012,17.038266963629805,25097203.0,16.96936078157389,0.06890618205591537,Pre-COVID (2006-2019)
"San Diego-Chula Vista-Carlsbad, CA",2013,16.914583228108853,22177376.0,16.842359464973647,0.07222376313520584,Pre-COVID (2006-2019)
"San Diego-Chula Vista-Carlsbad, CA",2014,16.769412672721145,19180653.0,16.556331878765782,0.2130807939553634,Pre-COVID (2006-2019)
"San Diego-Chula Vista-Carlsbad, CA",2015,16.596469836642743,16134491.0,16.422975434764947,0.17349440187779663,Pre-COVID (2006-2019)
"San Diego-Chula Vista-Carlsbad, CA",2016,16.555185903915316,15481958.0,16.53549042078194,0.019695483133375546,Pre-COVID (2006-2019)
"San Diego-Chula Vista-Carlsbad, CA",2017,16.46446001306129,14139177.0,16.23743687820772,0.22702313485357095,Pre-COVID (2006-2019)
"San Diego-Chula Vista-Carlsbad, CA",2018,16.562517014176898,15595875.0,16.291264234180986,0.2712527799959119,Pre-COVID (2006-2019)
"San Diego-Chula Vista-Carlsbad, CA",2019,16.528936483931084,15080853.0,16.191871973313187,0.3370645106178962,Pre-COVID (2006-2019)
"San Francisco-Oakland-Fremont, CA",2006,15.726400894855667,6759104.0,17.037811454486505,-1.311410559630838,Pre-COVID (2006-2019)
"San Francisco-Oakland-Fremont, CA",2007,15.698094707623186,6570462.0,16.988973071704745,-1.2908783640815589,Pre-COVID (2006-2019)
"San Francisco-Oakland-Fremont, CA",2008,15.975317293774838,8669462.0,17.18758699341208,-1.2122696996372415,Pre-COVID (2006-2019)
"San Francisco-Oakland-Fremont, CA",2009,16.240947065101576,11307164.0,17.353170870179735,-1.112223805078159,Pre-COVID (2006-2019)
"San Francisco-Oakland-Fremont, CA",2010,16.22268185691575,11102511.0,17.38906502510451,-1.1663831681887622,Pre-COVID (2006-2019)
"San Francisco-Oakland-Fremont, CA",2011,16.221435055546475,11088677.0,17.23084162889073,-1.009406573344254,Pre-COVID (2006-2019)
"San Francisco-Oakland-Fremont, CA",2012,16.13813736731749,10202439.0,17.241076481829804,-1.1029391145123135,Pre-COVID (2006-2019)
"San Francisco-Oakland-Fremont, CA",2013,15.77936600831229,7126751.0,17.0523548894231,-1.272988881110809,Pre-COVID (2006-2019)
"San Francisco-Oakland-Fremont, CA",2014,15.468280911109986,5221425.0,17.051032623228714,-1.5827517121187284,Pre-COVID (2006-2019)
"San Francisco-Oakland-Fremont, CA",2015,15.406677569410272,4909475.0,16.824939809593936,-1.4182622401836635,Pre-COVID (2006-2019)
"San Francisco-Oakland-Fremont, CA",2016,15.344156331971751,4611927.0,16.67083464586344,-1.3266783138916889,Pre-COVID (2006-2019)
"San Francisco-Oakland-Fremont, CA",2017,15.125389479080665,3705725.0,16.61565238015777,-1.490262901077104,Pre-COVID (2006-2019)
"San Francisco-Oakland-Fremont, CA",2018,15.25196699888969,4205766.0,16.5591918259551,-1.3072248270654097,Pre-COVID (2006-2019)
"San Francisco-Oakland-Fremont, CA",2019,15.554304458139612,5690476.0,16.588327782467843,-1.0340233243282313,Pre-COVID (2006-2019)
"San Jose-Sunnyvale-Santa Clara, CA",2006,17.086396082540443,26334649.0,16.337572753450385,0.7488233290900581,Pre-COVID (2006-2019)
"San Jose-Sunnyvale-Santa Clara, CA",2007,16.99131924486278,23946177.0,16.21739672453859,0.773922520324188,Pre-COVID (2006-2019)
"San Jose-Sunnyvale-Santa Clara, CA",2008,17.107562715430518,26898006.0,16.07231177256453,1.0352509428659893,Pre-COVID (2006-2019)
"San Jose-Sunnyvale-Santa Clara, CA",2009,17.28945021773967,32263600.0,16.283270254944526,1.0061799627951444,Pre-COVID (2006-2019)
"San Jose-Sunnyvale-Santa Clara, CA",2010,17.281035969862344,31993265.0,16.504157222962917,0.7768787468994276,Pre-COVID (2006-2019)
"San Jose-Sunnyvale-Santa Clara, CA",2011,17.14092334220894,27810476.0,16.55590438140232,0.5850189608066181,Pre-COVID (2006-2019)
"San Jose-Sunnyvale-Santa Clara, CA",2012,17.021337576257416,24675899.0,16.19048531627123,0.8308522599861874,Pre-COVID (2006-2019)
"San Jose-Sunnyvale-Santa Clara, CA",2013,16.961955422170128,23253249.0,16.035568450375646,0.9263869717944822,Pre-COVID (2006-2019)
"San Jose-Sunnyvale-Santa Clara, CA",2014,16.788358010138243,19547501.0,16.011970244420134,0.7763877657181091,Pre-COVID (2006-2019)
"San Jose-Sunnyvale-Santa Clara, CA",2015,16.579571458979146,15864135.0,15.91667120097244,0.6629002580067063,Pre-COVID (2006-2019)
"San Jose-Sunnyvale-Santa Clara, CA",2016,16.58407368837103,15935720.0,15.96627374565706,0.6177999427139707,Pre-COVID (2006-2019)
"San Jose-Sunnyvale-Santa Clara, CA",2017,16.605403138666286,16279271.0,15.852100215753588,0.7533029229126988,Pre-COVID (2006-2019)
"San Jose-Sunnyvale-Santa Clara, CA",2018,16.591611729325937,16056298.0,15.788511026175412,0.8031007031505251,Pre-COVID (2006-2019)
"San Jose-Sunnyvale-Santa Clara, CA",2019,16.594770974871988,16107104.0,15.889199153105727,0.7055718217662612,Pre-COVID (2006-2019)
"Scranton--Wilkes-Barre, PA",2006,16.000750157066577,8892779.0,15.694813920904798,0.305936236161779,Pre-COVID (2006-2019)
"Scranton--Wilkes-Barre, PA",2007,16.183636731864855,10677366.0,16.013693161314137,0.16994357055071774,Pre-COVID (2006-2019)
"Scranton--Wilkes-Barre, PA",2008,15.986402681683245,8766101.0,16.105907322634586,-0.11950464095134095,Pre-COVID (2006-2019)
"Scranton--Wilkes-Barre, PA",2009,16.242346878243595,11323003.0,15.977286353479975,0.2650605247636193,Pre-COVID (2006-2019)
"Scranton--Wilkes-Barre, PA",2010,16.269998205644885,11640468.0,16.022812892628675,0.24718531301621027,Pre-COVID (2006-2019)
"Scranton--Wilkes-Barre, PA",2011,16.2582491688317,11504504.0,15.94257701262458,0.3156721562071194,Pre-COVID (2006-2019)
"Scranton--Wilkes-Barre, PA",2012,16.309951940705442,12114964.0,15.864204393247753,0.44574754745768885,Pre-COVID (2006-2019)
"Scranton--Wilkes-Barre, PA",2013,16.344500996832064,12540839.0,15.751028506547089,0.5934724902849755,Pre-COVID (2006-2019)
"Scranton--Wilkes-Barre, PA",2014,16.200862398909088,10862884.0,15.847290608718495,0.3535717901905926,Pre-COVID (2006-2019)
"Scranton--Wilkes-Barre, PA",2015,16.14776658283543,10301155.0,15.681589445833632,0.4661771370017984,Pre-COVID (2006-2019)
"Scranton--Wilkes-Barre, PA",2016,16.020393733227767,9069192.0,15.594911279950534,0.4254824532772332,Pre-COVID (2006-2019)
"Scranton--Wilkes-Barre, PA",2017,15.960609213673314,8542884.0,15.797229547481411,0.16337966619190247,Pre-COVID (2006-2019)
"Scranton--Wilkes-Barre, PA",2018,15.888450258409767,7948154.0,15.776875417487437,0.11157484092233005,Pre-COVID (2006-2019)
"Scranton--Wilkes-Barre, PA",2019,16.15987894328375,10426685.0,15.849436504775984,0.3104424385077671,Pre-COVID (2006-2019)
"Seattle-Tacoma-Bellevue, WA",2006,16.96101881343605,23231480.0,16.952447478960025,0.008571334476023651,Pre-COVID (2006-2019)
"Seattle-Tacoma-Bellevue, WA",2007,16.901418442867257,21887329.0,16.817377901441997,0.08404054142526007,Pre-COVID (2006-2019)
"Seattle-Tacoma-Bellevue, WA",2008,17.07354901737615,25998490.0,16.803509720631343,0.2700392967448053,Pre-COVID (2006-2019)
"Seattle-Tacoma-Bellevue, WA",2009,17.314153625492484,33070547.0,17.051549941482907,0.26260368400957645,Pre-COVID (2006-2019)
"Seattle-Tacoma-Bellevue, WA",2010,17.3267348407526,33489243.0,17.138271658883163,0.18846318186943734,Pre-COVID (2006-2019)
"Seattle-Tacoma-Bellevue, WA",2011,17.334350195003363,33745249.0,16.953595815128875,0.3807543798744888,Pre-COVID (2006-2019)
"Seattle-Tacoma-Bellevue, WA",2012,17.1442526523185,27903220.0,16.84606674053774,0.2981859117807595,Pre-COVID (2006-2019)
"Seattle-Tacoma-Bellevue, WA",2013,17.07448755442229,26022902.0,16.648489001967828,0.4259985524544625,Pre-COVID (2006-2019)
"Seattle-Tacoma-Bellevue, WA",2014,16.868790819464365,21184722.0,16.508887960125715,0.35990285933864996,Pre-COVID (2006-2019)
"Seattle-Tacoma-Bellevue, WA",2015,16.778154552494986,19349063.0,16.379113621966155,0.3990409305288303,Pre-COVID (2006-2019)
"Seattle-Tacoma-Bellevue, WA",2016,16.551151477032747,15419623.0,16.27086816514345,0.28028331188929556,Pre-COVID (2006-2019)
"Seattle-Tacoma-Bellevue, WA",2017,16.612705120737157,16398577.0,16.45374981050986,0.1589553102272987,Pre-COVID (2006-2019)
"Seattle-Tacoma-Bellevue, WA",2018,16.61440370288646,16426455.0,16.34555612657802,0.26884757630843836,Pre-COVID (2006-2019)
"Seattle-Tacoma-Bellevue, WA",2019,16.687004750562444,17663391.0,16.34163633541663,0.3453684151458134,Pre-COVID (2006-2019)
"Spokane-Spokane Valley, WA",2007,14.50011787749066,1982993.0,15.002191094242644,-0.5020732167519846,Pre-COVID (2006-2019)
"Spokane-Spokane Valley, WA",2008,14.71098655853774,2448501.0,15.304062121934576,-0.5930755633968356,Pre-COVID (2006-2019)
"Spokane-Spokane Valley, WA",2009,14.875290538040284,2885736.0,15.479240908387156,-0.6039503703468725,Pre-COVID (2006-2019)
"Spokane-Spokane Valley, WA",2010,14.893604102986087,2939071.0,15.617211026597648,-0.7236069236115608,Pre-COVID (2006-2019)
"Spokane-Spokane Valley, WA",2011,14.892077626603818,2934588.0,15.5374426471353,-0.6453650205314823,Pre-COVID (2006-2019)
"Spokane-Spokane Valley, WA",2012,14.774047805246845,2607879.0,15.293959832422999,-0.5199120271761544,Pre-COVID (2006-2019)
"Spokane-Spokane Valley, WA",2013,14.732229997929982,2501072.0,15.26174247044609,-0.5295124725161067,Pre-COVID (2006-2019)
"Spokane-Spokane Valley, WA",2014,14.58885058877195,2166992.0,15.363293471366775,-0.7744428825948262,Pre-COVID (2006-2019)
"Spokane-Spokane Valley, WA",2015,14.435352905306525,1858635.0,15.247950157437328,-0.8125972521308036,Pre-COVID (2006-2019)
"Spokane-Spokane Valley, WA",2016,13.983335883606182,1182730.0,14.907820921414766,-0.9244850378085836,Pre-COVID (2006-2019)
"Spokane-Spokane Valley, WA",2017,13.886709660599177,1073795.0,14.828457121815518,-0.941747461216341,Pre-COVID (2006-2019)
"Spokane-Spokane Valley, WA",2018,13.889546956128068,1076846.0,14.597367258354126,-0.7078203022260574,Pre-COVID (2006-2019)
"Spokane-Spokane Valley, WA",2019,14.32912189801718,1671316.0,14.681711575087862,-0.35258967707068223,Pre-COVID (2006-2019)
"St. Louis, MO-IL",2006,17.18332022143295,29014905.0,17.068568287351184,0.11475193408176665,Pre-COVID (2006-2019)
"St. Louis, MO-IL",2007,17.275783534869458,31825663.0,17.206474802831565,0.0693087320378929,Pre-COVID (2006-2019)
"St. Louis, MO-IL",2008,17.390035588881922,35677671.0,17.266517319373058,0.12351826950886391,Pre-COVID (2006-2019)
"St. Louis, MO-IL",2009,17.659019191691897,46689002.0,17.33823557992892,0.32078361176297676,Pre-COVID (2006-2019)
"St. Louis, MO-IL",2010,17.62563976505351,45156273.0,17.370937820773293,0.2547019442802174,Pre-COVID (2006-2019)
"St. Louis, MO-IL",2011,17.579867592319008,43135962.0,17.316147662046316,0.2637199302726927,Pre-COVID (2006-2019)
"St. Louis, MO-IL",2012,17.552263780294627,41961529.0,17.256742138990216,0.2955216413044113,Pre-COVID (2006-2019)
"St. Louis, MO-IL",2013,17.481236552508886,39084501.0,17.2099423268048,0.2712942257040858,Pre-COVID (2006-2019)
"St. Louis, MO-IL",2014,17.316280839298976,33140970.0,17.165815830778108,0.15046500852086808,Pre-COVID (2006-2019)
"St. Louis, MO-IL",2015,17.33428689520063,33743113.0,17.0647425937498,0.2695443014508321,Pre-COVID (2006-2019)
"St. Louis, MO-IL",2016,17.194227231470816,29333103.0,17.036922048586433,0.15730518288438233,Pre-COVID (2006-2019)
"St. Louis, MO-IL",2017,17.079012575406903,26140923.0,16.883914283760213,0.19509829164669057,Pre-COVID (2006-2019)
"St. Louis, MO-IL",2018,17.084908684081185,26295508.0,16.88361165276399,0.20129703131719623,Pre-COVID (2006-2019)
"St. Louis, MO-IL",2019,17.2375082390169,30630544.0,16.830888745128163,0.4066194938887371,Pre-COVID (2006-2019)
"Stockton-Lodi, CA",2007,16.49903450097177,14636581.0,15.716475485479146,0.782559015492625,Pre-COVID (2006-2019)
"Stockton-Lodi, CA",2008,16.493126843358155,14550368.0,15.790999161122649,0.7021276822355063,Pre-COVID (2006-2019)
"Stockton-Lodi, CA",2009,16.712552796432565,18120470.0,16.085796956633036,0.6267558397995288,Pre-COVID (2006-2019)
"Stockton-Lodi, CA",2010,16.745909007544547,18735094.0,15.948944133547974,0.7969648739965738,Pre-COVID (2006-2019)
"Stockton-Lodi, CA",2011,16.694638900444776,17798752.0,16.206312324700587,0.48832657574418903,Pre-COVID (2006-2019)
"Stockton-Lodi, CA",2012,16.684599887531927,17620964.0,16.04533232288548,0.639267564646449,Pre-COVID (2006-2019)
"Stockton-Lodi, CA",2013,16.534004565500283,15157478.0,16.017077637298076,0.5169269282022064,Pre-COVID (2006-2019)
"Stockton-Lodi, CA",2014,16.388887228736653,13110018.0,16.09320411656997,0.29568311216668164,Pre-COVID (2006-2019)
"Stockton-Lodi, CA",2015,16.231719382020756,11203305.0,16.103526253865866,0.1281931281548907,Pre-COVID (2006-2019)
"Stockton-Lodi, CA",2016,15.669087819250898,6382611.0,15.749665020307475,-0.08057720105657751,Pre-COVID (2006-2019)
"Stockton-Lodi, CA",2017,16.023799696653388,9100134.0,15.299005445623232,0.7247942510301559,Pre-COVID (2006-2019)
"Stockton-Lodi, CA",2018,15.769212132025407,7054753.0,15.129521817402527,0.6396903146228805,Pre-COVID (2006-2019)
"Stockton-Lodi, CA",2019,15.936710455641096,8341140.0,15.23299973716094,0.7037107184801563,Pre-COVID (2006-2019)
"Syracuse, NY",2007,15.77146862858446,7070690.0,15.725291216356043,0.04617741222841687,Pre-COVID (2006-2019)
"Syracuse, NY",2008,15.790371696286208,7205619.0,16.226220318904172,-0.4358486226179643,Pre-COVID (2006-2019)
"Syracuse, NY",2009,16.040179297656795,9250418.0,16.138987425600348,-0.09880812794355265,Pre-COVID (2006-2019)
"Syracuse, NY",2010,16.142922498441223,10251376.0,16.306912186458252,-0.16398968801702907,Pre-COVID (2006-2019)
"Syracuse, NY",2011,16.191894289559066,10765900.0,16.243731148689054,-0.051836859129988255,Pre-COVID (2006-2019)
"Syracuse, NY",2012,16.233677688416495,11225266.0,16.256665288161635,-0.02298759974513942,Pre-COVID (2006-2019)
"Syracuse, NY",2013,16.158310773368942,10410347.0,16.35857221172847,-0.20026143835952936,Pre-COVID (2006-2019)
"Syracuse, NY",2014,16.13789278804335,10199944.0,16.21512806409724,-0.0772352760538908,Pre-COVID (2006-2019)
"Syracuse, NY",2015,15.961193856951088,8547880.0,16.16588994856921,-0.2046960916181213,Pre-COVID (2006-2019)
"Syracuse, NY",2016,15.861856946879342,7739572.0,15.998718661972196,-0.13686171509285394,Pre-COVID (2006-2019)
"Syracuse, NY",2017,15.611124256764512,6023170.0,15.718455751824138,-0.10733149505962558,Pre-COVID (2006-2019)
"Syracuse, NY",2018,15.26221163480785,4249074.0,15.663315380348891,-0.40110374554104133,Pre-COVID (2006-2019)
"Syracuse, NY",2019,15.443096985306607,5091571.0,15.67965712037397,-0.2365601350673625,Pre-COVID (2006-2019)
"Tampa-St. Petersburg-Clearwater, FL",2006,16.08861400674002,9709487.0,16.60955036424211,-0.5209363575020909,Pre-COVID (2006-2019)
"Tampa-St. Petersburg-Clearwater, FL",2007,16.288031571448506,11852289.0,16.482144927311303,-0.19411335586279677,Pre-COVID (2006-2019)
"Tampa-St. Petersburg-Clearwater, FL",2008,16.726276162687416,18370858.0,16.566476116776087,0.15980004591132868,Pre-COVID (2006-2019)
"Tampa-St. Petersburg-Clearwater, FL",2009,17.045562773648047,25280977.0,17.220149811510787,-0.17458703786273944,Pre-COVID (2006-2019)
"Tampa-St. Petersburg-Clearwater, FL",2010,17.06918888852717,25885380.0,17.160098783496935,-0.09090989496976576,Pre-COVID (2006-2019)
"Tampa-St. Petersburg-Clearwater, FL",2011,16.998931252564493,24129151.0,17.133927039824584,-0.13499578726009176,Pre-COVID (2006-2019)
"Tampa-St. Petersburg-Clearwater, FL",2012,17.03139471224531,24925320.0,17.08379049662009,-0.052395784374780874,Pre-COVID (2006-2019)
"Tampa-St. Petersburg-Clearwater, FL",2013,16.917278064503154,22237221.0,17.007936513778965,-0.09065844927581068,Pre-COVID (2006-2019)
"Tampa-St. Petersburg-Clearwater, FL",2014,16.853822512402395,20869984.0,16.81393716949315,0.03988534290924406,Pre-COVID (2006-2019)
"Tampa-St. Petersburg-Clearwater, FL",2015,16.691703041171575,17746574.0,16.914052364353335,-0.22234932318175993,Pre-COVID (2006-2019)
"Tampa-St. Petersburg-Clearwater, FL",2016,16.509498209955076,14790538.0,16.67619551204938,-0.16669730209430256,Pre-COVID (2006-2019)
"Tampa-St. Petersburg-Clearwater, FL",2017,16.326276294218932,12314356.0,16.50051131754364,-0.17423502332470875,Pre-COVID (2006-2019)
"Tampa-St. Petersburg-Clearwater, FL",2018,16.301189409527726,12009270.0,16.50535888898093,-0.20416947945320274,Pre-COVID (2006-2019)
"Tampa-St. Petersburg-Clearwater, FL",2019,16.377333571964478,12959421.0,16.49004143593838,-0.11270786397390253,Pre-COVID (2006-2019)
"Toledo, OH",2006,16.044308519637365,9288694.0,16.04875481758067,-0.004446297943303534,Pre-COVID (2006-2019)
"Toledo, OH",2007,16.08848948159497,9708278.0,15.92037910856266,0.16811037303230947,Pre-COVID (2006-2019)
"Toledo, OH",2008,16.1819200421658,10659052.0,16.10631522305276,0.07560481911303896,Pre-COVID (2006-2019)
"Toledo, OH",2009,16.275830158339915,11708553.0,16.420223458079885,-0.14439329973997062,Pre-COVID (2006-2019)
"Toledo, OH",2010,16.233886214070072,11227607.0,16.23975802390065,-0.00587180983057678,Pre-COVID (2006-2019)
"Toledo, OH",2011,16.40355357682882,13303711.0,16.098150475921006,0.30540310090781375,Pre-COVID (2006-2019)
"Toledo, OH",2012,16.286158787895424,11830113.0,15.966608091103108,0.31955069679231585,Pre-COVID (2006-2019)
"Toledo, OH",2013,16.172081342589355,10554695.0,15.963103339892534,0.20897800269682065,Pre-COVID (2006-2019)
"Toledo, OH",2014,16.027094215169953,9130164.0,15.921665960578773,0.10542825459117999,Pre-COVID (2006-2019)
"Toledo, OH",2015,15.764060505398188,7018503.0,15.678097151992153,0.08596335340603467,Pre-COVID (2006-2019)
"Toledo, OH",2016,15.673278561081526,6409415.0,15.781163262413504,-0.1078847013319777,Pre-COVID (2006-2019)
"Toledo, OH",2017,15.534266624264529,5577586.0,15.508008980403979,0.026257643860549962,Pre-COVID (2006-2019)
"Toledo, OH",2018,15.55828739450202,5713186.0,15.450797675615984,0.1074897188860362,Pre-COVID (2006-2019)
"Toledo, OH",2019,15.524619129479662,5524035.0,15.464759679385663,0.059859450093998845,Pre-COVID (2006-2019)
"Tucson, AZ",2006,14.432662910453873,1853642.0,15.266485639468469,-0.8338227290145959,Pre-COVID (2006-2019)
"Tucson, AZ",2007,14.768678875395663,2593915.0,14.817741107604787,-0.04906223220912409,Pre-COVID (2006-2019)
"Tucson, AZ",2008,15.252138653241015,4206488.0,15.401926099831615,-0.14978744659059906,Pre-COVID (2006-2019)
"Tucson, AZ",2009,15.591835187210169,5908102.0,15.7385288390802,-0.1466936518700308,Pre-COVID (2006-2019)
"Tucson, AZ",2010,15.586941801793664,5879262.0,15.846691414891731,-0.25974961309806766,Pre-COVID (2006-2019)
"Tucson, AZ",2011,15.61722910388184,6060053.0,15.727144871465818,-0.1099157675839777,Pre-COVID (2006-2019)
"Tucson, AZ",2012,15.545556135253207,5640911.0,15.711213404454902,-0.1656572692016951,Pre-COVID (2006-2019)
"Tucson, AZ",2013,15.451580664199046,5134950.0,15.616195893067212,-0.1646152288681666,Pre-COVID (2006-2019)
"Tucson, AZ",2014,15.451513085795169,5134603.0,15.531624387387206,-0.08011130159203717,Pre-COVID (2006-2019)
"Tucson, AZ",2015,15.437198531082235,5061627.0,15.409487313267304,0.027711217814930578,Pre-COVID (2006-2019)
"Tucson, AZ",2016,15.343841446541253,4610475.0,15.576455309738632,-0.2326138631973791,Pre-COVID (2006-2019)
"Tucson, AZ",2017,15.267495978918777,4271587.0,15.228060414693935,0.03943556422484207,Pre-COVID (2006-2019)
"Tucson, AZ",2018,15.284073378702331,4342989.0,15.388450344875231,-0.10437696617290015,Pre-COVID (2006-2019)
"Tucson, AZ",2019,15.343396491013735,4608424.0,15.376801191333566,-0.03340470031983145,Pre-COVID (2006-2019)
"Tulsa, OK",2006,16.003746637293332,8919466.0,15.806315623738138,0.1974310135551942,Pre-COVID (2006-2019)
"Tulsa, OK",2007,15.721628390532242,6726923.0,15.916307745795082,-0.1946793552628403,Pre-COVID (2006-2019)
"Tulsa, OK",2008,15.746096604713912,6893549.0,16.029677537947084,-0.28358093323317135,Pre-COVID (2006-2019)
"Tulsa, OK",2009,16.067490645961062,9506541.0,15.91298661672522,0.1545040292358415,Pre-COVID (2006-2019)
"Tulsa, OK",2010,16.158611006469638,10413473.0,16.085152928710517,0.0734580777591205,Pre-COVID (2006-2019)
"Tulsa, OK",2011,16.114814774765172,9967245.0,16.093537217898753,0.02127755686641919,Pre-COVID (2006-2019)
"Tulsa, OK",2012,16.106576964878798,9885474.0,15.924632677019009,0.181944287859789,Pre-COVID (2006-2019)
"Tulsa, OK",2013,15.95345977643039,8482025.0,15.783993083461334,0.16946669296905625,Pre-COVID (2006-2019)
"Tulsa, OK",2014,15.746881813367073,6898964.0,15.778987801349738,-0.032105987982664175,Pre-COVID (2006-2019)
"Tulsa, OK",2015,15.808037217998654,7334041.0,15.717087067805593,0.09095015019306096,Pre-COVID (2006-2019)
"Tulsa, OK",2016,15.781598754033045,7142681.0,15.455843171677826,0.3257555823552192,Pre-COVID (2006-2019)
"Tulsa, OK",2017,15.52811245544816,5543366.0,15.469970416797894,0.05814203865026535,Pre-COVID (2006-2019)
"Tulsa, OK",2018,15.535034582814948,5581871.0,15.474349776597778,0.06068480621716965,Pre-COVID (2006-2019)
"Tulsa, OK",2019,15.598665447076964,5948594.0,15.666561526841747,-0.06789607976478251,Pre-COVID (2006-2019)
"Urban Honolulu, HI",2007,14.10185123114219,1331546.0,14.931134364296835,-0.8292831331546449,Pre-COVID (2006-2019)
"Urban Honolulu, HI",2008,14.379963769533804,1758486.0,15.108035657691673,-0.7280718881578689,Pre-COVID (2006-2019)
"Urban Honolulu, HI",2009,14.821338474289046,2734170.0,15.163875199390189,-0.34253672510114264,Pre-COVID (2006-2019)
"Urban Honolulu, HI",2010,14.996065901348297,3256182.0,15.548785140378476,-0.5527192390301785,Pre-COVID (2006-2019)
"Urban Honolulu, HI",2011,14.937760594105038,3071758.0,15.411286443475339,-0.47352584937030073,Pre-COVID (2006-2019)
"Urban Honolulu, HI",2012,14.758456073672066,2567533.0,15.165787472834358,-0.4073313991622918,Pre-COVID (2006-2019)
"Urban Honolulu, HI",2013,14.638657401928564,2277656.0,15.016887010406574,-0.37822960847801035,Pre-COVID (2006-2019)
"Urban Honolulu, HI",2014,14.451078412583788,1888094.0,14.98240376809893,-0.5313253555151416,Pre-COVID (2006-2019)
"Urban Honolulu, HI",2015,14.35529674681121,1715640.0,14.982512460729371,-0.6272157139181616,Pre-COVID (2006-2019)
"Urban Honolulu, HI",2016,14.130050458210867,1369629.0,14.942931760924536,-0.8128813027136683,Pre-COVID (2006-2019)
"Urban Honolulu, HI",2017,14.070507752086199,1290458.0,14.89373756024092,-0.8232298081547214,Pre-COVID (2006-2019)
"Urban Honolulu, HI",2018,14.092288141999305,1318873.0,14.85824657438425,-0.7659584323849451,Pre-COVID (2006-2019)
"Urban Honolulu, HI",2019,14.453112258501001,1891938.0,14.911537381220064,-0.45842512271906344,Pre-COVID (2006-2019)
"Virginia Beach-Chesapeake-Norfolk, VA-NC",2006,15.867507159121782,7783426.0,15.6428977719313,0.2246093871904815,Pre-COVID (2006-2019)
"Virginia Beach-Chesapeake-Norfolk, VA-NC",2007,16.185720934389547,10699643.0,16.067971205081818,0.11774972930772876,Pre-COVID (2006-2019)
"Virginia Beach-Chesapeake-Norfolk, VA-NC",2008,16.22050755372671,11078397.0,16.482358215471024,-0.26185066174431526,Pre-COVID (2006-2019)
"Virginia Beach-Chesapeake-Norfolk, VA-NC",2009,16.449531799175826,13929672.0,16.701006967557017,-0.2514751683811909,Pre-COVID (2006-2019)
"Virginia Beach-Chesapeake-Norfolk, VA-NC",2010,16.530946748699748,15111200.0,16.94758122624126,-0.41663447754151406,Pre-COVID (2006-2019)
"Virginia Beach-Chesapeake-Norfolk, VA-NC",2011,16.31743311260456,12205938.0,16.992888301266543,-0.6754551886619815,Pre-COVID (2006-2019)
"Virginia Beach-Chesapeake-Norfolk, VA-NC",2012,16.410279997944432,13393499.0,16.789029085199346,-0.3787490872549135,Pre-COVID (2006-2019)
"Virginia Beach-Chesapeake-Norfolk, VA-NC",2013,16.30969057684526,12111798.0,16.77382899729644,-0.4641384204511816,Pre-COVID (2006-2019)
"Virginia Beach-Chesapeake-Norfolk, VA-NC",2014,16.252114787116625,11434147.0,16.898499966340285,-0.6463851792236603,Pre-COVID (2006-2019)
"Virginia Beach-Chesapeake-Norfolk, VA-NC",2015,16.070867660959184,9538699.0,16.78868981506338,-0.7178221541041943,Pre-COVID (2006-2019)
"Virginia Beach-Chesapeake-Norfolk, VA-NC",2016,15.96879752840776,8613123.0,16.611379530490886,-0.6425820020831257,Pre-COVID (2006-2019)
"Virginia Beach-Chesapeake-Norfolk, VA-NC",2017,15.735307857799029,6819576.0,16.58520885093744,-0.8499009931384123,Pre-COVID (2006-2019)
"Virginia Beach-Chesapeake-Norfolk, VA-NC",2018,15.6467607359448,6241685.0,16.19375274019061,-0.5469920042458103,Pre-COVID (2006-2019)
"Virginia Beach-Chesapeake-Norfolk, VA-NC",2019,15.49855388772114,5381910.0,16.421582261118104,-0.9230283733969635,Pre-COVID (2006-2019)
"Washington-Arlington-Alexandria, DC-VA-MD-WV",2006,16.90238177835923,21908424.0,17.040749295657157,-0.13836751729792596,Pre-COVID (2006-2019)
"Washington-Arlington-Alexandria, DC-VA-MD-WV",2007,17.090989073397957,26455882.0,17.21588114970062,-0.12489207630266463,Pre-COVID (2006-2019)
"Washington-Arlington-Alexandria, DC-VA-MD-WV",2008,17.317959103451756,33196636.0,17.47682212090209,-0.15886301745033293,Pre-COVID (2006-2019)
"Washington-Arlington-Alexandria, DC-VA-MD-WV",2009,17.422469834727607,36853820.0,17.751062039710185,-0.32859220498257713,Pre-COVID (2006-2019)
"Washington-Arlington-Alexandria, DC-VA-MD-WV",2010,17.437566375385003,37414406.0,17.724783512619872,-0.28721713723486886,Pre-COVID (2006-2019)
"Washington-Arlington-Alexandria, DC-VA-MD-WV",2011,17.408524773257128,36343458.0,17.386865257247592,0.021659516009535196,Pre-COVID (2006-2019)
"Washington-Arlington-Alexandria, DC-VA-MD-WV",2012,17.371863542920348,35035190.0,17.4933155264396,-0.12145198351925046,Pre-COVID (2006-2019)
"Washington-Arlington-Alexandria, DC-VA-MD-WV",2013,17.317473514695386,33180520.0,17.523779622699433,-0.20630610800404625,Pre-COVID (2006-2019)
"Washington-Arlington-Alexandria, DC-VA-MD-WV",2014,17.27386563309575,31764683.0,17.421695555194756,-0.1478299220990067,Pre-COVID (2006-2019)
"Washington-Arlington-Alexandria, DC-VA-MD-WV",2015,17.18850676505791,29165783.0,17.301517312229606,-0.11301054717169734,Pre-COVID (2006-2019)
"Washington-Arlington-Alexandria, DC-VA-MD-WV",2016,17.056380215526815,25555937.0,17.25045841963836,-0.19407820411154475,Pre-COVID (2006-2019)
"Washington-Arlington-Alexandria, DC-VA-MD-WV",2017,16.943485093570917,22827696.0,17.033400891594862,-0.08991579802394511,Pre-COVID (2006-2019)
"Washington-Arlington-Alexandria, DC-VA-MD-WV",2018,16.901690481088224,21893284.0,17.053610343365545,-0.15191986227732102,Pre-COVID (2006-2019)
"Washington-Arlington-Alexandria, DC-VA-MD-WV",2019,16.891380950024658,21668734.0,17.22016468291214,-0.32878373288748364,Pre-COVID (2006-2019)
"Wichita, KS",2007,15.33152574822469,4554042.0,15.934069222393191,-0.6025434741685007,Pre-COVID (2006-2019)
"Wichita, KS",2008,15.322663664337137,4513862.0,16.20855462971863,-0.8858909653814937,Pre-COVID (2006-2019)
"Wichita, KS",2009,15.616621994243097,6056375.0,16.091267010695045,-0.474645016451948,Pre-COVID (2006-2019)
"Wichita, KS",2010,15.650827157815256,6267118.0,16.06856691531265,-0.41773975749739556,Pre-COVID (2006-2019)
"Wichita, KS",2011,15.591738197045116,5907529.0,15.88547261529158,-0.29373441824646385,Pre-COVID (2006-2019)
"Wichita, KS",2012,15.58572628503498,5872120.0,15.89560131404282,-0.3098750290078396,Pre-COVID (2006-2019)
"Wichita, KS",2013,15.563757263018418,5744522.0,15.740197650426069,-0.17644038740765033,Pre-COVID (2006-2019)
"Wichita, KS",2014,15.449942500972416,5126545.0,15.486616129979543,-0.03667362900712767,Pre-COVID (2006-2019)
"Wichita, KS",2015,15.415367519316097,4952324.0,15.778155027729577,-0.3627875084134793,Pre-COVID (2006-2019)
"Wichita, KS",2016,14.934730052129483,3062463.0,15.82205926989946,-0.8873292177699774,Pre-COVID (2006-2019)
"Wichita, KS",2017,14.860515649164562,2843413.0,15.241464122828315,-0.3809484736637536,Pre-COVID (2006-2019)
"Wichita, KS",2018,14.748528604970621,2542170.0,14.97317287801338,-0.2246442730427578,Pre-COVID (2006-2019)
"Wichita, KS",2019,14.899815313612583,2957383.0,14.94354547995841,-0.04373016634582605,Pre-COVID (2006-2019)
"Winston-Salem, NC",2006,15.463570927709235,5196890.0,15.507014084678945,-0.04344315696971002,Pre-COVID (2006-2019)
"Winston-Salem, NC",2007,15.63401824914659,6162655.0,15.43163922556496,0.2023790235816314,Pre-COVID (2006-2019)
"Winston-Salem, NC",2008,15.85256325325232,7667976.0,15.746102901118986,0.10646035213333427,Pre-COVID (2006-2019)
"Winston-Salem, NC",2009,16.39534049454133,13194894.0,15.993657015887454,0.4016834786538759,Pre-COVID (2006-2019)
"Winston-Salem, NC",2010,16.34380821952005,12532154.0,16.41758948679201,-0.07378126727196133,Pre-COVID (2006-2019)
"Winston-Salem, NC",2011,16.45799230328382,14048024.0,16.316226625161402,0.14176567812241814,Pre-COVID (2006-2019)
"Winston-Salem, NC",2012,16.162246307331667,10451398.0,16.428352328282838,-0.2661060209511703,Pre-COVID (2006-2019)
"Winston-Salem, NC",2013,16.0217824182646,9081795.0,16.294853670415105,-0.27307125215050476,Pre-COVID (2006-2019)
"Winston-Salem, NC",2014,15.733337613954873,6806153.0,16.264928255454066,-0.5315906414991929,Pre-COVID (2006-2019)
"Winston-Salem, NC",2015,15.371677643033383,4740616.0,15.733467302444097,-0.3617896594107144,Pre-COVID (2006-2019)
"Winston-Salem, NC",2016,15.00782810287196,3294708.0,15.381383884533655,-0.373555781661695,Pre-COVID (2006-2019)
"Winston-Salem, NC",2017,15.393552122904179,4845457.0,15.220892505082634,0.1726596178215445,Pre-COVID (2006-2019)
"Winston-Salem, NC",2018,15.420493160227105,4977773.0,15.250911139487675,0.16958202073942985,Pre-COVID (2006-2019)
"Winston-Salem, NC",2019,15.450319486967063,5128478.0,15.3993504001112,0.05096908685586321,Pre-COVID (2006-2019)
"Worcester, MA",2006,16.590054492530076,16031314.0,15.779786611799578,0.8102678807304979,Pre-COVID (2006-2019)
"Worcester, MA",2007,16.659279116871726,17180389.0,15.597123846395215,1.0621552704765111,Pre-COVID (2006-2019)
"Worcester, MA",2008,16.70268704976385,17942577.0,15.694604149948972,1.0080828998148768,Pre-COVID (2006-2019)
"Worcester, MA",2009,16.809125140793263,19957691.0,16.01558306826107,0.793542072532194,Pre-COVID (2006-2019)
"Worcester, MA",2010,16.85127941368297,20816977.0,15.95204941016382,0.8992300035191505,Pre-COVID (2006-2019)
"Worcester, MA",2011,16.81107271704962,19996598.0,15.893873303507574,0.9171994135420451,Pre-COVID (2006-2019)
"Worcester, MA",2012,16.843803870107624,20661939.0,16.06763266360961,0.7761712064980131,Pre-COVID (2006-2019)
"Worcester, MA",2013,16.70711966114404,18022286.0,15.956736987176717,0.7503826739673247,Pre-COVID (2006-2019)
"Worcester, MA",2014,16.553584372360483,15457183.0,15.972804860437769,0.5807795119227137,Pre-COVID (2006-2019)
"Worcester, MA",2015,16.614811620064117,16433157.0,15.858718670203748,0.7560929498603688,Pre-COVID (2006-2019)
"Worcester, MA",2016,16.34937299312639,12602087.0,15.80560663769774,0.5437663554286498,Pre-COVID (2006-2019)
"Worcester, MA",2017,16.145539305229345,10278237.0,15.666187300284413,0.479352004944932,Pre-COVID (2006-2019)
"Worcester, MA",2018,16.220429741608452,11077535.0,15.571147120461804,0.6492826211466483,Pre-COVID (2006-2019)
"Worcester, MA",2019,16.048095629609026,9323938.0,15.567087033711553,0.4810085958974728,Pre-COVID (2006-2019)
