MSA_Name,Year,Available_SF_Total,Counterfactual_Space_SF,Adv_Weight_LQ,Adv_Weighted_Available_SF_Total,Adv_Weighted_Counterfactual_SF
"Akron, OH",2006,12149686.0,11543298.51337655,0.4728661477151929,5745175.214769212,5458435.099946883
"Akron, OH",2007,9809002.0,12609376.625517823,0.4728661477151929,4638344.988670623,5962547.349998612
"Akron, OH",2008,12172893.0,11648569.888665002,0.4728661477151929,5756149.019459238,5508214.3696442135
"Akron, OH",2009,13694905.0,13432185.960001959,0.4728661477151929,6475856.970675534,6351626.030300227
"Akron, OH",2010,14794297.0,13779059.785712378,0.4728661477151929,6995722.230544436,6515650.920007144
"Akron, OH",2011,14840056.0,15238190.711433025,0.4728661477151929,7017360.112597735,7205624.539864769
"Akron, OH",2012,11617695.0,13541495.960923003,0.4728661477151929,5493614.679980058,6403315.029342505
"Akron, OH",2013,8970997.0,10151310.429996757,0.4728661477151929,4242080.792554553,4800211.057293625
"Akron, OH",2014,8009947.0,7938384.070231853,0.4728661477151929,3787632.7812928664,3753793.0943741896
"Akron, OH",2015,8262554.0,6493666.673759516,0.4728661477151929,3907082.0802687583,3070635.144567193
"Akron, OH",2016,7754277.0,6661785.106951006,0.4728661477151929,3666735.093306523,3150132.6604303666
"Akron, OH",2017,7039414.0,6904261.200785804,0.4728661477151929,3328700.580352397,3264791.396835055
"Akron, OH",2018,6880137.0,6455748.7275733575,0.4728661477151929,3253383.8789427644,3052705.031424872
"Akron, OH",2019,5938135.0,6249624.449640955,0.4728661477151929,2807943.022062757,2955235.838168401
"Akron, OH",2020,6371741.0,6867265.064517221,0.4728661477151929,3012980.620908951,3247297.176397384
"Akron, OH",2021,6688913.0,6079481.86529032,0.4728661477151929,3162960.522712074,2874781.169744209
"Akron, OH",2022,5289067.0,6144713.6330639385,0.4728661477151929,2501020.737297552,2905627.0644799722
"Akron, OH",2023,4591307.0,2695519.8429109682,0.4728661477151929,2171073.6540677994,1274620.0842071716
"Albany-Schenectady-Troy, NY",2007,5726970.0,5757097.9662002865,0.5135192464943624,2940909.319095819,2956380.6095973975
"Albany-Schenectady-Troy, NY",2008,6827720.0,8812652.598312054,0.5135192464943624,3506165.629674488,4525466.721901791
"Albany-Schenectady-Troy, NY",2009,7840417.0,9738310.440484742,0.5135192464943624,4026205.0300415894,5000809.839525907
"Albany-Schenectady-Troy, NY",2010,8027578.0,9914168.41112884,0.5135192464943624,4122315.805734721,5091116.292101092
"Albany-Schenectady-Troy, NY",2011,8671399.0,9602910.724033114,0.5135192464943624,4452930.280531968,4931279.4791581165
"Albany-Schenectady-Troy, NY",2012,7637095.0,8217632.926653041,0.5135192464943624,3921795.269805863,4219912.668462131
"Albany-Schenectady-Troy, NY",2013,7716261.0,8719054.294270525,0.5135192464943624,3962448.5344738355,4477402.191337235
"Albany-Schenectady-Troy, NY",2014,6982725.0,7430008.57041992,0.5135192464943624,3585763.6804773468,3815452.402528692
"Albany-Schenectady-Troy, NY",2015,6511727.0,7524767.934335391,0.5135192464943624,3343897.142416995,3864113.15968485
"Albany-Schenectady-Troy, NY",2016,5767523.0,5102528.298687155,0.5135192464943624,2961734.0650989045,2620246.4871579893
"Albany-Schenectady-Troy, NY",2017,3997693.0,3935898.116638046,0.5135192464943624,2052892.297075787,2021159.4351345496
"Albany-Schenectady-Troy, NY",2018,2937437.0,3291205.7461320814,0.5135192464943624,1508430.4348646605,1690097.4948116622
"Albany-Schenectady-Troy, NY",2019,2852513.0,2869717.90457657,0.5135192464943624,1464820.3263753732,1473655.3760095409
"Albany-Schenectady-Troy, NY",2020,3218704.0,2361042.061377755,0.5135192464943624,1652866.4527683903,1212440.540300201
"Albany-Schenectady-Troy, NY",2021,2323304.0,2828872.150355713,0.5135192464943624,1193061.3194573382,1452680.2950795526
"Albany-Schenectady-Troy, NY",2022,1922713.0,2203760.929848562,0.5135192464943624,987350.1309849151,1131673.652149549
"Albany-Schenectady-Troy, NY",2023,2421250.0,2517166.1387721756,0.5135192464943624,1243358.475574475,1292613.2588834113
"Albuquerque, NM",2007,2695045.0,2669502.109545818,0.5090982787938527,1372042.770771979,1359038.9292063348
"Albuquerque, NM",2008,3132629.0,3158213.932003091,0.5090982787938527,1594816.0319997082,1607841.2768455395
"Albuquerque, NM",2009,4597016.0,4298047.106874272,0.5090982787938527,2340332.933187802,2188128.3842845904
"Albuquerque, NM",2010,4707790.0,4526310.597873813,0.5090982787938527,2396727.785922912,2304336.9346639323
"Albuquerque, NM",2011,4659207.0,4679303.961042442,0.5090982787938527,2371994.26424427,2382225.5925199646
"Albuquerque, NM",2012,4875641.0,4857493.970848625,0.5090982787938527,2482180.441116739,2472941.8198105516
"Albuquerque, NM",2013,4067831.0,3979123.3875057413,0.5090982787938527,2070925.7605242766,2025764.8676875376
"Albuquerque, NM",2014,4018512.0,3662852.8724974757,0.5090982787938527,2045817.5425124427,1864752.0928635842
"Albuquerque, NM",2015,3398109.0,3681281.353862073,0.5090982787938527,1729971.4430539,1874134.0010070852
"Albuquerque, NM",2016,3314221.0,3282519.038488803,0.5090982787938527,1687264.2066424415,1671124.792602702
"Albuquerque, NM",2017,2466713.0,2732391.8747044588,0.5090982787938527,1255799.3425784209,1391056.0004023483
"Albuquerque, NM",2018,2080374.0,2045645.3718192314,0.5090982787938527,1059114.8226474826,1041434.5378157815
"Albuquerque, NM",2019,1415968.0,2024052.8934725656,0.5090982787938527,720866.8716271741,1030441.8442546005
"Albuquerque, NM",2020,1508283.0,1656222.3842790427,0.5090982787938527,767864.2792340285,843179.9651363116
"Albuquerque, NM",2021,1246338.0,1643268.2706622663,0.5090982787938527,634508.5305953728,836585.0481907107
"Albuquerque, NM",2022,1317178.0,1477756.035904771,0.5090982787938527,670573.0526651293,752323.0543563457
"Albuquerque, NM",2023,1984652.0,1660580.8479331057,0.5090982787938527,1010382.9172047774,845398.8514807805
"Allentown-Bethlehem-Easton, PA-NJ",2006,8122125.0,8475788.561450057,0.4743475308254422,3852709.9388055946,4020469.375922361
"Allentown-Bethlehem-Easton, PA-NJ",2007,12710660.0,10478228.006195588,0.4743475308254422,6029270.186161715,4970321.582164873
"Allentown-Bethlehem-Easton, PA-NJ",2008,13061076.0,12937265.570021246,0.4743475308254422,6195489.150523443,6136759.978772584
"Allentown-Bethlehem-Easton, PA-NJ",2009,14498127.0,15617439.890669353,0.4743475308254422,6877150.744043675,7408094.049953772
"Allentown-Bethlehem-Easton, PA-NJ",2010,11226227.0,14898833.265870614,0.4743475308254422,5325133.057935911,7067224.771845684
"Allentown-Bethlehem-Easton, PA-NJ",2011,11080526.0,13121938.70961829,0.4743475308254422,5256020.148347113,6224359.226550225
"Allentown-Bethlehem-Easton, PA-NJ",2012,12049787.0,11074990.06302108,0.4743475308254422,5715786.710422512,5253394.190310358
"Allentown-Bethlehem-Easton, PA-NJ",2013,11945929.0,13166881.991475957,0.4743475308254422,5666521.924566044,6245677.961326601
"Allentown-Bethlehem-Easton, PA-NJ",2014,9813506.0,12979084.93340794,0.4743475308254422,4655012.339840662,6156596.890535755
"Allentown-Bethlehem-Easton, PA-NJ",2015,12221240.0,8750105.866062555,0.4743475308254422,5797115.017625127,4150591.1120279906
"Allentown-Bethlehem-Easton, PA-NJ",2016,10352984.0,9698954.076711778,0.4743475308254422,4910912.397075309,4600674.917877588
"Allentown-Bethlehem-Easton, PA-NJ",2017,11185375.0,10984069.340549279,0.4743475308254422,5305755.01260663,5210266.1701049935
"Allentown-Bethlehem-Easton, PA-NJ",2018,9447154.0,7880735.091530109,0.4743475308254422,4481234.1732276995,3738207.231756722
"Allentown-Bethlehem-Easton, PA-NJ",2019,11029342.0,8248853.904769697,0.4743475308254422,5231741.144329344,3912823.481867313
"Allentown-Bethlehem-Easton, PA-NJ",2020,14529189.0,6963302.307517291,0.4743475308254422,6891884.927046175,3303025.255961931
"Allentown-Bethlehem-Easton, PA-NJ",2021,10801835.0,7405548.554459563,0.4743475308254422,5123823.76063384,3512803.6712158164
"Allentown-Bethlehem-Easton, PA-NJ",2022,9775088.0,5455873.662646595,0.4743475308254422,4636788.85640141,2587980.200371974
"Allentown-Bethlehem-Easton, PA-NJ",2023,12611225.0,4477986.522816141,0.4743475308254422,5982103.439434087,2124121.850167444
"Atlanta-Sandy Springs-Roswell, GA",2006,77004348.0,70478764.58326156,0.4640677266690433,35735232.71999189,32706920.058596876
"Atlanta-Sandy Springs-Roswell, GA",2007,84726789.0,91429174.5240327,0.4640677266690433,39318968.359197706,42429329.17259506
"Atlanta-Sandy Springs-Roswell, GA",2008,101699134.0,97664873.89045487,0.4640677266690433,47195285.919590406,45323116.0017622
"Atlanta-Sandy Springs-Roswell, GA",2009,117755225.0,125089384.52012119,0.4640677266690433,54646399.56915169,58049946.304682456
"Atlanta-Sandy Springs-Roswell, GA",2010,120156439.0,112354430.82747538,0.4640677266690433,55760725.49137757,52140065.295300774
"Atlanta-Sandy Springs-Roswell, GA",2011,115449352.0,100176944.35691327,0.4640677266690433,53576318.32805417,46488886.832363985
"Atlanta-Sandy Springs-Roswell, GA",2012,107638500.0,100755780.3606889,0.4640677266690433,49951553.99706581,46757505.94075033
"Atlanta-Sandy Springs-Roswell, GA",2013,95671284.0,95668796.4078841,0.4640677266690433,44397955.273388416,44396800.86217031
"Atlanta-Sandy Springs-Roswell, GA",2014,81143491.0,81400381.79961075,0.4640677266690433,37656075.40235997,37775290.13173752
"Atlanta-Sandy Springs-Roswell, GA",2015,74586898.0,71051982.06082226,0.4640677266690433,34613372.19415581,32972931.790295433
"Atlanta-Sandy Springs-Roswell, GA",2016,66387575.0,65912462.03281562,0.4640677266690433,30808331.00932061,30587846.414728373
"Atlanta-Sandy Springs-Roswell, GA",2017,59137186.0,62579012.3492014,0.4640677266690433,27443659.468624372,29040899.99808788
"Atlanta-Sandy Springs-Roswell, GA",2018,54593807.0,67609751.61709912,0.4640677266690433,25335223.904698502,31375503.73360586
"Atlanta-Sandy Springs-Roswell, GA",2019,58028925.0,64450503.94272323,0.4640677266690433,26929351.30579841,29909398.84737378
"Atlanta-Sandy Springs-Roswell, GA",2020,59430685.0,91239332.68892492,0.4640677266690433,27579862.88233401,42341229.70374992
"Atlanta-Sandy Springs-Roswell, GA",2021,53756514.0,84281159.97788858,0.4640677266690433,24946663.2456326,39112166.31196871
"Atlanta-Sandy Springs-Roswell, GA",2022,56839285.0,76107691.953423,0.4640677266690433,26377277.775443852,35319123.58685285
"Atlanta-Sandy Springs-Roswell, GA",2023,76271152.0,59325457.668537736,0.4640677266690433,35394980.119069055,27531030.273838867
"Augusta-Richmond County, GA-SC",2007,7968218.0,7432977.85974333,0.4641631362443883,3698553.0571589875,3450114.315013565
"Augusta-Richmond County, GA-SC",2008,8505085.0,7468739.612864088,0.4641631362443883,3947746.9276251034,3466713.602499694
"Augusta-Richmond County, GA-SC",2009,8905655.0,9023114.227015842,0.4641631362443883,4133676.755110518,4188196.998303033
"Augusta-Richmond County, GA-SC",2010,9113741.0,8846973.438620241,0.4641631362443883,4230262.605479068,4106438.937540772
"Augusta-Richmond County, GA-SC",2011,8764372.0,9812007.66278346,0.4641631362443883,4068098.3947325023,4554372.249611542
"Augusta-Richmond County, GA-SC",2012,7517715.0,7891308.650241454,0.4641631362443883,3489446.171791482,3662854.572168544
"Augusta-Richmond County, GA-SC",2013,6914940.0,7741579.393902182,0.4641631362443883,3209660.2373417704,3593355.7709585675
"Augusta-Richmond County, GA-SC",2014,4952918.0,7259964.359615256,0.4641631362443883,2298961.9524412835,3369807.8261814993
"Augusta-Richmond County, GA-SC",2015,4705686.0,5145196.832868861,0.4641631362443883,2184205.971941311,2388210.6985391043
"Augusta-Richmond County, GA-SC",2016,7171027.0,5651725.77451279,0.4641631362443883,3328526.382413187,2623322.760691101
"Augusta-Richmond County, GA-SC",2017,7971247.0,6360375.381712524,0.4641631362443883,3699959.0072986716,2952251.784867284
"Augusta-Richmond County, GA-SC",2018,6316476.0,6914115.4114404665,0.4641631362443883,2931875.310172409,3209277.493729866
"Augusta-Richmond County, GA-SC",2019,4179829.0,5909915.959612204,0.4641631362443883,1940122.5376052454,2743165.1267543645
"Augusta-Richmond County, GA-SC",2020,5044829.0,4140570.1432680157,0.4641631362443883,2341623.6504566413,1921900.0235391585
"Augusta-Richmond County, GA-SC",2021,4132029.0,4542270.103877592,0.4641631362443883,1917935.5396927637,2108354.3370849467
"Augusta-Richmond County, GA-SC",2022,4078201.0,4072354.9087073137,0.4641631362443883,1892950.5663950008,1890237.0263258165
"Augusta-Richmond County, GA-SC",2023,3646379.0,4065912.367584706,0.4641631362443883,1692514.7125756764,1887246.6362329633
"Austin-Round Rock-San Marcos, TX",2006,8546264.0,11511850.541253598,0.5909382752903728,5050314.508336202,6802793.104248946
"Austin-Round Rock-San Marcos, TX",2007,9429035.0,9357441.078604395,0.5909382752903728,5571977.68055256,5529670.092121767
"Austin-Round Rock-San Marcos, TX",2008,11435257.0,10266256.503038237,0.5909382752903728,6757531.049082163,6066723.9115939895
"Austin-Round Rock-San Marcos, TX",2009,12755218.0,15940672.89518812,0.5909382752903728,7537546.525872719,9419953.747650461
"Austin-Round Rock-San Marcos, TX",2010,12618313.0,14720655.887629867,0.5909382752903728,7456644.12129409,8698999.001379065
"Austin-Round Rock-San Marcos, TX",2011,11802062.0,14123053.047259739,0.5909382752903728,6974290.163150048,8345852.609582114
"Austin-Round Rock-San Marcos, TX",2012,11044689.0,12877428.101287156,0.5909382752903728,6526729.4687785525,7609765.152350413
"Austin-Round Rock-San Marcos, TX",2013,9190451.0,9829451.557926284,0.5909382752903728,5430989.263080682,5808599.150691226
"Austin-Round Rock-San Marcos, TX",2014,9409924.0,9166175.764392436,0.5909382752903728,5560684.259173486,5416644.09721848
"Austin-Round Rock-San Marcos, TX",2015,7100325.0,8892440.766995832,0.5909382752903728,4195853.809501116,5254883.609970317
"Austin-Round Rock-San Marcos, TX",2016,8330627.0,8277154.961682314,0.5909382752903728,4922886.351467413,4891287.677367698
"Austin-Round Rock-San Marcos, TX",2017,9337179.0,8629976.434837362,0.5909382752903728,5517696.454337488,5099783.390199351
"Austin-Round Rock-San Marcos, TX",2018,10440325.0,9769750.992126314,0.5909382752903728,6169587.648970962,5773319.801303533
"Austin-Round Rock-San Marcos, TX",2019,11111689.0,9595868.190894304,0.5909382752903728,6566322.333223008,5670565.7986408295
"Austin-Round Rock-San Marcos, TX",2020,10799616.0,10284321.878086658,0.5909382752903728,6381906.452838315,6077399.433167578
"Austin-Round Rock-San Marcos, TX",2021,8880750.0,11922786.506561631,0.5909382752903728,5247975.088284979,7045630.894842859
"Austin-Round Rock-San Marcos, TX",2022,14970846.0,10728995.275424937,0.5909382752903728,8846845.914877776,6340173.963658171
"Austin-Round Rock-San Marcos, TX",2023,22806452.0,13525004.47156627,0.5909382752903728,13477205.410372673,7992442.815721951
"Bakersfield-Delano, CA",2007,1999789.0,3177701.6423526295,0.3464003301969438,692727.569924216,1100756.8981783213
"Bakersfield-Delano, CA",2008,3316322.0,2589918.661998941,0.3464003301969438,1148775.035839389,897148.67969966
"Bakersfield-Delano, CA",2009,5388365.0,4968859.4962575985,0.3464003301969438,1866531.415221655,1721214.570205852
"Bakersfield-Delano, CA",2010,5871459.0,5688840.62297909,0.3464003301969438,2033875.3363378174,1970616.2702377439
"Bakersfield-Delano, CA",2011,5200063.0,4709081.253889856,0.3464003301969438,1801303.54024491,1631227.301271684
"Bakersfield-Delano, CA",2012,2539844.0,3666594.2699950417,0.3464003301969438,879802.8002487265,1270109.4658245044
"Bakersfield-Delano, CA",2013,2547894.0,3165888.553704517,0.3464003301969438,882591.3229068118,1096664.8403699694
"Bakersfield-Delano, CA",2014,2394529.0,2436522.4248979366,0.3464003301969438,829465.6362661576,844012.1725169034
"Bakersfield-Delano, CA",2015,3079097.0,2979026.5826203423,0.3464003301969438,1066600.217508419,1031935.7918851596
"Bakersfield-Delano, CA",2016,2647670.0,2462286.965424945,0.3464003301969438,917153.7622525421,852937.0178628317
"Bakersfield-Delano, CA",2017,4217222.0,2851096.3553397954,0.3464003301969438,1460847.0933138155,987620.718913008
"Bakersfield-Delano, CA",2018,1900890.0,2533165.712737562,0.3464003301969438,658468.9236680685,877489.439335868
"Bakersfield-Delano, CA",2019,1991991.0,2522266.2188583417,0.3464003301969438,690026.3401493402,873713.8510571264
"Bakersfield-Delano, CA",2020,2955871.0,2267642.1167677655,0.3464003301969438,1023914.6904195704,785511.9780168505
"Bakersfield-Delano, CA",2021,3427228.0,2056512.5471278655,0.3464003301969438,1187192.9108602111,712376.6253792505
"Bakersfield-Delano, CA",2022,3764161.0,1709924.578823374,0.3464003301969438,1303906.6133144582,592318.4387162867
"Bakersfield-Delano, CA",2023,5248095.0,2477288.505075876,0.3464003301969438,1817941.8409049297,858133.5561513767
"Baltimore-Columbia-Towson, MD",2006,33396573.0,28458636.958003502,0.509189592236838,17005187.387977794,14490841.748262012
"Baltimore-Columbia-Towson, MD",2007,33408130.0,30692790.631126806,0.509189592236838,17011072.092095274,15628449.5460741
"Baltimore-Columbia-Towson, MD",2008,35851224.0,39068967.33595438,0.509189592236838,18255070.12975154,19893511.546908956
"Baltimore-Columbia-Towson, MD",2009,39565619.0,43306944.18691239,0.509189592236838,20146401.405208092,22051445.25155742
"Baltimore-Columbia-Towson, MD",2010,38813361.0,43847182.5700022,0.509189592236838,19763359.460931193,22326529.013553612
"Baltimore-Columbia-Towson, MD",2011,36422861.0,41108132.758092925,0.509189592236838,18546141.74068903,20931833.356711138
"Baltimore-Columbia-Towson, MD",2012,38722111.0,37438114.34614888,0.509189592236838,19716895.91063958,19063098.178031664
"Baltimore-Columbia-Towson, MD",2013,36523785.0,33378832.196248133,0.509189592236838,18597531.19109594,16996153.955349427
"Baltimore-Columbia-Towson, MD",2014,35490793.0,34789959.435526356,0.509189592236838,18071542.415832024,17714685.2589118
"Baltimore-Columbia-Towson, MD",2015,33536544.0,31262691.7809622,0.509189592236838,17076459.164392777,15918637.28017409
"Baltimore-Columbia-Towson, MD",2016,29970230.0,32525928.552049384,0.509189592236838,15260529.19294425,16561864.296542553
"Baltimore-Columbia-Towson, MD",2017,30423928.0,30797617.727207802,0.509189592236838,15491547.492562918,15681826.412382955
"Baltimore-Columbia-Towson, MD",2018,26238625.0,26540498.367723603,0.509189592236838,13360434.764605304,13514145.541623646
"Baltimore-Columbia-Towson, MD",2019,28943940.0,22772589.070691854,0.509189592236838,14737953.006327506,11595565.343082659
"Baltimore-Columbia-Towson, MD",2020,23500321.0,24793306.314416256,0.509189592236838,11966118.867424801,12624493.532440634
"Baltimore-Columbia-Towson, MD",2021,17270440.0,20791581.191597704,0.509189592236838,8793928.301350776,10586856.748908745
"Baltimore-Columbia-Towson, MD",2022,17910033.0,19826102.1802629,0.509189592236838,9119602.400218314,10095244.884813951
"Baltimore-Columbia-Towson, MD",2023,23524258.0,15481063.825596338,0.509189592236838,11978307.338694174,7882796.576747863
"Baton Rouge, LA",2007,3181640.0,3425460.7918820605,0.48355142425127884,1538486.5534548387,1656386.4446314839
"Baton Rouge, LA",2008,3798765.0,4174415.8650624305,0.48355142425127884,1836898.2261459092,2018544.7369680726
"Baton Rouge, LA",2009,5539450.0,5777268.252593937,0.48355142425127884,2678608.9370687464,2793606.291823495
"Baton Rouge, LA",2010,5818978.0,6042026.819462055,0.48355142425127884,2813775.099586858,2921630.6739153014
"Baton Rouge, LA",2011,4985810.0,5375634.956170997,0.48355142425127884,2410895.5265462687,2599395.939311446
"Baton Rouge, LA",2012,4104746.0,4841759.841940229,0.48355142425127884,1984855.77448974,2341239.8674528445
"Baton Rouge, LA",2013,3515977.0,4842261.06963951,0.48355142425127884,1700155.6859847386,2341482.2368207057
"Baton Rouge, LA",2014,4059088.0,3926991.5821630824,0.48355142425127884,1962777.7835612749,1898902.3725777415
"Baton Rouge, LA",2015,3426604.0,3371865.742359448,0.48355142425127884,1656939.2445451291,1630470.482102007
"Baton Rouge, LA",2016,2065221.0,2735466.1198126073,0.48355142425127884,998640.5559436503,1322738.5382265055
"Baton Rouge, LA",2017,1939322.0,2103265.9916230394,0.48355142425127884,937761.9151818386,1017037.265828599
"Baton Rouge, LA",2018,3079711.0,2130286.2475491185,0.48355142425127884,1489198.6403323303,1030102.9490652886
"Baton Rouge, LA",2019,2813978.0,2711260.6173777757,0.48355142425127884,1360703.069711765,1311033.933049425
"Baton Rouge, LA",2020,2764747.0,2115719.663253993,0.48355142425127884,1336897.3495444504,1023059.2564829043
"Baton Rouge, LA",2021,1543516.0,1784585.0441951524,0.48355142425127884,746369.3601546369,862938.6398180973
"Baton Rouge, LA",2022,1166055.0,1564441.1459237814,0.48355142425127884,563847.5560053249,756487.7442687473
"Baton Rouge, LA",2023,1450105.0,1592621.280305475,0.48355142425127884,701200.3380639007,770114.2883846076
"Birmingham, AL",2006,9570689.0,8887809.653005742,0.4620335985828316,4421979.879587122,4106466.6774974708
"Birmingham, AL",2007,8562583.0,9386533.069073977,0.4620335985828316,3956201.036654178,4336893.652121
"Birmingham, AL",2008,10262545.0,10240157.747792523,0.4620335985828316,4741640.596968246,4731296.934268444
"Birmingham, AL",2009,13139399.0,12264160.305089308,0.4620335985828316,6070843.803185659,5666454.1193571305
"Birmingham, AL",2010,15180862.0,13236627.077561678,0.4620335985828316,7014068.299449362,6115766.441744772
"Birmingham, AL",2011,16184092.0,13975363.215545136,0.4620335985828316,7477594.266555617,6457087.3579804525
"Birmingham, AL",2012,15035398.0,12662788.432746494,0.4620335985828316,6946859.044065109,5850633.707674917
"Birmingham, AL",2013,13581004.0,12788956.055534448,0.4620335985828316,6274880.15048783,5908927.388456277
"Birmingham, AL",2014,13359676.0,13684602.106970374,0.4620335985828316,6172619.178180689,6322745.956657721
"Birmingham, AL",2015,13030351.0,12010025.939628897,0.4620335985828316,6020459.9633273985,5549035.503959893
"Birmingham, AL",2016,10573596.0,8907490.836938504,0.4620335985828316,4885356.609841034,4115560.0457342956
"Birmingham, AL",2017,8554635.0,8453465.350025008,0.4620335985828316,3952528.7936126417,3905785.0161673306
"Birmingham, AL",2018,6838792.0,6300005.36699692,0.4620335985828316,3159751.67771948,2910814.1508047394
"Birmingham, AL",2019,7366935.0,7386502.800476003,0.4620335985828316,3403771.4885758124,3412812.4698460912
"Birmingham, AL",2020,6624615.0,4467117.98529563,0.4620335985828316,3060794.707675805,2063958.5980402287
"Birmingham, AL",2021,4420719.0,4917707.353570174,0.4620335985828316,2042520.7078934968,2272146.0253472812
"Birmingham, AL",2022,5214838.0,4808495.03746305,0.4620335985828316,2409430.3671664963,2221686.2659267406
"Birmingham, AL",2023,5903461.0,3880618.540140033,0.4620335985828316,2727597.3299234016,1792976.148828154
"Boise City, ID",2007,2764445.0,2680718.551761491,0.48044277529209956,1328157.6279423682,1287931.8607853088
"Boise City, ID",2008,3237045.0,3139173.4182119,0.48044277529209956,1555214.8835454143,1508193.1891689121
"Boise City, ID",2009,4892604.0,4351853.282330435,0.48044277529209956,2350616.2441652273,2090816.468626867
"Boise City, ID",2010,4514415.0,4720788.253615399,0.48044277529209956,2168918.0714202835,2268068.610133326
"Boise City, ID",2011,4627350.0,4420414.427654282,0.48044277529209956,2223176.876247897,2123756.175563461
"Boise City, ID",2012,4111025.0,4051270.189461904,0.48044277529209956,1975112.2602952037,1946403.493283227
"Boise City, ID",2013,3662790.0,3956167.8051520046,0.48044277529209956,1759760.9929121493,1900712.2398284832
"Boise City, ID",2014,3141084.0,3551697.3480211366,0.48044277529209956,1509111.1143856093,1706387.3308808648
"Boise City, ID",2015,3274722.0,2941869.32436464,0.48044277529209956,1573316.5259900948,1413399.8627444415
"Boise City, ID",2016,2524788.0,2802145.170222946,0.48044277529209956,1213016.1537441895,1346270.4023532649
"Boise City, ID",2017,2275973.0,1930140.0602238905,0.48044277529209956,1093474.7846098857,927321.8472364261
"Boise City, ID",2018,1752708.0,2281302.5254795915,0.48044277529209956,842075.8957966652,1096035.3166222905
"Boise City, ID",2019,2049193.0,2008509.2866429097,0.48044277529209956,984519.9720291434,964973.7758746747
"Boise City, ID",2020,2079979.0,1646502.0955037572,0.48044277529209956,999310.883309286,791050.0362880827
"Boise City, ID",2021,1276285.0,1440312.6026070728,0.48044277529209956,613181.9074636772,691987.7840847289
"Boise City, ID",2022,4285366.0,2246349.9586689505,0.48044277529209956,2058873.1341824036,1079242.6084202037
"Boise City, ID",2023,6014567.0,3321290.0917568584,0.48044277529209956,2889655.2616602774,1595689.829233817
"Boston-Cambridge-Newton, MA-NH",2006,43219669.0,42017039.32325456,0.586482988447992,25347600.634853035,24642278.78803913
"Boston-Cambridge-Newton, MA-NH",2007,40190919.0,40365703.990476534,0.586482988447992,23571290.28359118,23673798.707141712
"Boston-Cambridge-Newton, MA-NH",2008,43957459.0,41110650.35527221,0.586482988447992,25780301.91890008,24110697.07740055
"Boston-Cambridge-Newton, MA-NH",2009,53906427.0,46224236.739456825,0.586482988447992,31615202.40351352,27109728.501684103
"Boston-Cambridge-Newton, MA-NH",2010,56257133.0,52277151.405880705,0.586482988447992,32993851.483356148,30659659.98406906
"Boston-Cambridge-Newton, MA-NH",2011,55364212.0,54077814.51147405,0.586482988447992,32470168.506828178,31715718.263425488
"Boston-Cambridge-Newton, MA-NH",2012,52003096.0,51383444.68699129,0.586482988447992,30498931.150627818,30135516.196778744
"Boston-Cambridge-Newton, MA-NH",2013,45545115.0,47066209.92686798,0.586482988447992,26711435.154407464,27603531.452830076
"Boston-Cambridge-Newton, MA-NH",2014,41201563.0,40780801.636124074,0.586482988447992,24164015.796968214,23917246.414858807
"Boston-Cambridge-Newton, MA-NH",2015,38068596.0,32428102.172947265,0.586482988447992,22326583.948099274,19018530.272086933
"Boston-Cambridge-Newton, MA-NH",2016,31670990.0,30017097.50828766,0.586482988447992,18574496.86230647,17604517.05119532
"Boston-Cambridge-Newton, MA-NH",2017,29566730.0,28322357.692189228,0.586482988447992,17340384.1690349,16610580.979208112
"Boston-Cambridge-Newton, MA-NH",2018,27780571.0,26142845.84506009,0.586482988447992,16292832.30087162,15332334.357746013
"Boston-Cambridge-Newton, MA-NH",2019,26190926.0,26837821.607911743,0.586482988447992,15360532.550700212,15739925.820042172
"Boston-Cambridge-Newton, MA-NH",2020,24993222.0,27933842.329655778,0.586482988447992,14658099.529504098,16382723.328331538
"Boston-Cambridge-Newton, MA-NH",2021,21688102.0,28363472.120866813,0.586482988447992,12719702.87472487,16634693.892207272
"Boston-Cambridge-Newton, MA-NH",2022,24329473.0,26970985.230530914,0.586482988447992,14268822.032404732,15818024.019388424
"Boston-Cambridge-Newton, MA-NH",2023,28475610.0,20251052.69454569,0.586482988447992,16700460.850679524,11876897.903514916
"Bridgeport-Stamford-Danbury, CT",2006,7362230.0,7813558.904650214,0.4956120887733522,3648810.188329837,3872494.2494873186
"Bridgeport-Stamford-Danbury, CT",2007,7923049.0,8350158.163931802,0.4956120887733522,3926758.8643436194,4138439.3292141
"Bridgeport-Stamford-Danbury, CT",2008,10160077.0,11095767.255779063,0.4956120887733522,5035456.984068094,5499196.386179628
"Bridgeport-Stamford-Danbury, CT",2009,11083515.0,11849821.438474141,0.4956120887733522,5493124.020100781,5872914.754713418
"Bridgeport-Stamford-Danbury, CT",2010,11731358.0,11849536.58093244,0.4956120887733522,5814202.842527975,5872773.5758721735
"Bridgeport-Stamford-Danbury, CT",2011,9559322.0,10418659.522856357,0.4956120887733522,4737715.543677059,5163613.608341216
"Bridgeport-Stamford-Danbury, CT",2012,9455637.0,8739100.151544381,0.4956120887733522,4686328.004252594,4331203.680106429
"Bridgeport-Stamford-Danbury, CT",2013,8928394.0,9469424.756237779,0.4956120887733522,4425019.999731465,4693161.382921097
"Bridgeport-Stamford-Danbury, CT",2014,7983504.0,7630231.546232538,0.4956120887733522,3956721.0931704124,3781634.9944526334
"Bridgeport-Stamford-Danbury, CT",2015,7858494.0,7162677.271081853,0.4956120887733522,3894764.6259528557,3549909.4435302913
"Bridgeport-Stamford-Danbury, CT",2016,6392268.0,6268919.424002479,0.4956120887733522,3168085.2954790588,3106952.2500817087
"Bridgeport-Stamford-Danbury, CT",2017,6315901.0,6368979.079889637,0.4956120887733522,3130236.887095704,3156543.025137886
"Bridgeport-Stamford-Danbury, CT",2018,5875271.0,5685182.420313325,0.4956120887733522,2911855.332419502,2817645.134389029
"Bridgeport-Stamford-Danbury, CT",2019,5256079.0,5893127.911298241,0.4956120887733522,2604976.2919477522,2920705.4335270636
"Bridgeport-Stamford-Danbury, CT",2020,5481751.0,5616691.859553754,0.4956120887733522,2716822.0632454124,2783700.38450972
"Bridgeport-Stamford-Danbury, CT",2021,4764137.0,7328894.135687981,0.4956120887733522,2361163.889772412,3632288.530987092
"Bridgeport-Stamford-Danbury, CT",2022,3685602.0,8285635.856794585,0.4956120887733522,1826628.9056072445,4106461.2938013477
"Bridgeport-Stamford-Danbury, CT",2023,4080649.0,6328610.228587865,0.4956120887733522,2022418.974440891,3136535.7344228337
"Buffalo-Cheektowaga, NY",2007,11047777.0,13102325.699904809,0.4813667569013179,5318032.585458972,6307024.030027968
"Buffalo-Cheektowaga, NY",2008,12389735.0,10821180.703218428,0.4813667569013179,5964006.55581675,5208956.660951378
"Buffalo-Cheektowaga, NY",2009,14938939.0,13708580.688058902,0.4813667569013179,7191108.617976617,6598855.0275309505
"Buffalo-Cheektowaga, NY",2010,14084038.0,14395748.349107299,0.4813667569013179,6779587.696134924,6929634.695977282
"Buffalo-Cheektowaga, NY",2011,15111558.0,15195580.662094692,0.4813667569013179,7274201.666186166,7314647.382544903
"Buffalo-Cheektowaga, NY",2012,12343631.0,14586848.57570093,0.4813667569013179,5941813.622856571,7021623.992295764
"Buffalo-Cheektowaga, NY",2013,13895491.0,14545897.5164624,0.4813667569013179,6688827.438221451,7001911.51371844
"Buffalo-Cheektowaga, NY",2014,12390514.0,13467190.088202102,0.4813667569013179,5964381.5405203765,6482657.617331419
"Buffalo-Cheektowaga, NY",2015,11342448.0,12207829.393621214,0.4813667569013179,5459877.40908184,5876443.244012026
"Buffalo-Cheektowaga, NY",2016,9480722.0,8910765.203889683,0.4813667569013179,4563704.402222977,4289346.147705488
"Buffalo-Cheektowaga, NY",2017,7217553.0,7185512.932880419,0.4813667569013179,3474290.080373378,3458867.0571731245
"Buffalo-Cheektowaga, NY",2018,5878264.0,5820085.041585301,0.4813667569013179,2829600.8778897687,2801595.461357788
"Buffalo-Cheektowaga, NY",2019,5753831.0,4390161.3884814335,0.4813667569013179,2769702.968228267,2113277.7498466945
"Buffalo-Cheektowaga, NY",2020,7909854.0,2813027.828178764,0.4813667569013179,3807540.7675429173,1354098.0827235694
"Buffalo-Cheektowaga, NY",2021,6328929.0,4676220.419307556,0.4813667569013179,3046536.027388701,2250977.0577977994
"Buffalo-Cheektowaga, NY",2022,4440589.0,3521638.5642490922,0.4813667569013179,2137551.9256616663,1695199.734651199
"Buffalo-Cheektowaga, NY",2023,5834777.0,2387114.1505689006,0.4813667569013179,2808667.6817324013,1149077.397012596
"Cape Coral-Fort Myers, FL",2006,1228476.0,2041886.2063480741,0.3314382350534199,407163.91724548506,676759.1604119289
"Cape Coral-Fort Myers, FL",2007,2644560.0,1946518.5246106219,0.3314382350534199,876508.2988928722,645150.6642957315
"Cape Coral-Fort Myers, FL",2008,4393668.0,3632734.9779706835,0.3314382350534199,1456229.5673306894,1204027.2695154275
"Cape Coral-Fort Myers, FL",2009,6138080.0,6473170.52269979,0.3314382350534199,2034394.4018166957,2145456.213243442
"Cape Coral-Fort Myers, FL",2010,6313347.0,5585932.270453974,0.3314382350534199,2092484.5869598035,1851391.5328472077
"Cape Coral-Fort Myers, FL",2011,5570963.0,5048463.350142825,0.3314382350534199,1846430.1442679053,1673253.7825032135
"Cape Coral-Fort Myers, FL",2012,4674083.0,5034176.31917768,0.3314382350534199,1549169.820013194,1668518.514175972
"Cape Coral-Fort Myers, FL",2013,3563579.0,3496553.5640964694,0.3314382350534199,1181106.3342334311,1158891.5420538788
"Cape Coral-Fort Myers, FL",2014,2845585.0,2946485.055100246,0.3314382350534199,943135.6700944859,976577.8062737042
"Cape Coral-Fort Myers, FL",2015,2319313.0,2527036.912868322,0.3314382350534199,768709.0072564525,837556.6543159195
"Cape Coral-Fort Myers, FL",2016,1495536.0,1620249.4819716178,0.3314382350534199,495677.8122988514,537012.6286508909
"Cape Coral-Fort Myers, FL",2017,1473684.0,1387045.901354902,0.3314382350534199,488435.2239864641,459720.04548314866
"Cape Coral-Fort Myers, FL",2018,1480253.0,1378361.358359395,0.3314382350534199,490612.44175253,456841.65588047233
"Cape Coral-Fort Myers, FL",2019,1764861.0,1715488.7358273163,0.3314382350534199,584942.4149546137,568578.5588566283
"Cape Coral-Fort Myers, FL",2020,2278095.0,1463974.7117842801,0.3314382350534199,755047.7860840206,485217.1946366209
"Cape Coral-Fort Myers, FL",2021,1461233.0,1183776.8828846992,0.3314382350534199,484308.4865218139,392348.92076034367
"Cape Coral-Fort Myers, FL",2022,2330784.0,1288437.4299194436,0.3314382350534199,772510.9352507503,427037.42774926475
"Cape Coral-Fort Myers, FL",2023,3002948.0,1394245.8026283577,0.3314382350534199,995291.7850771972,462106.3680537817
"Charleston-North Charleston, SC",2007,6755560.0,6856314.575486035,0.5632888921098202,3805331.907981417,3862085.8411819413
"Charleston-North Charleston, SC",2008,8006198.0,6168108.572378552,0.5632888921098202,4509802.401431859,3474427.0441481993
"Charleston-North Charleston, SC",2009,8726668.0,8730270.3943142,0.5632888921098202,4915635.149530221,4917664.338232409
"Charleston-North Charleston, SC",2010,9745694.0,9496045.038445836,0.5632888921098202,5489641.176101322,5349016.68913111
"Charleston-North Charleston, SC",2011,9133088.0,10712083.955810169,0.5632888921098202,5144567.021061494,6033997.903655691
"Charleston-North Charleston, SC",2012,8592033.0,8049209.862129766,0.5632888921098202,4839796.749541015,4534030.505598514
"Charleston-North Charleston, SC",2013,7689358.0,6878074.716166254,0.5632888921098202,4331329.948855783,3874343.0867178557
"Charleston-North Charleston, SC",2014,7305687.0,7298986.494908861,0.5632888921098202,4115212.3363311165,4111438.0162417525
"Charleston-North Charleston, SC",2015,7016074.0,6506861.165888875,0.5632888921098202,3952076.550420515,3665242.6172459577
"Charleston-North Charleston, SC",2016,6527592.0,7412620.864101465,0.5632888921098202,3676920.065824926,4175446.9941698527
"Charleston-North Charleston, SC",2017,8012834.0,6353592.369169909,0.5632888921098202,4513540.3865199,3578908.006547126
"Charleston-North Charleston, SC",2018,6426307.0,5730209.998303673,0.5632888921098202,3619867.3503875826,3227763.641501091
"Charleston-North Charleston, SC",2019,5597101.0,5177739.102675563,0.5632888921098202,3152784.821316767,2916562.9227798125
"Charleston-North Charleston, SC",2020,6437784.0,4183900.0394868846,0.5632888921098202,3626332.217002327,2356744.4179408005
"Charleston-North Charleston, SC",2021,5318063.0,5577906.607077323,0.5632888921098202,2995605.815440227,3141972.8329926315
"Charleston-North Charleston, SC",2022,10953389.0,5613796.37656484,0.5632888921098202,6169922.354657892,3162189.141485332
"Charleston-North Charleston, SC",2023,14065057.0,5065368.424049065,0.5632888921098202,7922690.374991472,2853265.7677106643
"Charlotte-Concord-Gastonia, NC-SC",2006,33672799.0,31772993.285336636,0.5051614099726329,17010198.620565064,16050490.087071653
"Charlotte-Concord-Gastonia, NC-SC",2007,35946030.0,28572812.414059192,0.5051614099726329,18158547.19771856,14433882.205969691
"Charlotte-Concord-Gastonia, NC-SC",2008,38789644.0,35476982.24539894,0.5051614099726329,19595031.25537648,17921602.37265979
"Charlotte-Concord-Gastonia, NC-SC",2009,54945758.0,43714941.982914716,0.5051614099726329,27756476.583295077,22083101.728961043
"Charlotte-Concord-Gastonia, NC-SC",2010,51977258.0,57360476.321087524,0.5051614099726329,26256904.937791314,28976299.095062397
"Charlotte-Concord-Gastonia, NC-SC",2011,50003662.0,50211492.53865402,0.5051614099726329,25259920.399714965,25364908.367656805
"Charlotte-Concord-Gastonia, NC-SC",2012,45145773.0,47026980.96320842,0.5051614099726329,22805902.342984423,23756216.010130532
"Charlotte-Concord-Gastonia, NC-SC",2013,40259539.0,38425518.13176975,0.5051614099726329,20337565.486088205,19411088.91837378
"Charlotte-Concord-Gastonia, NC-SC",2014,34854442.0,38928912.509338126,0.5051614099726329,17607119.064529356,19665384.331918515
"Charlotte-Concord-Gastonia, NC-SC",2015,32457708.0,29560248.672549587,0.5051614099726329,16396381.537760008,14932696.8985668
"Charlotte-Concord-Gastonia, NC-SC",2016,25314781.0,26749295.676595654,0.5051614099726329,12788050.463108419,13512711.919763915
"Charlotte-Concord-Gastonia, NC-SC",2017,29137298.0,26943549.01519407,0.5051614099726329,14719038.540472778,13610841.21018218
"Charlotte-Concord-Gastonia, NC-SC",2018,28674128.0,27827227.4321249,0.5051614099726329,14485062.930215754,14057241.445241345
"Charlotte-Concord-Gastonia, NC-SC",2019,26901673.0,28868199.65120856,0.5051614099726329,13589687.06330271,14583100.439175986
"Charlotte-Concord-Gastonia, NC-SC",2020,28615697.0,30716904.3803362,0.5051614099726329,14455545.843869641,15516994.726765178
"Charlotte-Concord-Gastonia, NC-SC",2021,24902533.0,26435141.809920534,0.5051614099726329,12579798.68217002,13354013.509525957
"Charlotte-Concord-Gastonia, NC-SC",2022,27664573.0,34724681.77714209,0.5051614099726329,13975074.70297083,17541569.207392093
"Charlotte-Concord-Gastonia, NC-SC",2023,33457535.0,28742726.69263915,0.5051614099726329,16901455.554808713,14519716.342511626
"Chattanooga, TN-GA",2007,10296782.0,9170311.8874729,0.4989095546608306,5137162.922059656,4575156.219880025
"Chattanooga, TN-GA",2008,9989327.0,10319098.274731718,0.4989095546608306,4983770.6849314105,5148296.724747746
"Chattanooga, TN-GA",2009,12998150.0,11472270.89719233,0.4989095546608306,6484901.227914675,5723625.564266632
"Chattanooga, TN-GA",2010,13009557.0,11793831.958623005,0.4989095546608306,6490592.289204692,5884055.450221275
"Chattanooga, TN-GA",2011,12198378.0,11011752.542364458,0.4989095546608306,6085887.335564474,5493868.55694632
"Chattanooga, TN-GA",2012,10869836.0,10945153.720544964,0.4989095546608306,5423065.037996264,5460641.768411421
"Chattanooga, TN-GA",2013,10754587.0,11300348.480352353,0.4989095546608306,5365566.210731158,5637851.827844786
"Chattanooga, TN-GA",2014,8455109.0,9349866.698578006,0.4989095546608306,4218334.6657987805,4664737.830725683
"Chattanooga, TN-GA",2015,7878011.0,8122616.130741718,0.4989095546608306,3930414.9596231245,4052450.7964692297
"Chattanooga, TN-GA",2016,7173585.0,7901397.219564579,0.4989095546608306,3578970.0976716145,3942082.5680112895
"Chattanooga, TN-GA",2017,6850811.0,6961960.779714946,0.4989095546608306,3417935.0650755195,3473388.7521737525
"Chattanooga, TN-GA",2018,4336455.0,4328122.992102377,0.4989095546608306,2163498.832856732,2159341.9145070985
"Chattanooga, TN-GA",2019,2739598.0,3240468.6383132376,0.4989095546608306,1366811.618129702,1616700.7652332454
"Chattanooga, TN-GA",2020,2577944.0,2495432.2226799163,0.4989095546608306,1286160.8929805602,1244994.9789035236
"Chattanooga, TN-GA",2021,1215728.0,1526575.2462300423,0.4989095546608306,606538.3150687022,761622.9762528782
"Chattanooga, TN-GA",2022,1763545.0,1426948.5076506317,0.4989095546608306,879849.4505743345,711918.2444759135
"Chattanooga, TN-GA",2023,2419872.0,1393153.5655890473,0.4989095546608306,1207297.2618562134,695057.6249821798
"Chicago-Naperville-Elgin, IL-IN",2006,127641083.0,113982058.79620852,0.4988610545578404,63675165.27028484,56861210.05175035
"Chicago-Naperville-Elgin, IL-IN",2007,130250067.0,123642770.80747357,0.4988610545578404,64976685.779849365,61680563.03346963
"Chicago-Naperville-Elgin, IL-IN",2008,145611302.0,136262268.045892,0.4988610545578404,72639807.67126018,67975938.7338168
"Chicago-Naperville-Elgin, IL-IN",2009,174576470.0,153865014.41378036,0.4988610545578404,87089401.92518519,76757263.35001579
"Chicago-Naperville-Elgin, IL-IN",2010,178449457.0,150425313.57510898,0.4988610545578404,89021484.30429399,75041330.5622727
"Chicago-Naperville-Elgin, IL-IN",2011,163184064.0,144983086.1762698,0.4988610545578404,81406174.25407413,72326415.2629442
"Chicago-Naperville-Elgin, IL-IN",2012,159212046.0,127601422.51332241,0.4988610545578404,79424689.1658714,63655380.198076576
"Chicago-Naperville-Elgin, IL-IN",2013,147651376.0,124364396.20934288,0.4988610545578404,73657521.1382762,62040553.84244188
"Chicago-Naperville-Elgin, IL-IN",2014,130226001.0,121411118.27476667,0.4988610545578404,64964680.18971038,60567278.49759679
"Chicago-Naperville-Elgin, IL-IN",2015,127378306.0,117744601.63537247,0.4988610545578404,63544076.05895129,58738196.140314735
"Chicago-Naperville-Elgin, IL-IN",2016,122709884.0,108956221.00710188,0.4988610545578404,61215182.13691027,54354015.31223997
"Chicago-Naperville-Elgin, IL-IN",2017,116195835.0,105366048.97365789,0.4988610545578404,57965576.783328824,52563018.30559203
"Chicago-Naperville-Elgin, IL-IN",2018,110269522.0,98309383.7778269,0.4988610545578404,55009170.03050898,49042722.86433818
"Chicago-Naperville-Elgin, IL-IN",2019,107662130.0,97918596.56879938,0.4988610545578404,53708443.70774331,48847774.34513499
"Chicago-Naperville-Elgin, IL-IN",2020,120967178.0,121896350.59141184,0.4988610545578404,60345813.98396599,60809342.00278395
"Chicago-Naperville-Elgin, IL-IN",2021,87859022.0,119286701.47998129,0.4988610545578404,43829444.3673405,59507489.695029765
"Chicago-Naperville-Elgin, IL-IN",2022,90582120.0,101637829.28026283,0.4988610545578404,45187891.90728485,50703154.69772167
"Chicago-Naperville-Elgin, IL-IN",2023,99859484.0,90737091.27641964,0.4988610545578404,49816007.49584179,45265201.041665725
"Cincinnati, OH-KY-IN",2006,23332805.0,24142060.113983054,0.5010567097028239,11691058.501437599,12096541.20616013
"Cincinnati, OH-KY-IN",2007,24527622.0,28779846.92450703,0.5010567097028239,12289729.576154597,14420335.405744428
"Cincinnati, OH-KY-IN",2008,30197703.0,30241841.336726163,0.5010567097028239,15130761.705763094,15152877.515534861
"Cincinnati, OH-KY-IN",2009,37068948.0,36792287.91309083,0.5010567097028239,18573645.117025074,18435022.724172268
"Cincinnati, OH-KY-IN",2010,36810015.0,39532271.26878466,0.5010567097028239,18443905.000011593,19807909.76901672
"Cincinnati, OH-KY-IN",2011,37112088.0,38893499.606536336,0.5010567097028239,18595260.703481656,19487848.941679172
"Cincinnati, OH-KY-IN",2012,33815349.0,34925622.369692564,0.5010567097028239,16943407.507392675,17499717.4288815
"Cincinnati, OH-KY-IN",2013,29611055.0,31056235.73669403,0.5010567097028239,14836817.789129352,15560935.293983167
"Cincinnati, OH-KY-IN",2014,27659585.0,29221547.32805646,0.5010567097028239,13859020.651845582,14641652.356621314
"Cincinnati, OH-KY-IN",2015,25403881.0,26490941.04785777,0.5010567097028239,12728785.027542084,13273463.758371092
"Cincinnati, OH-KY-IN",2016,26949761.0,24475526.14932998,0.5010567097028239,13503358.573937485,12263626.600628706
"Cincinnati, OH-KY-IN",2017,18325170.0,23456912.46076995,0.5010567097028239,9181949.384944897,11753243.377380563
"Cincinnati, OH-KY-IN",2018,15683673.0,20282710.137587734,0.5010567097028239,7858409.589435018,10162788.00539582
"Cincinnati, OH-KY-IN",2019,20932874.0,23567788.488347683,0.5010567097028239,10488556.97106379,11808798.55494358
"Cincinnati, OH-KY-IN",2020,25405965.0,25851673.088614978,0.5010567097028239,12729829.229725104,12953154.25809446
"Cincinnati, OH-KY-IN",2021,15788325.0,26893727.59965532,0.5010567097028239,7910846.1762188375,13475282.662727319
"Cincinnati, OH-KY-IN",2022,18114284.0,24020796.6422736,0.5010567097028239,9076283.539662508,12035781.33001825
"Cincinnati, OH-KY-IN",2023,23577710.0,24291618.083975803,0.5010567097028239,11813769.794927368,12171478.230514532
"Cleveland, OH",2006,32117304.0,29662775.45034492,0.504064192431307,16189182.903830785,14951942.95264931
"Cleveland, OH",2007,33172811.0,30287389.732756488,0.504064192431307,16721226.187391376,15266788.646494158
"Cleveland, OH",2008,33624425.0,35395009.532888964,0.504064192431307,16948868.633592047,17841356.896294087
"Cleveland, OH",2009,40881162.0,39802484.3595421,0.504064192431307,20606729.909183435,20063007.135452315
"Cleveland, OH",2010,41899418.0,37910054.89418848,0.504064192431307,21119996.297511768,19109101.20526563
"Cleveland, OH",2011,41094288.0,37225105.61846408,0.504064192431307,20714159.09425955,18763842.801741205
"Cleveland, OH",2012,37998602.0,34128134.25294038,0.504064192431307,19153734.630648647,17202770.431395616
"Cleveland, OH",2013,36240874.0,31409930.957204424,0.504064192431307,18267726.88581475,15832621.482266355
"Cleveland, OH",2014,34146184.0,30257178.135292605,0.504064192431307,17211868.662570816,15251560.062016465
"Cleveland, OH",2015,31385541.0,29841014.42560939,0.504064192431307,15820327.378184674,15041786.83777578
"Cleveland, OH",2016,29930253.0,26748753.37720918,0.504064192431307,15086768.807709703,13483088.769627139
"Cleveland, OH",2017,26459926.0,25328892.33878165,0.504064192431307,13337501.230982142,12767387.661927491
"Cleveland, OH",2018,25613509.0,26746293.948338103,0.504064192431307,12910852.729417013,13481849.059599398
"Cleveland, OH",2019,26365403.0,27812094.10311513,0.504064192431307,13289855.571320958,14019080.753910242
"Cleveland, OH",2020,25917132.0,29863410.588549916,0.504064192431307,13063898.211715583,15053075.941561954
"Cleveland, OH",2021,24763692.0,26614907.064741433,0.504064192431307,12482490.409597617,13415621.636223176
"Cleveland, OH",2022,20383687.0,24824086.319878027,0.504064192431307,10274686.72642753,12512933.023674373
"Cleveland, OH",2023,17793054.0,22757719.693691853,0.504064192431307,8968841.395396637,11471351.598978834
"Colorado Springs, CO",2007,3890929.0,4313206.45702172,0.5330901307113802,2074215.8491987,2299327.7939588777
"Colorado Springs, CO",2008,5266302.0,4461263.461195798,0.5330901307113802,2807413.621545603,2378255.521666772
"Colorado Springs, CO",2009,6204475.0,6383394.684617249,0.5330901307113802,3307544.388745491,3402924.706804939
"Colorado Springs, CO",2010,6051526.0,6252634.137950345,0.5330901307113802,3226008.786343316,3333217.549890388
"Colorado Springs, CO",2011,6139714.0,6654573.434926245,0.5330901307113802,3273020.9387904913,3547487.4222533107
"Colorado Springs, CO",2012,5632920.0,5130310.35829815,0.5330901307113802,3002854.059086748,2734917.8194951084
"Colorado Springs, CO",2013,4781355.0,5235733.023998505,0.5330901307113802,2548893.1619275114,2791117.602133253
"Colorado Springs, CO",2014,4233595.0,4164151.0133382496,0.5330901307113802,2256887.7119290456,2219867.8080024137
"Colorado Springs, CO",2015,4857159.0,3989163.6328485766,0.5330901307113802,2589303.526195957,2126583.762464332
"Colorado Springs, CO",2016,4343629.0,4510764.7365977615,0.5330901307113802,2315545.7513717418,2404644.163041185
"Colorado Springs, CO",2017,4079280.0,4029152.197762666,0.5330901307113802,2174623.908408319,2147901.2717613443
"Colorado Springs, CO",2018,3023954.0,3965343.1235621455,0.5330901307113802,1612040.033125201,2113885.2840552167
"Colorado Springs, CO",2019,2490545.0,3130200.518205648,0.5330901307113802,1327684.9595925745,1668679.003403079
"Colorado Springs, CO",2020,2467310.0,2124176.652755551,0.5330901307113802,1315298.6104054956,1132377.6094715188
"Colorado Springs, CO",2021,2369709.0,3111092.2810874353,0.5330901307113802,1263268.4805579341,1658492.590780067
"Colorado Springs, CO",2022,2685439.0,2782783.729876983,0.5330901307113802,1431581.0275274382,1483474.5423016232
"Colorado Springs, CO",2023,2184203.0,2857863.584120694,0.5330901307113802,1164377.0627701888,1523498.8716141945
"Columbia, SC",2007,4994108.0,6326739.437024198,0.4270521848544292,2132744.732798984,2701847.899585865
"Columbia, SC",2008,6504815.0,5562474.300308388,0.4270521848544292,2777895.4578238637,2375466.8031433094
"Columbia, SC",2009,7733886.0,8354340.388818273,0.4270521848544292,3302772.913715082,3567739.3160624453
"Columbia, SC",2010,8027029.0,8805047.517960116,0.4270521848544292,3427960.2723398637,3760214.7802919364
"Columbia, SC",2011,9115164.0,8431706.921451308,0.4270521848544292,3892650.701506438,3600778.862857994
"Columbia, SC",2012,10587318.0,9995250.34344984,0.4270521848544292,4521337.283648626,4268493.497337238
"Columbia, SC",2013,9767553.0,9390495.571370231,0.4270521848544292,4171254.8493314344,4010231.6506194985
"Columbia, SC",2014,8787610.0,8321648.756257354,0.4270521848544292,3752768.0501486305,3553778.2829508465
"Columbia, SC",2015,8084017.0,6765664.853563928,0.4270521848544292,3452297.1222503483,2889291.957707297
"Columbia, SC",2016,7671134.0,6931053.855827632,0.4270521848544292,3275974.535011097,2959921.6924749063
"Columbia, SC",2017,6423533.0,7406058.323295696,0.4270521848544292,2743183.802134526,3162773.3881227574
"Columbia, SC",2018,4173471.0,5796477.454307398,0.4270521848544292,1782289.9089765996,2475398.361321414
"Columbia, SC",2019,3463089.0,4749259.837836312,0.4270521848544292,1478919.7237953404,2028181.7901893891
"Columbia, SC",2020,3197833.0,3139978.8785256306,0.4270521848544292,1365641.5694495938,1340934.8404711308
"Columbia, SC",2021,2923266.0,3091309.523455403,0.4270521848544292,1248387.1322106677,1320150.486052934
"Columbia, SC",2022,3043850.0,3201017.5536260908,0.4270521848544292,1299882.7928691544,1367001.540033402
"Columbia, SC",2023,4897102.0,2895411.3671243577,0.4270521848544292,2091318.108554995,1236491.7503828069
"Columbus, OH",2006,31684446.0,31683386.43324168,0.46979225744605146,14885107.412267515,14884609.63600821
"Columbus, OH",2007,33388458.0,36275949.34476871,0.46979225744605146,15685639.056462677,17042160.133677505
"Columbus, OH",2008,38412147.0,38604374.40650674,0.46979225744605146,18045729.25247957,18136036.199725375
"Columbus, OH",2009,41960766.0,47427550.52940799,0.46979225744605146,19712842.98330552,22281096.028347254
"Columbus, OH",2010,40044036.0,43764702.73731581,0.46979225744605146,18812378.069690954,20560318.495418984
"Columbus, OH",2011,38796951.0,42610583.16746744,0.46979225744605146,18226507.192313842,20018122.05733725
"Columbus, OH",2012,34935534.0,37238711.7351249,0.46979225744605146,16412443.382943284,17494458.450427096
"Columbus, OH",2013,29747716.0,30795806.82793928,0.46979225744605146,13975246.653504025,14467631.60957012
"Columbus, OH",2014,30010710.0,29411519.678483862,0.46979225744605146,14098799.19845879,13817304.224673899
"Columbus, OH",2015,29643078.0,24441680.371636916,0.46979225744605146,13926088.531269385,11482512.197566153
"Columbus, OH",2016,23710392.0,24482040.487002548,0.46979225744605146,11138958.582610799,11501473.067274556
"Columbus, OH",2017,23516093.0,21702949.309304185,0.46979225744605146,11047678.41678129,10195877.549255237
"Columbus, OH",2018,19390740.0,20835466.826641463,0.46979225744605146,9109619.518149449,9788340.99543021
"Columbus, OH",2019,19005680.0,19566335.646933455,0.46979225744605146,8928721.311497271,9192112.993520016
"Columbus, OH",2020,22065959.0,27965883.232476898,0.46979225744605146,10366416.691322016,13138155.415258
"Columbus, OH",2021,22588485.0,21402704.936879203,0.46979225744605146,10611895.360436272,10054825.067748232
"Columbus, OH",2022,25454113.0,28446107.252648477,0.46979225744605146,11958145.207556885,13363760.941774225
"Columbus, OH",2023,33088245.0,28209252.29005007,0.46979225744605146,15544601.313478025,13252488.31420782
"Dallas-Fort Worth-Arlington, TX",2006,81137105.0,88339107.8947427,0.5267828101196688,42741632.17687463,46535523.50025717
"Dallas-Fort Worth-Arlington, TX",2007,87689896.0,90416979.47332455,0.5267828101196688,46193529.8339815,47630110.529490314
"Dallas-Fort Worth-Arlington, TX",2008,105494464.0,95054129.39214116,0.5267828101196688,55572670.197988234,50072881.394670725
"Dallas-Fort Worth-Arlington, TX",2009,119294554.0,114601515.78416085,0.5267828101196688,62842320.38809257,60370108.52875383
"Dallas-Fort Worth-Arlington, TX",2010,115340592.0,110100761.52526765,0.5267828101196688,60759441.17462619,57999188.552595995
"Dallas-Fort Worth-Arlington, TX",2011,108300461.0,108509737.9417139,0.5267828101196688,57050821.182835594,57161064.67828489
"Dallas-Fort Worth-Arlington, TX",2012,103164872.0,99700713.85339619,0.5267828101196688,54345481.17779593,52520622.21462904
"Dallas-Fort Worth-Arlington, TX",2013,84675804.0,84121784.67988648,0.5267828101196688,44605757.98026229,44313910.125952296
"Dallas-Fort Worth-Arlington, TX",2014,91186494.0,90936770.50352257,0.5267828101196688,48035477.55428032,47903927.50905303
"Dallas-Fort Worth-Arlington, TX",2015,89431520.0,89229820.71158452,0.5267828101196688,47110987.41887336,47004735.70092272
"Dallas-Fort Worth-Arlington, TX",2016,84530887.0,89498878.90967941,0.5267828101196688,44529418.19576818,47146470.934600875
"Dallas-Fort Worth-Arlington, TX",2017,85332835.0,79145283.62698208,0.5267828101196688,44951870.61677802,41692374.91673983
"Dallas-Fort Worth-Arlington, TX",2018,84633215.0,82314576.21667853,0.5267828101196688,44583322.8271621,43361903.773231566
"Dallas-Fort Worth-Arlington, TX",2019,81326166.0,73611098.15732844,0.5267828101196688,42841226.261738665,38777061.143312246
"Dallas-Fort Worth-Arlington, TX",2020,93212304.0,108481893.1154951,0.5267828101196688,49102639.43884884,57146396.50248206
"Dallas-Fort Worth-Arlington, TX",2021,92655045.0,71992437.89717637,0.5267828101196688,48809084.97686437,37924378.742840305
"Dallas-Fort Worth-Arlington, TX",2022,111496326.0,98439089.31374234,0.5267828101196688,58734347.92829869,51856020.09431425
"Dallas-Fort Worth-Arlington, TX",2023,126643679.0,80739778.61616954,0.5267828101196688,66713713.107513286,42532327.467865735
"Dayton-Kettering-Beavercreek, OH",2006,12714825.0,10114468.322187385,0.5232739840241768,6653337.133920204,5292638.135237324
"Dayton-Kettering-Beavercreek, OH",2007,10867948.0,10417216.746780235,0.5232739840241768,5686914.4481275845,5451058.509531068
"Dayton-Kettering-Beavercreek, OH",2008,11271291.0,12286077.256380437,0.5232739840241768,5897973.346665848,6428984.593975019
"Dayton-Kettering-Beavercreek, OH",2009,14310851.0,15094069.789172674,0.5232739840241768,7488496.017546374,7898334.0337193515
"Dayton-Kettering-Beavercreek, OH",2010,14874711.0,18838636.98020198,0.5232739840241768,7783549.286178247,9857768.626215477
"Dayton-Kettering-Beavercreek, OH",2011,16192394.0,16450804.434347428,0.5232739840241768,8473058.519269176,8608277.976763573
"Dayton-Kettering-Beavercreek, OH",2012,14704271.0,15833959.278436314,0.5232739840241768,7694362.468341166,8285498.95450395
"Dayton-Kettering-Beavercreek, OH",2013,15542103.0,14581737.310829805,0.5232739840241768,8132778.15692411,7630243.776631898
"Dayton-Kettering-Beavercreek, OH",2014,14205494.0,13901450.940372769,0.5232739840241768,7433365.44041154,7274267.6172854975
"Dayton-Kettering-Beavercreek, OH",2015,12541139.0,13623136.637299307,0.5232739840241768,6562451.76873098,7128632.983105335
"Dayton-Kettering-Beavercreek, OH",2016,11638913.0,12300661.07442925,0.5232739840241768,6090340.375220784,6436615.926547704
"Dayton-Kettering-Beavercreek, OH",2017,10830414.0,10997648.009214662,0.5232739840241768,5667273.882411221,5754783.088677313
"Dayton-Kettering-Beavercreek, OH",2018,10697263.0,9661049.656940784,0.5232739840241768,5597599.428164418,5055375.943842811
"Dayton-Kettering-Beavercreek, OH",2019,10163934.0,9960272.2409232,0.5232739840241768,5318522.237538788,5211951.337473298
"Dayton-Kettering-Beavercreek, OH",2020,9095746.0,10986195.606418336,0.5232739840241768,4759567.24709197,5748790.34423943
"Dayton-Kettering-Beavercreek, OH",2021,7234867.0,7851535.936677324,0.5232739840241768,3785817.678975044,4108504.49029414
"Dayton-Kettering-Beavercreek, OH",2022,8541610.0,7453252.491714544,0.5232739840241768,4469602.294680749,3900093.125277592
"Dayton-Kettering-Beavercreek, OH",2023,8239628.0,5988409.2582505,0.5232739840241768,4311582.97043716,3133578.7705320045
"Deltona-Daytona Beach-Ormond Beach, FL",2007,1227856.0,1849004.1152565936,0.40203545105023886,493641.6407847421,743365.2034709324
"Deltona-Daytona Beach-Ormond Beach, FL",2008,1732774.0,1700292.0673992082,0.40203545105023886,696636.5766581265,683577.6882339838
"Deltona-Daytona Beach-Ormond Beach, FL",2009,2332891.0,2643564.2949541965,0.40203545105023886,937904.8854360428,1062806.563702217
"Deltona-Daytona Beach-Ormond Beach, FL",2010,3114739.0,2884061.0801405534,0.40203545105023886,1252235.49876877,1159494.7972107464
"Deltona-Daytona Beach-Ormond Beach, FL",2011,2714681.0,3122105.793049323,0.40203545105023886,1091398.0002925135,1255197.2107351483
"Deltona-Daytona Beach-Ormond Beach, FL",2012,2617384.0,2899359.9239746113,0.40203545105023886,1052281.1570116784,1165645.474792119
"Deltona-Daytona Beach-Ormond Beach, FL",2013,2496651.0,2672208.2239123257,0.40203545105023886,1003742.2109000299,1074322.4386007495
"Deltona-Daytona Beach-Ormond Beach, FL",2014,2246364.0,2585757.277516593,0.40203545105023886,903117.9639630187,1039566.0933728212
"Deltona-Daytona Beach-Ormond Beach, FL",2015,2090807.0,2349002.936666006,0.40203545105023886,840578.5353039968,944382.4551608535
"Deltona-Daytona Beach-Ormond Beach, FL",2016,1476080.0,1695337.0672910223,0.40203545105023886,593436.4885862366,681585.6025305353
"Deltona-Daytona Beach-Ormond Beach, FL",2017,1395832.0,1431648.8312499875,0.40203545105023886,561173.947710357,575573.583617136
"Deltona-Daytona Beach-Ormond Beach, FL",2018,1639163.0,1418273.8293270555,0.40203545105023886,659001.6360498627,570196.3586862523
"Deltona-Daytona Beach-Ormond Beach, FL",2019,1679679.0,1758571.71703466,0.40203545105023886,675290.5043846142,707008.1734622226
"Deltona-Daytona Beach-Ormond Beach, FL",2020,2309416.0,1062452.3005930523,0.40203545105023886,928467.1032226384,427143.48988829175
"Deltona-Daytona Beach-Ormond Beach, FL",2021,2044931.0,1812836.8515038525,0.40203545105023886,822134.756951616,728824.6812748462
"Deltona-Daytona Beach-Ormond Beach, FL",2022,2025640.0,1311673.2454519232,0.40203545105023886,814379.0910654059,527339.1448657946
"Deltona-Daytona Beach-Ormond Beach, FL",2023,768000.0,1054961.8560017773,0.40203545105023886,308763.22640658345,424132.0656184717
"Denver-Aurora-Centennial, CO",2006,21260239.0,20349303.761901982,0.5310783580196166,11290852.819224615,10807074.82871331
"Denver-Aurora-Centennial, CO",2007,21282910.0,23238618.03248995,0.5310783580196166,11302892.896679277,12341527.107339816
"Denver-Aurora-Centennial, CO",2008,24308847.0,26743854.734252688,0.5310783580196166,12909902.550110081,14203082.459382067
"Denver-Aurora-Centennial, CO",2009,27623190.0,28333162.585351855,0.5310783580196166,14670078.388463892,15047129.463331496
"Denver-Aurora-Centennial, CO",2010,28233760.0,30024114.129717555,0.5310783580196166,14994338.90151993,15945157.233003968
"Denver-Aurora-Centennial, CO",2011,27361711.0,28591805.376450837,0.5310783580196166,14531212.55048728,15184489.052141955
"Denver-Aurora-Centennial, CO",2012,24203899.0,26315098.62498957,0.5310783580196166,12854166.938592639,13975379.368883729
"Denver-Aurora-Centennial, CO",2013,18179130.0,21213827.267175008,0.5310783580196166,9654542.510625152,11266204.552363073
"Denver-Aurora-Centennial, CO",2014,15000041.0,15766122.32574733,0.5310783580196166,7966197.144506928,8373046.35709431
"Denver-Aurora-Centennial, CO",2015,13859507.0,13617876.688701717,0.5310783580196166,7360484.220521382,7232159.591549321
"Denver-Aurora-Centennial, CO",2016,15175879.0,13119143.511665994,0.5310783580196166,8059580.90082438,6967293.194799283
"Denver-Aurora-Centennial, CO",2017,14457696.0,14746271.808198059,0.5310783580196166,7678169.452426778,7831425.8188087875
"Denver-Aurora-Centennial, CO",2018,18083207.0,14258414.575639049,0.5310783580196166,9603599.881288836,7572335.400793354
"Denver-Aurora-Centennial, CO",2019,19582137.0,18462401.682433847,0.5310783580196166,10399649.16447518,9804981.970605575
"Denver-Aurora-Centennial, CO",2020,22574416.0,19534235.35095833,0.5310783580196166,11988783.78253176,10374209.635355698
"Denver-Aurora-Centennial, CO",2021,23369768.0,24546288.256020337,0.5310783580196166,12411178.016739378,13036002.462483479
"Denver-Aurora-Centennial, CO",2022,25133197.0,20453952.648075312,0.5310783580196166,13347696.994543552,10862651.587350825
"Denver-Aurora-Centennial, CO",2023,30569645.0,22333034.29230409,0.5310783580196166,16234876.871842582,11860591.181552647
"Des Moines-West Des Moines, IA",2007,5955679.0,6254438.030146178,0.4061706280038037,2419021.8796190657,2540369.0225153463
"Des Moines-West Des Moines, IA",2008,5715334.0,6306199.165297796,0.4061706280038037,2321400.8000314916,2561392.875286069
"Des Moines-West Des Moines, IA",2009,7825811.0,10103864.184182534,0.4061706280038037,3178614.5685090753,4103892.86095456
"Des Moines-West Des Moines, IA",2010,8144822.0,9733903.790404718,0.4061706280038037,3308187.4667191966,3953625.8154772897
"Des Moines-West Des Moines, IA",2011,7759600.0,9563766.781742958,0.4061706280038037,3151721.605058315,3884521.159822454
"Des Moines-West Des Moines, IA",2012,7260168.0,8833485.012715522,0.4061706280038037,2948866.9959731195,3587902.1550768516
"Des Moines-West Des Moines, IA",2013,5971296.0,7201248.444114651,0.4061706280038037,2425365.046316601,2924935.602957462
"Des Moines-West Des Moines, IA",2014,5399789.0,5224431.805036301,0.4061706280038037,2193235.6892180312,2122010.74721464
"Des Moines-West Des Moines, IA",2015,5110218.0,6210112.558601134,0.4061706280038037,2075620.4542963419,2522365.317901331
"Des Moines-West Des Moines, IA",2016,4454061.0,4666506.964794801,0.4061706280038037,1809108.75353725,1895398.064474828
"Des Moines-West Des Moines, IA",2017,5438918.0,4124527.0670195464,0.4061706280038037,2209128.739721192,1675261.7490300157
"Des Moines-West Des Moines, IA",2018,5628863.0,4707565.915607571,0.4061706280038037,2286278.8196573746,1912075.0043116282
"Des Moines-West Des Moines, IA",2019,4693546.0,4382348.525280867,0.4061706280038037,1906380.5263847408,1779981.2526448728
"Des Moines-West Des Moines, IA",2020,5183875.0,4115222.997042007,0.4061706280038037,2105537.764243218,1671482.7090842472
"Des Moines-West Des Moines, IA",2021,5491661.0,4181279.5225747884,0.4061706280038037,2230551.397153997,1698312.9295436463
"Des Moines-West Des Moines, IA",2022,5847849.0,3728002.6051484277,0.4061706280038037,2375224.5008014156,1514205.1593329532
"Des Moines-West Des Moines, IA",2023,7375567.0,4636037.086223757,0.4061706280038037,2995738.6802741303,1883022.0947604277
"Detroit-Warren-Dearborn, MI",2006,86814713.0,68686559.20502445,0.6352243276478606,55146817.695366986,43631373.38945663
"Detroit-Warren-Dearborn, MI",2007,90986033.0,78065332.38769357,0.6352243276478606,57796541.63777106,49588998.27857941
"Detroit-Warren-Dearborn, MI",2008,95888100.0,100322585.67640121,0.6352243276478606,60910453.85193083,63727347.034186855
"Detroit-Warren-Dearborn, MI",2009,112497080.0,105757491.48357123,0.6352243276478606,71460882.0053476,67179731.42137589
"Detroit-Warren-Dearborn, MI",2010,110703464.0,103801171.00185156,0.6352243276478606,70321533.48768914,65937029.05871177
"Detroit-Warren-Dearborn, MI",2011,104439120.0,101526126.73691233,0.6352243276478606,66342269.782134235,64491865.59514662
"Detroit-Warren-Dearborn, MI",2012,85367411.0,89998855.85869029,0.6352243276478606,54227456.25551358,57169462.70191326
"Detroit-Warren-Dearborn, MI",2013,65483130.0,70668957.06211565,0.6352243276478606,41596477.22652745,44890640.73535795
"Detroit-Warren-Dearborn, MI",2014,55975348.0,51821440.23898385,0.6352243276478606,35556902.79815502,32918239.533552304
"Detroit-Warren-Dearborn, MI",2015,49401255.0,53859625.31568321,0.6352243276478606,31380878.992335513,34212944.27852056
"Detroit-Warren-Dearborn, MI",2016,43817943.0,48757671.0544958,0.6352243276478606,27834223.38108728,30972058.81326765
"Detroit-Warren-Dearborn, MI",2017,37421400.0,48355928.55273035,0.6352243276478606,23770983.65464165,30716862.202696122
"Detroit-Warren-Dearborn, MI",2018,37693256.0,42950556.03348752,0.6352243276478606,23943673.19945869,27283238.078473873
"Detroit-Warren-Dearborn, MI",2019,39474021.0,39893618.16901513,0.6352243276478606,25074858.44928253,25341396.778853115
"Detroit-Warren-Dearborn, MI",2020,43229968.0,37160482.18947273,0.6352243276478606,27460727.35703853,23605242.31387811
"Detroit-Warren-Dearborn, MI",2021,36459128.0,50472573.847689845,0.6352243276478606,23159725.07042729,32061406.787055776
"Detroit-Warren-Dearborn, MI",2022,31816159.0,42485123.20358417,0.6352243276478606,20210398.209112428,26987583.82203328
"Detroit-Warren-Dearborn, MI",2023,30427813.0,35561941.95179182,0.6352243276478606,19328487.05471983,22589810.66617921
"Durham-Chapel Hill, NC",2006,4700098.0,5479187.382968278,0.6439621593084006,3026685.2570410953,3528389.338391597
"Durham-Chapel Hill, NC",2007,4789172.0,4294706.679345142,0.6439621593084006,3084045.5424193316,2765628.5868273084
"Durham-Chapel Hill, NC",2008,4615301.0,5177102.16796785,0.6439621593084006,2972079.1978182206,3333857.891044779
"Durham-Chapel Hill, NC",2009,6331586.0,5598533.871496283,0.6439621593084006,4077301.792406839,3605243.9608499664
"Durham-Chapel Hill, NC",2010,7146509.0,5643781.049384137,0.6439621593084006,4602081.367156919,3634381.4312252398
"Durham-Chapel Hill, NC",2011,6864422.0,6847745.026079745,0.6439621593084006,4420428.01352409,4409688.673387673
"Durham-Chapel Hill, NC",2012,6424916.0,8115307.0962541755,0.6439621593084006,4137402.7807350922,5225950.6811546255
"Durham-Chapel Hill, NC",2013,6238325.0,6829529.772765078,0.6439621593084006,4017245.237467578,4397958.73953081
"Durham-Chapel Hill, NC",2014,5011594.0,4813018.821014965,0.6439621593084006,3227276.893817025,3099401.992772769
"Durham-Chapel Hill, NC",2015,5402801.0,5465681.172136117,0.6439621593084006,3479199.3982735863,3519691.849700044
"Durham-Chapel Hill, NC",2016,4875552.0,4585329.3536772905,0.6439621593084006,3139670.9937403915,2952778.591734221
"Durham-Chapel Hill, NC",2017,5155613.0,4430879.644512363,0.6439621593084006,3320019.6800384615,2853318.82351582
"Durham-Chapel Hill, NC",2018,3528910.0,3957608.8724837946,0.6439621593084006,2272484.503605008,2548550.355222749
"Durham-Chapel Hill, NC",2019,2827546.0,3702637.3675462822,0.6439621593084006,1820832.6277038308,2384358.354341076
"Durham-Chapel Hill, NC",2020,3034281.0,3072819.288260386,0.6439621593084006,1953962.1447084532,1978779.3440326608
"Durham-Chapel Hill, NC",2021,3937961.0,4931468.060777514,0.6439621593084006,2535897.8688322688,3175678.8209786993
"Durham-Chapel Hill, NC",2022,3502761.0,4954891.009283182,0.6439621593084006,2255645.5371012525,3190762.3134757783
"Durham-Chapel Hill, NC",2023,3385282.0,4020699.876238127,0.6439621593084006,2179993.506587861,2589178.5742333233
"El Paso, TX",2007,6846884.0,4610350.068033488,0.31790911986934395,2176686.866287493,1465672.332418096
"El Paso, TX",2008,7830860.0,6658371.352928833,0.31790911986934395,2489501.8104200508,2116756.976572858
"El Paso, TX",2009,10325358.0,9000655.004150493,0.31790911986934395,3282525.4741158895,2861390.3106170897
"El Paso, TX",2010,10139444.0,9871671.437656337,0.31790911986934395,3223421.7180045005,3138294.3783846674
"El Paso, TX",2011,10130019.0,9706686.3195585,0.31790911986934395,3220425.424549732,3085844.104698644
"El Paso, TX",2012,9110381.0,7366681.678405988,0.31790911986934395,2896273.2053843937,2341935.288739669
"El Paso, TX",2013,9882048.0,9018916.213057525,0.31790911986934395,3141593.1821866105,2867195.7154684747
"El Paso, TX",2014,9648316.0,8151260.013344037,0.31790911986934395,3067287.647781309,2591359.8966683797
"El Paso, TX",2015,8284921.0,6543618.922251564,0.31790911986934395,2633851.943297045,2080276.13233338
"El Paso, TX",2016,6265664.0,6744599.450208355,0.31790911986934395,1991911.727637033,2144169.6750869993
"El Paso, TX",2017,6054662.0,7320467.695142535,0.31790911986934395,1924832.2675263619,2327243.441994728
"El Paso, TX",2018,4651451.0,4884731.980509193,0.31790911986934395,1478738.6935253798,1552900.8447213147
"El Paso, TX",2019,4299080.0,4487636.458890452,0.31790911986934395,1366716.7390478991,1426660.5569394429
"El Paso, TX",2020,4440837.0,3888040.2626673817,0.31790911986934395,1411782.5821532179,1236043.4579211602
"El Paso, TX",2021,4928649.0,5077094.326916875,0.31790911986934395,1566862.465734922,1614054.588963783
"El Paso, TX",2022,5781855.0,2229229.474680597,0.31790911986934395,1838104.4342621656,708692.3802825086
"El Paso, TX",2023,6015362.0,2558152.392266393,0.31790911986934395,1912338.4391154966,813259.9755170657
"Fresno, CA",2007,5532739.0,5581846.297418694,0.25065751928789465,1386822.632607387,1399131.7459572896
"Fresno, CA",2008,6021711.0,4736105.271325846,0.25065751928789465,1509387.1411286274,1187140.3983968578
"Fresno, CA",2009,8725526.0,8113807.698395061,0.25065751928789465,2187118.701642026,2033786.9096587282
"Fresno, CA",2010,9474616.0,10339775.995103296,0.25065751928789465,2374883.7427653954,2591742.6009251145
"Fresno, CA",2011,9550726.0,11986270.513282776,0.25065751928789465,2393961.286558397,3004448.8323731003
"Fresno, CA",2012,8697505.0,9848536.734980568,0.25065751928789465,2180095.02729406,2468609.786605931
"Fresno, CA",2013,8057323.0,7606492.565824882,0.25065751928789465,2019628.595281297,1906624.5570314776
"Fresno, CA",2014,6244313.0,6247045.6893889075,0.25065751928789465,1565184.0062371513,1565868.9753803592
"Fresno, CA",2015,5410010.0,6022815.9036603775,0.25065751928789465,1356059.685922703,1509664.0935391898
"Fresno, CA",2016,4395662.0,4356309.311520292,0.25065751928789465,1101805.7325480655,1091941.6852764327
"Fresno, CA",2017,3848388.0,3951794.694301261,0.25065751928789465,964627.3893373023,990547.054808618
"Fresno, CA",2018,3094907.0,3533880.5926714703,0.25065751928789465,775761.7110467402,885793.7428186656
"Fresno, CA",2019,3611464.0,3111684.051713986,0.25065751928789465,905240.6072375372,779967.0052103326
"Fresno, CA",2020,3455919.0,2053800.449966128,0.25065751928789465,866252.0833999016,514800.52590087143
"Fresno, CA",2021,3352707.0,1949294.371156262,0.25065751928789465,840381.2195191594,488605.2914358852
"Fresno, CA",2022,2417653.0,2042427.7601410474,0.25065751928789465,606002.9034789364,511949.87568168604
"Fresno, CA",2023,2627706.0,1837383.394340263,0.25065751928789465,658654.2673779165,460553.9636061018
"Grand Rapids-Wyoming-Kentwood, MI",2006,14101688.0,13934237.008056598,0.5393366922223903,7605557.760672175,7515245.296568062
"Grand Rapids-Wyoming-Kentwood, MI",2007,17526691.0,16315479.602530507,0.5393366922223903,9452787.54954394,8799536.800850684
"Grand Rapids-Wyoming-Kentwood, MI",2008,17168744.0,18947109.830218192,0.5393366922223903,9259733.59857301,10218871.543004215
"Grand Rapids-Wyoming-Kentwood, MI",2009,22955039.0,20079179.02286796,0.5393366922223903,12380494.804095967,10829437.996734813
"Grand Rapids-Wyoming-Kentwood, MI",2010,21953467.0,20280289.277083576,0.5393366922223903,11840310.274593404,10937904.136015467
"Grand Rapids-Wyoming-Kentwood, MI",2011,20942670.0,18263885.04052996,0.5393366922223903,11295150.364105087,9850383.344889425
"Grand Rapids-Wyoming-Kentwood, MI",2012,17599876.0,17095004.043642692,0.5393366922223903,9492258.905364234,9219962.934426637
"Grand Rapids-Wyoming-Kentwood, MI",2013,16570023.0,15086056.136399388,0.5393366922223903,8936821.394868929,8136463.61528694
"Grand Rapids-Wyoming-Kentwood, MI",2014,12793820.0,11808688.950232204,0.5393366922223903,6900176.559688662,6368859.237901328
"Grand Rapids-Wyoming-Kentwood, MI",2015,10849757.0,11660496.992430773,0.5393366922223903,5851672.051796725,6288933.877566744
"Grand Rapids-Wyoming-Kentwood, MI",2016,7270526.0,7563972.91630207,0.5393366922223903,3921261.4435568866,4079528.132738106
"Grand Rapids-Wyoming-Kentwood, MI",2017,5111209.0,6690298.104711626,0.5393366922223903,2756662.5553173115,3608323.2497768956
"Grand Rapids-Wyoming-Kentwood, MI",2018,4348788.0,6379543.566698181,0.5393366922223903,2345460.9350964245,3440721.9251516275
"Grand Rapids-Wyoming-Kentwood, MI",2019,7072533.0,7008240.713719095,0.5393366922223903,3814476.553853699,3779801.3648355408
"Grand Rapids-Wyoming-Kentwood, MI",2020,7129135.0,6152362.459400922,0.5393366922223903,3845004.089306871,3318194.8182065035
"Grand Rapids-Wyoming-Kentwood, MI",2021,5453019.0,5735591.463149853,0.5393366922223903,2941013.2300858465,3093414.927674222
"Grand Rapids-Wyoming-Kentwood, MI",2022,5320160.0,6216137.706080273,0.5393366922223903,2869357.4964938723,3352591.1487962115
"Grand Rapids-Wyoming-Kentwood, MI",2023,4930223.0,5991326.003016738,0.5393366922223903,2659050.16473875,3231341.9484930425
"Greensboro-High Point, NC",2006,10215653.0,11682740.47305735,0.4647678785196391,4747907.372502786,5429762.504958389
"Greensboro-High Point, NC",2007,13196458.0,9979948.544226505,0.4647678785196391,6133289.788633519,4638359.512635313
"Greensboro-High Point, NC",2008,17992970.0,16350066.633580286,0.4647678785196391,8362554.495167511,7598985.782943847
"Greensboro-High Point, NC",2009,24309247.0,18241035.548666153,0.4647678785196391,11298157.1565999,8477847.393954888
"Greensboro-High Point, NC",2010,22884572.0,23255120.099828668,0.4647678785196391,10636013.979269933,10808232.833516788
"Greensboro-High Point, NC",2011,24029880.0,20343329.460341457,0.4647678785196391,11168316.348681504,9454926.075308973
"Greensboro-High Point, NC",2012,22407712.0,18780924.74648127,0.4647678785196391,10414384.768719058,8728770.55105909
"Greensboro-High Point, NC",2013,21396715.0,17890148.522377055,0.4647678785196391,9944505.837839339,8314766.375146439
"Greensboro-High Point, NC",2014,17044630.0,16512515.53726085,0.4647678785196391,7921796.525252196,7674486.815275304
"Greensboro-High Point, NC",2015,15407796.0,14921800.445522068,0.4647678785196391,7161048.65958338,6935173.536758697
"Greensboro-High Point, NC",2016,13834450.0,11941803.233762344,0.4647678785196391,6429807.976986021,5550166.55465469
"Greensboro-High Point, NC",2017,9406557.0,10701804.184591608,0.4647678785196391,4371865.54106406,4973854.827205238
"Greensboro-High Point, NC",2018,8690418.0,7844572.429270836,0.4647678785196391,4039027.137308885,3645905.2858458576
"Greensboro-High Point, NC",2019,8127510.0,7983748.873399379,0.4647678785196391,3777405.580347152,3710590.026523388
"Greensboro-High Point, NC",2020,6272455.0,6092492.627772128,0.4647678785196391,2915235.6034599026,2831594.873506193
"Greensboro-High Point, NC",2021,7510059.0,6345048.7557754675,0.4647678785196391,3490434.188987322,2948974.8493254394
"Greensboro-High Point, NC",2022,7849389.0,7245053.639066701,0.4647678785196391,3648143.873205391,3367268.2095900215
"Greensboro-High Point, NC",2023,8307623.0,5364447.238729334,0.4647678785196391,3861116.3172509596,2493222.7625747686
"Greenville-Anderson-Greer, SC",2006,15514616.0,12126109.259352472,0.5406614720802202,8388155.1253193375,6556120.082767096
"Greenville-Anderson-Greer, SC",2007,12557538.0,12092190.735404843,0.5406614720802202,6789376.980783304,6537781.643678783
"Greenville-Anderson-Greer, SC",2008,12907443.0,11704769.85980568,0.5406614720802202,6978557.133171533,6328318.102762732
"Greenville-Anderson-Greer, SC",2009,18551905.0,15772067.202950465,0.5406614720802202,10030300.267192397,8527349.07169536
"Greenville-Anderson-Greer, SC",2010,17800242.0,15998645.771074725,0.5406614720802202,9623905.043104162,8649851.37387925
"Greenville-Anderson-Greer, SC",2011,16675128.0,14456931.227205196,0.5406614720802202,9015599.251606097,7816305.719063266
"Greenville-Anderson-Greer, SC",2012,15385902.0,14443992.106572947,0.5406614720802202,8318564.424602004,7809310.03505481
"Greenville-Anderson-Greer, SC",2013,13630826.0,13723142.567406122,0.5406614720802202,7369662.450829339,7419574.462060526
"Greenville-Anderson-Greer, SC",2014,14129647.0,11442290.572726006,0.5406614720802202,7639355.746993867,6186405.665019668
"Greenville-Anderson-Greer, SC",2015,13241992.0,12623774.704175105,0.5406614720802202,7159434.887994499,6825188.614768359
"Greenville-Anderson-Greer, SC",2016,10505185.0,9325799.984036509,0.5406614720802202,5679748.786575048,5042100.747694873
"Greenville-Anderson-Greer, SC",2017,11443067.0,8659982.14550126,0.5406614720802202,6186825.449332589,4682118.694975135
"Greenville-Anderson-Greer, SC",2018,8567191.0,8099224.493754369,0.5406614720802202,4631950.097652414,4378938.637501413
"Greenville-Anderson-Greer, SC",2019,8974141.0,5978110.131940661,0.5406614720802202,4851972.2837154595,3232133.824192717
"Greenville-Anderson-Greer, SC",2020,9087511.0,7148882.197380834,0.5406614720802202,4913267.074805194,3865125.1725640013
"Greenville-Anderson-Greer, SC",2021,6816411.0,7039138.683930468,0.5406614720802202,3685370.8055638056,3805791.0830306704
"Greenville-Anderson-Greer, SC",2022,9182921.0,4823631.059559898,0.5406614720802202,4964851.585856368,2607951.469433527
"Greenville-Anderson-Greer, SC",2023,12621434.0,6007128.28850018,0.5406614720802202,6823923.086203342,3247822.823435241
"Harrisburg-Carlisle, PA",2006,9805437.0,9217018.741179066,0.40340547209654204,3955566.942097901,3718195.796608017
"Harrisburg-Carlisle, PA",2007,10754432.0,9424392.857085815,0.40340547209654204,4338396.718090159,3801851.6497359816
"Harrisburg-Carlisle, PA",2008,14076136.0,12406648.883896332,0.40340547209654204,5678390.288375131,5004910.050144237
"Harrisburg-Carlisle, PA",2009,15819821.0,16394145.049197258,0.40340547209654204,6381802.35898779,6613487.823190607
"Harrisburg-Carlisle, PA",2010,16561967.0,15738075.079213591,0.40340547209654204,6681188.11648235,6348825.607220982
"Harrisburg-Carlisle, PA",2011,17123767.0,13822230.14077144,0.40340547209654204,6907821.310706187,5575963.275364955
"Harrisburg-Carlisle, PA",2012,16928256.0,14994550.252771825,0.40340547209654204,6828951.103451121,6048883.623594741
"Harrisburg-Carlisle, PA",2013,14500432.0,12815254.572844137,0.40340547209654204,5849553.616563805,5169743.820995558
"Harrisburg-Carlisle, PA",2014,10128483.0,11199293.482889079,0.40340547209654204,4085885.4662368004,4517856.274612595
"Harrisburg-Carlisle, PA",2015,12218104.0,10912509.966238843,0.40340547209654204,4928850.012244648,4402166.234688801
"Harrisburg-Carlisle, PA",2016,11117632.0,11195161.747616258,0.40340547209654204,4484913.585555623,4516189.509994285
"Harrisburg-Carlisle, PA",2017,9927739.0,9386466.764814056,0.40340547209654204,4004904.238146252,3786552.0565783163
"Harrisburg-Carlisle, PA",2018,13769392.0,12269864.344978515,0.40340547209654204,5554648.080242349,4949730.418646586
"Harrisburg-Carlisle, PA",2019,11259091.0,10920636.350874096,0.40340547209654204,4541978.920232927,4405444.462719023
"Harrisburg-Carlisle, PA",2020,8974141.0,9255415.926567502,0.40340547209654204,3620217.586765934,3733685.4313068176
"Harrisburg-Carlisle, PA",2021,7610468.0,6745281.451178421,0.40340547209654204,3070104.436415626,2721083.448236679
"Harrisburg-Carlisle, PA",2022,5478160.0,5114653.31869657,0.40340547209654204,2209919.7210203926,2063279.1366389352
"Harrisburg-Carlisle, PA",2023,7269060.0,2983811.3002904477,0.40340547209654204,2932378.58099809,1203685.806240665
"Hartford-West Hartford-East Hartford, CT",2006,12802219.0,11309226.198181534,0.5301739713792419,6787403.2896967875,5995857.36671607
"Hartford-West Hartford-East Hartford, CT",2007,12663709.0,12954296.736837223,0.5301739713792419,6713968.892921048,6868030.947394145
"Hartford-West Hartford-East Hartford, CT",2008,12631509.0,14767445.39302403,0.5301739713792419,6696897.291042637,7829315.17114564
"Hartford-West Hartford-East Hartford, CT",2009,14932401.0,17854810.31237508,0.5301739713792419,7916770.3403973635,9466155.69153494
"Hartford-West Hartford-East Hartford, CT",2010,16447646.0,16273672.563991562,0.5301739713792419,8720113.799659902,8627877.612176817
"Hartford-West Hartford-East Hartford, CT",2011,16856294.0,14535036.019480582,0.5301739713792419,8936768.332716087,7706097.770588349
"Hartford-West Hartford-East Hartford, CT",2012,15170826.0,15220752.625117276,0.5301739713792419,8043177.069523459,8069646.866639448
"Hartford-West Hartford-East Hartford, CT",2013,15604968.0,13392488.437144144,0.5301739713792419,8273347.857805986,7100348.781371288
"Hartford-West Hartford-East Hartford, CT",2014,14771752.0,14109233.84349053,0.5301739713792419,7831598.42206926,7480348.53992178
"Hartford-West Hartford-East Hartford, CT",2015,13954050.0,14311909.715428898,0.5301739713792419,7398074.105324511,7587802.011850095
"Hartford-West Hartford-East Hartford, CT",2016,10881923.0,13052088.161556304,0.5301739713792419,5769312.333153115,6919877.415404295
"Hartford-West Hartford-East Hartford, CT",2017,9825170.0,11409970.013409054,0.5301739713792419,5209049.398376186,6049269.11532714
"Hartford-West Hartford-East Hartford, CT",2018,8529722.0,9195517.176977681,0.5301739713792419,4522236.587500891,4875223.860604293
"Hartford-West Hartford-East Hartford, CT",2019,10440413.0,8931639.798071258,0.5301739713792419,5535235.223049466,4735322.942672329
"Hartford-West Hartford-East Hartford, CT",2020,10680237.0,10347339.715210257,0.5301739713792419,5662383.6655615205,5485890.190023176
"Hartford-West Hartford-East Hartford, CT",2021,9232624.0,12675766.40569714,0.5301739713792419,4894896.932331302,6720361.415584032
"Hartford-West Hartford-East Hartford, CT",2022,7987679.0,10659240.792839482,0.5301739713792419,4234859.497532572,5651252.023027328
"Hartford-West Hartford-East Hartford, CT",2023,8592766.0,9275857.12750941,0.5301739713792419,4555660.875352523,4917818.011238111
"Houston-Pasadena-The Woodlands, TX",2006,36984876.0,38653826.942584895,0.5581049029964206,20641440.632314645,21572890.33623177
"Houston-Pasadena-The Woodlands, TX",2007,39309812.0,46178024.32475672,0.5581049029964206,21938998.81306753,25772181.786334697
"Houston-Pasadena-The Woodlands, TX",2008,44859091.0,52385700.91657761,0.5581049029964206,25036078.631062604,29236716.528446045
"Houston-Pasadena-The Woodlands, TX",2009,54841833.0,57484057.91200555,0.5581049029964206,30607495.886610895,32082134.56482048
"Houston-Pasadena-The Woodlands, TX",2010,54548621.0,51478682.60412938,0.5581049029964206,30443852.83179351,28730505.16116115
"Houston-Pasadena-The Woodlands, TX",2011,52273544.0,50626843.83443097,0.5581049029964206,29174121.20339912,28255089.76723003
"Houston-Pasadena-The Woodlands, TX",2012,49662525.0,50069365.213753045,0.5581049029964206,27716898.69768231,27943958.215713996
"Houston-Pasadena-The Woodlands, TX",2013,50115083.0,50737661.01551416,0.5581049029964206,27969473.536372565,28316937.3793288
"Houston-Pasadena-The Woodlands, TX",2014,49137625.0,51223723.787050374,0.5581049029964206,27423949.43409949,28588211.39528719
"Houston-Pasadena-The Woodlands, TX",2015,51227373.0,51883738.7923194,0.5581049029964206,28590248.038926452,28956569.005779043
"Houston-Pasadena-The Woodlands, TX",2016,56601645.0,54905406.34203531,0.5581049029964206,31589655.592162833,30642976.480500672
"Houston-Pasadena-The Woodlands, TX",2017,52159151.0,50091739.35734937,0.5581049029964206,29110277.909230653,27956445.334955454
"Houston-Pasadena-The Woodlands, TX",2018,51320590.0,52314616.54638084,0.5581049029964206,28642272.90366907,29197043.992912818
"Houston-Pasadena-The Woodlands, TX",2019,59908983.0,51172476.72528071,0.5581049029964206,33435497.14582921,28559610.15884938
"Houston-Pasadena-The Woodlands, TX",2020,85419084.0,68984289.80971166,0.5581049029964206,47672809.5898631,38500470.372526094
"Houston-Pasadena-The Woodlands, TX",2021,68780078.0,72771701.28114823,0.5581049029964206,38386498.76027624,40614243.284399725
"Houston-Pasadena-The Woodlands, TX",2022,72557469.0,73576776.20363797,0.5581049029964206,40494679.19791079,41063559.545920715
"Houston-Pasadena-The Woodlands, TX",2023,74244087.0,80482635.27265312,0.5581049029964206,41435988.97319281,44917753.35174037
"Indianapolis-Carmel-Greenwood, IN",2006,29862388.0,24504447.15156287,0.5086005415218712,15188026.707936227,12462975.090978948
"Indianapolis-Carmel-Greenwood, IN",2007,29129602.0,27756638.04039559,0.5086005415218712,14815331.351516582,14117041.138171768
"Indianapolis-Carmel-Greenwood, IN",2008,31954220.0,30616434.66917995,0.5086005415218712,16251933.595909007,15571535.252213914
"Indianapolis-Carmel-Greenwood, IN",2009,37342316.0,36212250.926725805,0.5086005415218712,18992322.139280833,18417570.431058627
"Indianapolis-Carmel-Greenwood, IN",2010,39290407.0,35783798.56337248,0.5086005415218712,19983122.276814718,18199659.3270408
"Indianapolis-Carmel-Greenwood, IN",2011,36841827.0,32148526.86342388,0.5086005415218712,18737773.162855096,16350758.171867808
"Indianapolis-Carmel-Greenwood, IN",2012,35465337.0,29071677.16573153,0.5086005415218712,18037689.603455655,14785870.749440074
"Indianapolis-Carmel-Greenwood, IN",2013,32893849.0,26748837.771512933,0.5086005415218712,16729829.41413866,13604473.37567216
"Indianapolis-Carmel-Greenwood, IN",2014,33013249.0,29589217.97962464,0.5086005415218712,16790556.31879637,15049092.28764578
"Indianapolis-Carmel-Greenwood, IN",2015,30530319.0,29335679.038795646,0.5086005415218712,15527736.776235472,14920142.24504327
"Indianapolis-Carmel-Greenwood, IN",2016,21597042.0,22699972.00798319,0.5086005415218712,10984267.256470596,11545218.055791568
"Indianapolis-Carmel-Greenwood, IN",2017,20641918.0,21135891.81355284,0.5086005415218712,10498490.67285006,10749726.021920659
"Indianapolis-Carmel-Greenwood, IN",2018,21485140.0,22922851.937016796,0.5086005415218712,10927353.838673215,11658574.908392416
"Indianapolis-Carmel-Greenwood, IN",2019,18005667.0,19707292.41259465,0.5086005415218712,9157691.986662485,10023139.592975503
"Indianapolis-Carmel-Greenwood, IN",2020,25317619.0,24283022.59193631,0.5086005415218712,12876554.733444415,12350358.440046638
"Indianapolis-Carmel-Greenwood, IN",2021,30038595.0,23717139.315609697,0.5086005415218712,15277645.683556171,12062549.899268754
"Indianapolis-Carmel-Greenwood, IN",2022,33748037.0,24570582.04512805,0.5086005415218712,17164269.893500146,12496611.333659692
"Indianapolis-Carmel-Greenwood, IN",2023,41768383.0,26514647.492249854,0.5086005415218712,21243422.212292917,13485364.0728198
"Jackson, MS",2007,4234335.0,5602272.65914477,0.43387724042164716,1837181.5848207953,2430698.601439376
"Jackson, MS",2008,6007405.0,5503063.312336648,0.43387724042164716,2606476.3034952055,2387653.923822234
"Jackson, MS",2009,6744386.0,8489846.829848878,0.43387724042164716,2926235.5860183914,3683551.3141373005
"Jackson, MS",2010,5132088.0,6918507.931084512,0.43387724042164716,2226696.1790410504,3001783.1289742272
"Jackson, MS",2011,5893515.0,6255424.8673564885,0.43387724042164716,2557062.0245835837,2714086.4791135816
"Jackson, MS",2012,5501744.0,6357806.029456037,0.43387724042164716,2387081.504226355,2758507.335196495
"Jackson, MS",2013,4467258.0,5736313.226090411,0.43387724042164716,1938241.5732915266,2488855.7527303034
"Jackson, MS",2014,4542582.0,5571732.189722694,0.43387724042164716,1970922.9425490468,2417447.786845344
"Jackson, MS",2015,3888293.0,4451319.796283218,0.43387724042164716,1687041.8367908078,1931326.3494456112
"Jackson, MS",2016,3886849.0,3657477.3963458166,0.43387724042164716,1686415.3180556388,1586896.199631074
"Jackson, MS",2017,3860255.0,3631057.0647918084,0.43387724042164716,1674876.7867238657,1575433.0190853958
"Jackson, MS",2018,3400943.0,3400073.9415861834,0.43387724042164716,1475591.763671318,1475214.699004966
"Jackson, MS",2019,3102454.0,3319259.024129609,0.43387724042164716,1346084.180055101,1440150.9456340044
"Jackson, MS",2020,3911365.0,2646108.134247965,0.43387724042164716,1697052.2524818159,1148086.0951447806
"Jackson, MS",2021,3458486.0,4419536.377823564,0.43387724042164716,1500558.3617169007,1917536.2475531702
"Jackson, MS",2022,3325565.0,3929140.0817388645,0.43387724042164716,1442886.965042815,1704764.4558949438
"Jackson, MS",2023,3835508.0,3696547.1709988695,0.43387724042164716,1664139.6266551511,1603847.6856414361
"Jacksonville, FL",2006,8126142.0,7646766.882724085,0.4344500432646367,3530402.7434745813,3322138.20303407
"Jacksonville, FL",2007,10372477.0,8424366.924531905,0.4344500432646367,4506323.081411449,3659966.5748400604
"Jacksonville, FL",2008,13348832.0,10774196.097351925,0.4344500432646367,5799400.639932367,4680849.960636224
"Jacksonville, FL",2009,19049640.0,15163405.644409712,0.4344500432646367,8276116.922175754,6587742.238253036
"Jacksonville, FL",2010,21186364.0,21796549.2871202,0.4344500432646367,9204416.756420342,9469511.780809158
"Jacksonville, FL",2011,21272174.0,23006630.754736762,0.4344500432646367,9241696.914632881,9995231.726768907
"Jacksonville, FL",2012,21652635.0,21260398.821671095,0.4344500432646367,9406988.212543387,9236581.187898438
"Jacksonville, FL",2013,19037591.0,20853325.688375473,0.4344500432646367,8270882.233604458,9059728.247526284
"Jacksonville, FL",2014,17082149.0,18273874.19526158,0.4344500432646367,7421340.37210297,7939085.434743921
"Jacksonville, FL",2015,15149221.0,16995316.165083427,0.4344500432646367,6581579.718875543,7383615.843216674
"Jacksonville, FL",2016,12223109.0,11698179.15054208,0.4344500432646367,5310330.23387837,5082274.438070478
"Jacksonville, FL",2017,10071450.0,10050218.373692147,0.4344500432646367,4375541.888237625,4366317.8072696
"Jacksonville, FL",2018,7059449.0,7533936.448610103,0.4344500432646367,3066977.923474496,3273119.0160516826
"Jacksonville, FL",2019,9028869.0,7789447.573578,0.4344500432646367,3922592.527680737,3384125.8353485814
"Jacksonville, FL",2020,9301414.0,7778410.4258166,0.4344500432646367,4040999.7147222976,3379330.7460261234
"Jacksonville, FL",2021,7897057.0,8578047.32033736,0.4344500432646367,3430876.7553133024,3726733.0294466675
"Jacksonville, FL",2022,11057264.0,8256362.68975558,0.4344500432646367,4803828.82318851,3586977.1277728444
"Jacksonville, FL",2023,11145963.0,10426390.783360451,0.4344500432646367,4842364.10757604,4529745.926924958
"Kansas City, MO-KS",2006,21609541.0,22521662.03166259,0.5423202320711765,11719291.290071605,12213952.979639862
"Kansas City, MO-KS",2007,20496189.0,23174380.707260072,0.5423202320711765,11115497.975054696,12567935.52326708
"Kansas City, MO-KS",2008,21230120.0,23495318.164751366,0.5423202320711765,11513523.605298925,12741986.39969409
"Kansas City, MO-KS",2009,25463143.0,28204113.325512987,0.5423202320711765,13809177.621021554,15295661.284053965
"Kansas City, MO-KS",2010,27769623.0,30177373.43362343,0.5423202320711765,15060028.389889082,16365800.163821215
"Kansas City, MO-KS",2011,26603435.0,29112542.31629498,0.5423202320711765,14427581.04309046,15788320.70515504
"Kansas City, MO-KS",2012,25761441.0,28333467.720684223,0.5423202320711765,13970950.661607921,15365812.789662657
"Kansas City, MO-KS",2013,23475204.0,27247393.11932889,0.5423202320711765,12731078.081198212,14776812.559809022
"Kansas City, MO-KS",2014,28467524.0,25142124.31987209,0.5423202320711765,15438514.222171787,13635082.695915403
"Kansas City, MO-KS",2015,29385950.0,29593578.73887046,0.5423202320711765,15936595.22363199,16049196.489480864
"Kansas City, MO-KS",2016,24558924.0,29720922.124203406,0.5423202320711765,13318801.363098387,16118257.383767355
"Kansas City, MO-KS",2017,28752485.0,27384149.398777228,0.5423202320711765,15593054.337823022,14850978.257016635
"Kansas City, MO-KS",2018,22312591.0,18679096.463951707,0.5423202320711765,12100569.529229244,10130051.929210182
"Kansas City, MO-KS",2019,18835646.0,21703420.4834378,0.5423202320711765,10214951.909930527,11770204.033316312
"Kansas City, MO-KS",2020,19814620.0,27495139.472522523,0.5423202320711765,10745869.316802176,14911170.41956778
"Kansas City, MO-KS",2021,21384852.0,20048808.884879936,0.5423202320711765,11597437.899447763,10872874.687198753
"Kansas City, MO-KS",2022,20748543.0,19192060.292157065,0.5423202320711765,11252354.654898785,10408242.591566632
"Kansas City, MO-KS",2023,24275636.0,21227042.18126065,0.5423202320711765,13165168.549195407,11511854.441925928
"Kiryas Joel-Poughkeepsie-Newburgh, NY",2006,5123853.0,4594617.214586536,0.4006504562303693,2052874.0421073465,1840835.4832280045
"Kiryas Joel-Poughkeepsie-Newburgh, NY",2007,6166744.0,5221240.282154764,0.4006504562303693,2470708.7970558926,2091892.3011336885
"Kiryas Joel-Poughkeepsie-Newburgh, NY",2008,6402145.0,5760958.797676397,0.4006504562303693,2565022.3151029777,2308130.770613408
"Kiryas Joel-Poughkeepsie-Newburgh, NY",2009,8247734.0,7450662.729290714,0.4006504562303693,3304458.389966729,2985111.421708933
"Kiryas Joel-Poughkeepsie-Newburgh, NY",2010,7981855.0,7896213.430856936,0.4006504562303693,3197933.8473146544,3163621.5135652013
"Kiryas Joel-Poughkeepsie-Newburgh, NY",2011,7225411.0,7245129.225315748,0.4006504562303693,2894864.213601929,2902764.3295707367
"Kiryas Joel-Poughkeepsie-Newburgh, NY",2012,6787171.0,6428313.357520771,0.4006504562303693,2719283.157663532,2575506.679482474
"Kiryas Joel-Poughkeepsie-Newburgh, NY",2013,7022948.0,5306917.749066448,0.4006504562303693,2813747.32028216,2126219.017340517
"Kiryas Joel-Poughkeepsie-Newburgh, NY",2014,6313234.0,5934700.83855653,0.4006504562303693,2529400.0823890795,2377740.598558429
"Kiryas Joel-Poughkeepsie-Newburgh, NY",2015,5281875.0,5804849.557969868,0.4006504562303693,2116185.628501782,2325715.6237492855
"Kiryas Joel-Poughkeepsie-Newburgh, NY",2016,4520630.0,4265136.566867294,0.4006504562303693,1811192.4719486944,1708828.9114002124
"Kiryas Joel-Poughkeepsie-Newburgh, NY",2017,3747882.0,3615574.0612167935,0.4006504562303693,1501590.633197589,1448581.3971611976
"Kiryas Joel-Poughkeepsie-Newburgh, NY",2018,2857244.0,2783634.4687601393,0.4006504562303693,1144756.1121614855,1115264.4198873315
"Kiryas Joel-Poughkeepsie-Newburgh, NY",2019,2596951.0,2895362.7746963715,0.4006504562303693,1040469.6029579139,1160028.4166345294
"Kiryas Joel-Poughkeepsie-Newburgh, NY",2020,2287389.0,2070871.2952354879,0.4006504562303693,916443.4464263283,829695.529230474
"Kiryas Joel-Poughkeepsie-Newburgh, NY",2021,2358098.0,2398465.4477648432,0.4006504562303693,944773.0395359214,960946.2758997615
"Kiryas Joel-Poughkeepsie-Newburgh, NY",2022,3087104.0,1806442.3582651452,0.4006504562303693,1236849.626030598,723751.9549927947
"Kiryas Joel-Poughkeepsie-Newburgh, NY",2023,3582155.0,2828435.3441641955,0.4006504562303693,1435192.0350378987,1133213.9110574867
"Knoxville, TN",2007,5930783.0,6399326.429373138,0.5214128160175817,3092386.2652192013,3336690.8141551837
"Knoxville, TN",2008,5638328.0,7066594.912924207,0.5214128160175817,2939896.4801107794,3684613.153203328
"Knoxville, TN",2009,8633849.0,8436407.830591803,0.5214128160175817,4501799.520160582,4398851.164021649
"Knoxville, TN",2010,7467645.0,10053556.151861664,0.5214128160175817,3893725.808469614,5242053.024133072
"Knoxville, TN",2011,8104677.0,9498285.252618738,0.5214128160175817,4225882.457482927,4952527.660906203
"Knoxville, TN",2012,9606335.0,9212266.129688565,0.5214128160175817,5008866.183958256,4803393.624584303
"Knoxville, TN",2013,9512975.0,9667529.447280798,0.5214128160175817,4960187.083454855,5040773.753039576
"Knoxville, TN",2014,7956801.0,9347728.919768266,0.5214128160175817,4148778.01590151,4874025.659425359
"Knoxville, TN",2015,6376096.0,8695408.792498281,0.5214128160175817,3324578.1705584386,4533897.584920568
"Knoxville, TN",2016,5176433.0,5679970.854547864,0.5214128160175817,2699058.5074563385,2961609.5981675917
"Knoxville, TN",2017,3455181.0,3883893.0280293054,0.5214128160175817,1801575.655060444,2025111.6008558127
"Knoxville, TN",2018,2976105.0,3359340.644443139,0.5214128160175817,1551779.288814005,1751603.265381415
"Knoxville, TN",2019,2425271.0,3078209.375898704,0.5214128160175817,1264567.3817157764,1605017.8189790659
"Knoxville, TN",2020,2784704.0,2770734.831089472,0.5214128160175817,1451980.354415424,1444696.6507163602
"Knoxville, TN",2021,1356447.0,2100903.7260340257,0.5214128160175817,707268.8500486007,1095438.1279732313
"Knoxville, TN",2022,1864115.0,2880446.0595377074,0.5214128160175817,971973.4515306143,1501901.491290303
"Knoxville, TN",2023,1859679.0,1754995.3000348345,0.5214128160175817,969660.4642787604,915077.0414887838
"Lakeland-Winter Haven, FL",2006,3719240.0,4400697.720540971,0.3194121225984212,1187970.3428529522,1405636.1998320252
"Lakeland-Winter Haven, FL",2007,6721342.0,5031408.8433594145,0.3194121225984212,2146878.1149299177,1607092.978317898
"Lakeland-Winter Haven, FL",2008,5119846.0,6866985.120804831,0.3194121225984212,1635340.8782370365,2193398.293288047
"Lakeland-Winter Haven, FL",2009,8847130.0,7194713.117571971,0.3194121225984212,2825880.5722041703,2298078.588370368
"Lakeland-Winter Haven, FL",2010,9369611.0,9114698.595046587,0.3194121225984212,2992767.337431516,2911345.2250886783
"Lakeland-Winter Haven, FL",2011,8354245.0,8158834.887257458,0.3194121225984212,2668447.1281572473,2606030.769268955
"Lakeland-Winter Haven, FL",2012,8815415.0,9382978.570086703,0.3194121225984212,2815750.4167359616,2997037.101366893
"Lakeland-Winter Haven, FL",2013,8151308.0,7288773.146575067,0.3194121225984212,2603626.5902334917,2328122.5018859156
"Lakeland-Winter Haven, FL",2014,6365386.0,7293494.7243619105,0.3194121225984212,2033181.4534182742,2329630.631068825
"Lakeland-Winter Haven, FL",2015,6902920.0,6351905.239855722,0.3194121225984212,2204876.329327094,2028875.5352063498
"Lakeland-Winter Haven, FL",2016,6735882.0,6989726.167386024,0.3194121225984212,2151522.367192499,2232603.2715064976
"Lakeland-Winter Haven, FL",2017,5886331.0,5948492.765279325,0.3194121225984212,1880165.4790268873,1900020.7004192213
"Lakeland-Winter Haven, FL",2018,5830666.0,4546333.822300255,0.3194121225984212,1862385.4032224463,1452154.136221918
"Lakeland-Winter Haven, FL",2019,4178863.0,4201172.108268035,0.3194121225984212,1334779.5008780062,1341905.3005031773
"Lakeland-Winter Haven, FL",2020,4897092.0,3673146.793407654,0.3194121225984212,1564190.5502797477,1173247.6138979234
"Lakeland-Winter Haven, FL",2021,4991457.0,3887738.552401684,0.3194121225984212,1594331.8752287477,1241790.8231303354
"Lakeland-Winter Haven, FL",2022,6300777.0,3417698.948629068,0.3194121225984212,2012544.5555893127,1091654.4755840031
"Lakeland-Winter Haven, FL",2023,7953625.0,3003726.6283717304,0.3194121225984212,2540484.243601868,959426.6980736136
"Las Vegas-Henderson-North Las Vegas, NV",2006,5398923.0,4586503.973099112,0.2914510538616219,1573521.7980677492,1336741.416500252
"Las Vegas-Henderson-North Las Vegas, NV",2007,9021185.0,9817237.084135484,0.2914510538616219,2629233.8753306554,2861244.0941806827
"Las Vegas-Henderson-North Las Vegas, NV",2008,12291509.0,12814750.264377475,0.2914510538616219,3582373.2515996103,3734872.469526313
"Las Vegas-Henderson-North Las Vegas, NV",2009,18566766.0,17787065.128264,0.2914510538616219,5411303.51750213,5184058.876737847
"Las Vegas-Henderson-North Las Vegas, NV",2010,19252979.0,20174839.89094469,0.2914510538616219,5611301.019525675,5879978.347705319
"Las Vegas-Henderson-North Las Vegas, NV",2011,18775385.0,17582244.496592328,0.2914510538616219,5472105.744907688,5124363.687784536
"Las Vegas-Henderson-North Las Vegas, NV",2012,17460655.0,18204186.566544384,0.2914510538616219,5088926.300864197,5305629.359512941
"Las Vegas-Henderson-North Las Vegas, NV",2013,14212165.0,16035310.899580827,0.2914510538616219,4142150.4669052577,4673508.2606815845
"Las Vegas-Henderson-North Las Vegas, NV",2014,10945418.0,11863181.718771297,0.2914510538616219,3190053.611055966,3457536.8140878216
"Las Vegas-Henderson-North Las Vegas, NV",2015,10113066.0,10366701.841370905,0.2914510538616219,2947463.743472137,3021386.1767367665
"Las Vegas-Henderson-North Las Vegas, NV",2016,10556266.0,8498137.447880559,0.2914510538616219,3076634.850543608,2476791.1150457026
"Las Vegas-Henderson-North Las Vegas, NV",2017,8570996.0,9375903.131588444,0.2914510538616219,2498025.8168437458,2732616.848605933
"Las Vegas-Henderson-North Las Vegas, NV",2018,7466188.0,8221648.233580167,0.2914510538616219,2176028.360928995,2396208.042156482
"Las Vegas-Henderson-North Las Vegas, NV",2019,8186830.0,9382860.35816545,0.2914510538616219,2386060.2312859423,2734644.5396237555
"Las Vegas-Henderson-North Las Vegas, NV",2020,13255561.0,10442861.034877181,0.2914510538616219,3863347.2229770147,3043582.853945422
"Las Vegas-Henderson-North Las Vegas, NV",2021,5749053.0,8356852.101556719,0.2914510538616219,1675567.555556319,2435613.3519644155
"Las Vegas-Henderson-North Las Vegas, NV",2022,10360923.0,8541543.525481615,0.2914510538616219,3019701.927329117,2489441.86210653
"Las Vegas-Henderson-North Las Vegas, NV",2023,17370367.0,9427008.46284109,0.2914510538616219,5062611.76811314,2747511.551257464
"Little Rock-North Little Rock-Conway, AR",2007,8951515.0,7256177.806880429,0.4103055714833773,3672856.4777170243,2977250.181837074
"Little Rock-North Little Rock-Conway, AR",2008,6506012.0,9355198.576590134,0.4103055714833773,2669452.9717377108,3838490.0983082927
"Little Rock-North Little Rock-Conway, AR",2009,9902515.0,9391651.075684385,0.4103055714833773,4063057.076197716,3853446.761781157
"Little Rock-North Little Rock-Conway, AR",2010,9642461.0,10204103.216921978,0.4103055714833773,3956355.471111178,4186800.401894541
"Little Rock-North Little Rock-Conway, AR",2011,10907480.0,9670293.74426238,0.4103055714833773,4475399.814843508,3967775.4011517046
"Little Rock-North Little Rock-Conway, AR",2012,10499458.0,9005988.212522589,0.4103055714833773,4307986.114955718,3695207.1403116407
"Little Rock-North Little Rock-Conway, AR",2013,9103566.0,8005945.071143834,0.4103055714833773,3735243.8501666435,3284883.8676801985
"Little Rock-North Little Rock-Conway, AR",2014,8344775.0,8592184.041330013,0.4103055714833773,3423907.6752752,3525420.9833682654
"Little Rock-North Little Rock-Conway, AR",2015,7336813.0,7501835.195886581,0.4103055714833773,3010335.250831672,3078044.7772223577
"Little Rock-North Little Rock-Conway, AR",2016,6461611.0,7808730.551210007,0.4103055714833773,2651234.994058277,3203965.65137393
"Little Rock-North Little Rock-Conway, AR",2017,6859934.0,7106615.299893394,0.4103055714833773,2814669.1402082504,2915883.851935272
"Little Rock-North Little Rock-Conway, AR",2018,5313212.0,6121432.626549121,0.4103055714833773,2180040.486072338,2511657.9121332285
"Little Rock-North Little Rock-Conway, AR",2019,5068937.0,4502949.468159341,0.4103055714833773,2079813.0925982362,1847585.2548938885
"Little Rock-North Little Rock-Conway, AR",2020,4493433.0,3956328.4134063506,0.4103055714833773,1843680.5949872667,1623303.5906386161
"Little Rock-North Little Rock-Conway, AR",2021,3558708.0,4722493.648452457,0.4103055714833773,1460157.7196824667,1937665.455254905
"Little Rock-North Little Rock-Conway, AR",2022,2735915.0,2868028.0575648216,0.4103055714833773,1122561.1676049442,1176767.8911894946
"Little Rock-North Little Rock-Conway, AR",2023,3448130.0,3963879.5447032605,0.4103055714833773,1414786.9501989777,1626401.8618807408
"Los Angeles-Long Beach-Anaheim, CA",2006,36705816.0,31066177.17758636,0.48910069632460496,17952840.164762825,15194488.88970104
"Los Angeles-Long Beach-Anaheim, CA",2007,41179921.0,47474215.90372702,0.48910069632460496,20141128.035692222,23219672.05597752
"Los Angeles-Long Beach-Anaheim, CA",2008,60629207.0,57403076.05080037,0.48910069632460496,29653787.361308612,28075884.467620715
"Los Angeles-Long Beach-Anaheim, CA",2009,87646361.0,69916285.34957725,0.48910069632460496,42867896.1954177,34196103.84890801
"Los Angeles-Long Beach-Anaheim, CA",2010,84020499.0,69656489.61231852,0.48910069632460496,41094484.566440776,34069037.572912596
"Los Angeles-Long Beach-Anaheim, CA",2011,80462577.0,77131422.09349088,0.48910069632460496,39354302.43877214,37725032.25443341
"Los Angeles-Long Beach-Anaheim, CA",2012,73131216.0,72454589.14804643,0.48910069632460496,35768528.66866509,35437590.004222676
"Los Angeles-Long Beach-Anaheim, CA",2013,63517295.0,59550929.90056146,0.48910069632460496,31066353.213155348,29126401.281142347
"Los Angeles-Long Beach-Anaheim, CA",2014,51516399.0,51817488.77701722,0.48910069632460496,25196706.623036183,25343969.842631526
"Los Angeles-Long Beach-Anaheim, CA",2015,40824996.0,45968544.6942017,0.48910069632460496,19967533.971049212,22483247.218962777
"Los Angeles-Long Beach-Anaheim, CA",2016,40641989.0,41472919.64140969,0.48910069632460496,19878025.119916935,20284433.875227865
"Los Angeles-Long Beach-Anaheim, CA",2017,40346997.0,41627704.72267148,0.48910069632460496,19733744.327306747,20360139.366253667
"Los Angeles-Long Beach-Anaheim, CA",2018,36647125.0,39663698.761502065,0.48910069632460496,17924134.35579484,19399542.68306003
"Los Angeles-Long Beach-Anaheim, CA",2019,41736107.0,40696556.45105464,0.48910069632460496,20413158.99557822,19904714.09822442
"Los Angeles-Long Beach-Anaheim, CA",2020,43668736.0,47817162.32879961,0.48910069632460496,21358409.185215343,23387407.39128256
"Los Angeles-Long Beach-Anaheim, CA",2021,23889025.0,24253824.679417834,0.48910069632460496,11684138.762015896,11862562.539238151
"Los Angeles-Long Beach-Anaheim, CA",2022,37837778.0,47641977.60524365,0.48910069632460496,18506483.567175817,23301724.421005905
"Los Angeles-Long Beach-Anaheim, CA",2023,58317894.0,50491483.312080316,0.48910069632460496,28523322.563584503,24695419.646400653
"Louisville/Jefferson County, KY-IN",2007,18413413.0,14327846.61167793,0.5217397143238282,9607008.838346664,7475406.598052472
"Louisville/Jefferson County, KY-IN",2008,19407815.0,16119012.007943364,0.5217397143238282,10125827.853749707,8409928.720206726
"Louisville/Jefferson County, KY-IN",2009,20096313.0,22844135.9502777,0.5217397143238282,10485044.603582233,11918692.96467258
"Louisville/Jefferson County, KY-IN",2010,20160804.0,20125146.677694067,0.5217397143238282,10518692.119498692,10500088.278345242
"Louisville/Jefferson County, KY-IN",2011,17477009.0,19311131.775194738,0.5217397143238282,9118449.682894973,10075384.375659904
"Louisville/Jefferson County, KY-IN",2012,15305534.0,16788704.277293973,0.5217397143238282,7985504.936733639,8759333.773502588
"Louisville/Jefferson County, KY-IN",2013,14372233.0,16427216.377246253,0.5217397143238282,7498564.739615495,8570731.179800171
"Louisville/Jefferson County, KY-IN",2014,14520021.0,15825663.02104326,0.5217397143238282,7575671.608515985,8256876.903584282
"Louisville/Jefferson County, KY-IN",2015,16045247.0,16349904.760677468,0.5217397143238282,8371442.586035261,8530394.63905766
"Louisville/Jefferson County, KY-IN",2016,15046294.0,15058571.335037766,0.5217397143238282,7850249.13319233,7856654.706467591
"Louisville/Jefferson County, KY-IN",2017,16771567.0,15121860.735055096,0.5217397143238282,8750392.575342944,7889675.29995236
"Louisville/Jefferson County, KY-IN",2018,15137928.0,14063198.995890116,0.5217397143238282,7898058.230174679,7337329.426594856
"Louisville/Jefferson County, KY-IN",2019,12448674.0,13892428.757920716,0.5217397143238282,6494967.616470467,7248231.811421689
"Louisville/Jefferson County, KY-IN",2020,12420615.0,13998809.953048209,0.5217397143238282,6480328.121826255,7303735.105776935
"Louisville/Jefferson County, KY-IN",2021,10716698.0,14919130.638120607,0.5217397143238282,5591326.953014741,7783902.9570929175
"Louisville/Jefferson County, KY-IN",2022,12633153.0,13051495.991064724,0.5217397143238282,6591217.637229213,6809483.789876698
"Louisville/Jefferson County, KY-IN",2023,12742490.0,13400707.567303903,0.5217397143238282,6648263.092374237,6991681.337902301
"Madison, WI",2006,3770692.0,3996669.465429862,0.5220803037549507,1968604.0247263627,2086582.4085197588
"Madison, WI",2007,4014241.0,3628752.3416070123,0.5220803037549507,2095756.1606255772,1894500.1247576778
"Madison, WI",2008,4039669.0,4908834.500670933,0.5220803037549507,2109031.618589458,2562805.8071930627
"Madison, WI",2009,6210089.0,5952649.252371881,0.5220803037549507,3242165.151465278,3107760.929824992
"Madison, WI",2010,6200750.0,5756806.432501102,0.5220803037549507,3237289.443508511,3005515.2509386297
"Madison, WI",2011,6571260.0,5843265.054283175,0.5220803037549507,3430725.416852758,3050653.5944608487
"Madison, WI",2012,6860359.0,5999869.973756943,0.5220803037549507,3581658.31058801,3132413.938389233
"Madison, WI",2013,5111320.0,5709668.772611896,0.5220803037549507,2668519.498188755,2980905.607145375
"Madison, WI",2014,5148295.0,4765483.861256237,0.5220803037549507,2687823.417420094,2487965.2618239718
"Madison, WI",2015,4792454.0,4903737.713257181,0.5220803037549507,2502045.8400516286,2560144.8748719166
"Madison, WI",2016,3353359.0,4028874.7901036763,0.5220803037549507,1750722.6853193978,2103396.1742079905
"Madison, WI",2017,2794769.0,3238790.1931727543,0.5220803037549507,1459093.8484449198,1690908.5678501872
"Madison, WI",2018,2845754.0,2804864.609290179,0.5220803037549507,1485712.112731866,1464364.5672097278
"Madison, WI",2019,4012453.0,3179071.206568806,0.5220803037549507,2094822.6810424633,1659730.46118406
"Madison, WI",2020,4178790.0,3761531.928330739,0.5220803037549507,2181663.9525281508,1963821.7317268578
"Madison, WI",2021,3341153.0,4006537.0687533715,0.5220803037549507,1744350.1731317649,2091734.0898602302
"Madison, WI",2022,2661846.0,2717439.4218609445,0.5220803037549507,1389697.3682289007,1418721.5988008396
"Madison, WI",2023,3026976.0,2521460.64815378,0.5220803037549507,1580324.5495389458,1316404.9410942805
"McAllen-Edinburg-Mission, TX",2007,3809468.0,4862080.99883345,0.18776267318304968,715275.8950852859,912917.3255734807
"McAllen-Edinburg-Mission, TX",2008,4456941.0,5147371.103779997,0.18776267318304968,836847.1563791346,966484.1583109172
"McAllen-Edinburg-Mission, TX",2009,5731236.0,6101806.457974763,0.18776267318304968,1076112.1920029288,1145691.4917949373
"McAllen-Edinburg-Mission, TX",2010,5129649.0,5621162.666250914,0.18776267318304968,963156.6087307576,1055444.5286120307
"McAllen-Edinburg-Mission, TX",2011,4609519.0,5620205.465220024,0.18776267318304968,865495.609528058,1055264.801987697
"McAllen-Edinburg-Mission, TX",2012,4807221.0,5231060.65544501,0.18776267318304968,902616.6655416932,982197.9322490311
"McAllen-Edinburg-Mission, TX",2013,4828479.0,4415651.40234449,0.18776267318304968,906608.1244482185,829094.5111486835
"McAllen-Edinburg-Mission, TX",2014,4923841.0,4393797.93417541,0.18776267318304968,924513.5484883005,824991.2455469364
"McAllen-Edinburg-Mission, TX",2015,4973879.0,4946775.58275048,0.18776267318304968,933908.817129034,928819.8070538684
"McAllen-Edinburg-Mission, TX",2016,3902521.0,4402319.987679485,0.18776267318304968,732747.7751129882,826591.3690938705
"McAllen-Edinburg-Mission, TX",2017,2930846.0,3161522.0271170307,0.18776267318304968,550303.4796478484,593615.8271385877
"McAllen-Edinburg-Mission, TX",2018,2284007.0,2965404.8395633893,0.18776267318304968,428851.25988879777,556792.3397463745
"McAllen-Edinburg-Mission, TX",2019,2788173.0,2403940.592508252,0.18776267318304968,523514.8157768032,451370.3118225937
"McAllen-Edinburg-Mission, TX",2020,2493140.0,1986455.6850687528,0.18776267318304968,468118.6310195885,372982.2295881753
"McAllen-Edinburg-Mission, TX",2021,1980825.0,2038530.6833201726,0.18776267318304968,371924.99710781436,382759.9704658645
"McAllen-Edinburg-Mission, TX",2022,1092639.0,1523595.0656131308,0.18776267318304968,205156.81946405422,286074.2823680254
"McAllen-Edinburg-Mission, TX",2023,1294335.0,1334665.3979470222,0.18776267318304968,243027.7995943826,250600.34292345168
"Memphis, TN-MS-AR",2006,36742690.0,31510038.070269562,0.4123165929010662,15149620.754820077,12992111.539316433
"Memphis, TN-MS-AR",2007,37074059.0,31327402.00912448,0.4123165929010662,15286249.69189311,12916807.660844222
"Memphis, TN-MS-AR",2008,36398660.0,38054851.44589233,0.4123165929010662,15007771.477364322,15690646.691526538
"Memphis, TN-MS-AR",2009,40960655.0,39604489.33017479,0.4123165929010662,16888757.71259602,16329588.104204299
"Memphis, TN-MS-AR",2010,43820935.0,36102975.863449514,0.4123165929010662,18068098.616939083,14885856.001606932
"Memphis, TN-MS-AR",2011,42718722.0,38574471.82156766,0.4123165929010662,17613637.908127822,15904894.794426963
"Memphis, TN-MS-AR",2012,43991989.0,35338744.797701776,0.4123165929010662,18138627.019421183,14570750.852388674
"Memphis, TN-MS-AR",2013,40934835.0,37187599.55740406,0.4123165929010662,16878111.698167317,15333064.347678041
"Memphis, TN-MS-AR",2014,40168747.0,36889834.873231925,0.4123165929010662,16562240.904144924,15210291.027613923
"Memphis, TN-MS-AR",2015,33835423.0,35935688.227348074,0.4123165929010662,13950906.330726372,14816880.533455113
"Memphis, TN-MS-AR",2016,31794665.0,25494460.742712095,0.4123165929010662,13109467.945230778,10511789.191285037
"Memphis, TN-MS-AR",2017,27527850.0,23740112.966343928,0.4123165929010662,11350189.321891615,9788442.493369352
"Memphis, TN-MS-AR",2018,27257621.0,21536936.50032489,0.4123165929010662,11238769.421308553,8880036.27934057
"Memphis, TN-MS-AR",2019,24358715.0,17291291.954629596,0.4123165929010662,10043502.376248095,7129486.585590493
"Memphis, TN-MS-AR",2020,29087143.0,24074885.10518201,0.4123165929010662,11993111.698986098,9926474.601053273
"Memphis, TN-MS-AR",2021,25403967.0,16362247.290009955,0.4123165929010662,10474477.11961112,6746426.054821609
"Memphis, TN-MS-AR",2022,25909228.0,19635522.748479765,0.4123165929010662,10682804.613656906,8096051.839484556
"Memphis, TN-MS-AR",2023,33620277.0,13034761.714910347,0.4123165929010662,13862198.06503008,5374448.539569093
"Miami-Fort Lauderdale-West Palm Beach, FL",2006,11399270.0,13801648.894794429,0.38169991936151254,4351100.439780109,5268088.270198942
"Miami-Fort Lauderdale-West Palm Beach, FL",2007,15655728.0,17301285.073422793,0.38169991936151254,5975790.115145774,6603899.117376021
"Miami-Fort Lauderdale-West Palm Beach, FL",2008,22548988.0,21475669.94206736,0.38169991936151254,8606946.901283713,8197261.48512157
"Miami-Fort Lauderdale-West Palm Beach, FL",2009,27070660.0,29226338.60756425,0.38169991936151254,10332868.739062924,11155691.089739535
"Miami-Fort Lauderdale-West Palm Beach, FL",2010,26204247.0,28281997.274935856,0.38169991936151254,10002158.966829157,10795236.079225535
"Miami-Fort Lauderdale-West Palm Beach, FL",2011,23384169.0,24621057.921132736,0.38169991936151254,8925735.421635982,9397855.823091496
"Miami-Fort Lauderdale-West Palm Beach, FL",2012,22903569.0,22992152.14216289,0.38169991936151254,8742290.440390838,8776102.618611204
"Miami-Fort Lauderdale-West Palm Beach, FL",2013,20389934.0,19449935.36497737,0.38169991936151254,7782836.1635865625,7424038.760398493
"Miami-Fort Lauderdale-West Palm Beach, FL",2014,18530488.0,19598169.659749202,0.38169991936151254,7073085.775329476,7480619.778759512
"Miami-Fort Lauderdale-West Palm Beach, FL",2015,15790404.0,18331427.280635066,0.38169991936151254,6027195.933485705,6997104.314799836
"Miami-Fort Lauderdale-West Palm Beach, FL",2016,16233440.0,17573104.04937446,0.38169991936151254,6196302.738959952,6707652.398577701
"Miami-Fort Lauderdale-West Palm Beach, FL",2017,16248475.0,16734196.731531337,0.38169991936151254,6202041.597247552,6387441.543005198
"Miami-Fort Lauderdale-West Palm Beach, FL",2018,14978008.0,15569011.358543307,0.38169991936151254,5717104.44579609,5942690.380094453
"Miami-Fort Lauderdale-West Palm Beach, FL",2019,16208093.0,17782353.230465226,0.38169991936151254,6186627.791103896,6787522.794126509
"Miami-Fort Lauderdale-West Palm Beach, FL",2020,17138516.0,20606308.463052344,0.38169991936151254,6541770.175175993,7865426.2786855325
"Miami-Fort Lauderdale-West Palm Beach, FL",2021,12480678.0,19545689.10564476,0.38169991936151254,4763873.786177004,7460587.955489798
"Miami-Fort Lauderdale-West Palm Beach, FL",2022,9856026.0,19652455.27112881,0.38169991936151254,3762044.329424971,7501340.592245599
"Miami-Fort Lauderdale-West Palm Beach, FL",2023,15346913.0,21765373.91446511,0.38169991936151254,5857915.454548148,8307841.468024502
"Milwaukee-Waukesha, WI",2006,22658126.0,22380990.527331643,0.5268429267232516,11937273.415904202,11791266.552384773
"Milwaukee-Waukesha, WI",2007,23936231.0,20402991.732259683,0.5268429267232516,12610633.994763823,10749171.878133997
"Milwaukee-Waukesha, WI",2008,23110383.0,23492247.36470229,0.5268429267232516,12175541.81741528,12376724.35692635
"Milwaukee-Waukesha, WI",2009,30270436.0,28895402.04453949,0.5268429267232516,15947765.095428878,15223338.181990214
"Milwaukee-Waukesha, WI",2010,32702804.0,28427206.67544004,0.5268429267232516,17229240.97141686,14976672.763455587
"Milwaukee-Waukesha, WI",2011,28940103.0,25135683.168713894,0.5268429267232516,15246888.564192355,13242556.885793602
"Milwaukee-Waukesha, WI",2012,26533511.0,27022549.801845837,0.5268429267232516,13978992.591483591,14236639.225129284
"Milwaukee-Waukesha, WI",2013,23848829.0,24146420.007275473,0.5268429267232516,12564586.869282357,12721370.586521888
"Milwaukee-Waukesha, WI",2014,20794845.0,22818147.495538786,0.5268429267232516,10955617.000556376,12021579.608952489
"Milwaukee-Waukesha, WI",2015,20002707.0,18278294.5900856,0.5268429267232516,10538284.698267672,9629790.217350474
"Milwaukee-Waukesha, WI",2016,18423756.0,19054389.34900604,0.5268429267232516,9706425.532275068,10038670.251554694
"Milwaukee-Waukesha, WI",2017,15294994.0,18172789.340441946,0.5268429267232516,8058059.403174574,9574205.522843543
"Milwaukee-Waukesha, WI",2018,16247547.0,15849376.477164693,0.5268429267232516,8559905.213553587,8350131.8899681065
"Milwaukee-Waukesha, WI",2019,17603094.0,16782215.53175546,0.5268429267232516,9274065.56234451,8841591.547650456
"Milwaukee-Waukesha, WI",2020,17358481.0,19392810.062211245,0.5268429267232516,9145192.933509955,10216964.810563495
"Milwaukee-Waukesha, WI",2021,13834948.0,17852192.01329623,0.5268429267232516,7288844.4953839965,9405301.088710444
"Milwaukee-Waukesha, WI",2022,12475204.0,15732479.557572648,0.5268429267232516,6572472.986829615,8288545.5747253
"Milwaukee-Waukesha, WI",2023,14806356.0,14036675.40812323,0.5268429267232516,7800623.929146376,7395123.153479935
"Minneapolis-St. Paul-Bloomington, MN-WI",2006,28591845.0,27900255.798286032,0.5296939763058174,15144928.067969603,14778597.433743566
"Minneapolis-St. Paul-Bloomington, MN-WI",2007,31765293.0,29866356.40047889,0.5296939763058174,16825884.357689347,15820029.079536362
"Minneapolis-St. Paul-Bloomington, MN-WI",2008,37801319.0,33575569.35148603,0.5296939763058174,20023130.970714644,17784776.836520366
"Minneapolis-St. Paul-Bloomington, MN-WI",2009,47530718.0,38432622.96873805,0.5296939763058174,25176735.01409049,20357528.880173147
"Minneapolis-St. Paul-Bloomington, MN-WI",2010,49988530.0,37559356.32165606,0.5296939763058174,26478623.22538264,19894964.79750504
"Minneapolis-St. Paul-Bloomington, MN-WI",2011,47976860.0,39149228.67189667,0.5296939763058174,25413053.744067516,20737110.60452266
"Minneapolis-St. Paul-Bloomington, MN-WI",2012,43976987.0,36583222.780810006,0.5296939763058174,23294345.10997924,19377912.740848813
"Minneapolis-St. Paul-Bloomington, MN-WI",2013,38098216.0,33182648.129053444,0.5296939763058174,20180395.52319791,17576648.83183511
"Minneapolis-St. Paul-Bloomington, MN-WI",2014,36231198.0,29717152.262140233,0.5296939763058174,19191447.334943376,15740996.546218475
"Minneapolis-St. Paul-Bloomington, MN-WI",2015,31517912.0,30763452.65629861,0.5296939763058174,16694848.132136837,16295215.56241057
"Minneapolis-St. Paul-Bloomington, MN-WI",2016,23702643.0,24644364.627758108,0.5296939763058174,12555147.219627248,13053971.493207628
"Minneapolis-St. Paul-Bloomington, MN-WI",2017,20570415.0,22009251.864314537,0.5296939763058174,10896024.915610831,11658168.135524992
"Minneapolis-St. Paul-Bloomington, MN-WI",2018,20147410.0,22878393.749594253,0.5296939763058174,10671961.715163589,12118547.356712738
"Minneapolis-St. Paul-Bloomington, MN-WI",2019,20731237.0,22254225.59675649,0.5296939763058174,10981211.360268285,11787929.245952647
"Minneapolis-St. Paul-Bloomington, MN-WI",2020,24787892.0,27608100.480518647,0.5296939763058174,13129997.07771916,14623844.52177647
"Minneapolis-St. Paul-Bloomington, MN-WI",2021,19177387.0,28053733.11354353,0.5296939763058174,10158146.37518549,14859893.443135051
"Minneapolis-St. Paul-Bloomington, MN-WI",2022,21797121.0,25051655.709128596,0.5296939763058174,11545803.694509035,13269711.125612658
"Minneapolis-St. Paul-Bloomington, MN-WI",2023,25557781.0,22699258.751908883,0.5296939763058174,13537802.64344327,12023660.627493242
"Nashville-Davidson--Murfreesboro--Franklin, TN",2006,14895364.0,17837413.3895472,0.5090955988946715,7583164.25633413,9080948.652283363
"Nashville-Davidson--Murfreesboro--Franklin, TN",2007,21243918.0,17663644.980418712,0.5090955988946715,10815185.157079292,8992483.919969123
"Nashville-Davidson--Murfreesboro--Franklin, TN",2008,24437134.0,21034549.01832396,0.5090955988946715,12440837.36899934,10708596.329962961
"Nashville-Davidson--Murfreesboro--Franklin, TN",2009,31244498.0,25400706.242488723,0.5090955988946715,15906436.421473365,12931387.756867418
"Nashville-Davidson--Murfreesboro--Franklin, TN",2010,34465216.0,26338789.276127905,0.5090955988946715,17546089.780554213,13408961.700690886
"Nashville-Davidson--Murfreesboro--Franklin, TN",2011,30887955.0,32401652.557543643,0.5090955988946715,15724921.949356662,16495538.713959744
"Nashville-Davidson--Murfreesboro--Franklin, TN",2012,28553259.0,28092275.057099506,0.5090955988946715,14536338.490999669,14301653.594507914
"Nashville-Davidson--Murfreesboro--Franklin, TN",2013,27847358.0,27501678.327123053,0.5090955988946715,14176967.39864432,14000983.398555318
"Nashville-Davidson--Murfreesboro--Franklin, TN",2014,22169461.0,23057169.438245635,0.5090955988946715,11286375.024967063,11738303.483979577
"Nashville-Davidson--Murfreesboro--Franklin, TN",2015,18560281.0,22677644.057242267,0.5090955988946715,9448957.371348392,11545088.78284194
"Nashville-Davidson--Murfreesboro--Franklin, TN",2016,17332275.0,18249595.11897207,0.5090955988946715,8823784.921332141,9290788.55667836
"Nashville-Davidson--Murfreesboro--Franklin, TN",2017,12496045.0,15438830.36059117,0.5090955988946715,6361681.513089765,7859840.588658398
"Nashville-Davidson--Murfreesboro--Franklin, TN",2018,16486886.0,13023231.444394872,0.5090955988946715,8393401.102078175,6630069.8117281245
"Nashville-Davidson--Murfreesboro--Franklin, TN",2019,15624448.0,14709078.22207369,0.5090955988946715,7954337.711958652,7488326.986655175
"Nashville-Davidson--Murfreesboro--Franklin, TN",2020,17657424.0,13710837.28229587,0.5090955988946715,8989316.846217146,6980126.917577806
"Nashville-Davidson--Murfreesboro--Franklin, TN",2021,14862982.0,13792738.415240306,0.5090955988946715,7566678.722650723,7021822.423904306
"Nashville-Davidson--Murfreesboro--Franklin, TN",2022,14255846.0,13533398.422529774,0.5090955988946715,7257588.457120207,6889793.574997998
"Nashville-Davidson--Murfreesboro--Franklin, TN",2023,19216223.0,13396458.138472531,0.5090955988946715,9782894.556678561,6820077.879073069
"New Haven, CT",2006,11462327.0,10566392.267881263,0.4549497270895815,5214782.540461541,4807177.278594045
"New Haven, CT",2007,12003841.0,9246839.402939716,0.4549497270895815,5461144.186976729,4206847.062808612
"New Haven, CT",2008,11907635.0,12643223.080290379,0.4549497270895815,5417375.293532348,5752030.889910806
"New Haven, CT",2009,13739472.0,12675488.6910122,0.4549497270895815,6250769.036754946,5766710.120703077
"New Haven, CT",2010,13840337.0,12639560.003269628,0.4549497270895815,6296657.540977837,5750364.374019907
"New Haven, CT",2011,15202738.0,16738996.315737667,0.4549497270895815,6916481.50411441,7615401.805598361
"New Haven, CT",2012,14356225.0,15777313.12884788,0.4549497270895815,6531360.645786627,7177884.302176214
"New Haven, CT",2013,12955053.0,13103567.345031617,0.4549497270895815,5893897.826781064,5961464.387522086
"New Haven, CT",2014,11215304.0,11764663.636422265,0.4549497270895815,5102399.494026692,5352330.510691033
"New Haven, CT",2015,10438199.0,10940322.046083473,0.4549497270895815,4748855.7863567425,4977296.529137808
"New Haven, CT",2016,8517935.0,9347846.333113378,0.4549497270895815,3875232.203616794,4252800.138125276
"New Haven, CT",2017,7295842.0,6705968.675078904,0.4549497270895815,3319241.3267887062,3050878.61859843
"New Haven, CT",2018,6515432.0,6212244.259508698,0.4549497270895815,2964194.010270726,2826258.8304773015
"New Haven, CT",2019,7327856.0,6690641.75537856,0.4549497270895815,3333806.087351752,3043905.6406636345
"New Haven, CT",2020,6206030.0,4809361.9597504055,0.4549497270895815,2823431.6548097553,2188017.9110634616
"New Haven, CT",2021,5154193.0,4207907.256974101,0.4549497270895815,2344898.698717031,1914386.2581786367
"New Haven, CT",2022,4716545.0,4458464.838288884,0.4549497270895815,2145790.8605557303,2028377.3614180225
"New Haven, CT",2023,4831885.0,4109912.3976300657,0.4549497270895815,2198264.7620782424,1869803.523663886
"New Orleans-Metairie, LA",2007,4067564.0,5303602.9289323175,0.45724265885253407,1859863.778412849,2425033.5047231
"New Orleans-Metairie, LA",2008,5751628.0,5625956.187434844,0.45724265885253407,2629889.679450683,2572427.1657305732
"New Orleans-Metairie, LA",2009,7239563.0,7151836.155686039,0.45724265885253407,3310237.035050428,3270124.57950357
"New Orleans-Metairie, LA",2010,8016869.0,7956909.323942845,0.45724265885253407,3665654.4972324558,3638238.3755281456
"New Orleans-Metairie, LA",2011,6931879.0,6166927.015464602,0.45724265885253407,3169550.784804045,2819782.105500557
"New Orleans-Metairie, LA",2012,7375592.0,7138248.858894104,0.45724265885253407,3372435.2966914796,3263911.8877918073
"New Orleans-Metairie, LA",2013,6450955.0,6902165.090426885,0.45724265885253407,2949651.816338049,3155964.31778593
"New Orleans-Metairie, LA",2014,5524024.0,5185190.002893148,0.45724265885253407,2525819.4213252105,2370890.0635784417
"New Orleans-Metairie, LA",2015,5672392.0,5001070.214354512,0.45724265885253407,2593659.6001338433,2286702.6419196697
"New Orleans-Metairie, LA",2016,3544042.0,4291643.0176520515,0.45724265885253407,1620487.1871650526,1962322.2642371368
"New Orleans-Metairie, LA",2017,4219111.0,3665107.144177675,0.45724265885253407,1929157.5316339738,1675843.335583218
"New Orleans-Metairie, LA",2018,3118398.0,3756189.7078454373,0.45724265885253407,1425864.5928804246,1717490.169169771
"New Orleans-Metairie, LA",2019,4395566.0,4024780.2509717005,0.45724265885253407,2009840.2850017978,1840301.2232514697
"New Orleans-Metairie, LA",2020,5289683.0,2980651.4495768063,0.45724265885253407,2418668.719407049,1362880.9939171588
"New Orleans-Metairie, LA",2021,3652591.0,2739504.1279355804,0.45724265885253407,1670120.4205408362,1252618.1513947574
"New Orleans-Metairie, LA",2022,2599273.0,3733251.633249787,0.45724265885253407,1188498.4976036027,1707001.902952698
"New Orleans-Metairie, LA",2023,2800826.0,4154245.264915025,0.45724265885253407,1280657.1272233075,1899498.1504552958
"New York-Newark-Jersey City, NY-NJ",2006,38943111.0,40729088.44165622,0.42465011190465296,16537196.444065321,17295611.96452382
"New York-Newark-Jersey City, NY-NJ",2007,38162066.0,47090345.646238044,0.42465011190465296,16205525.597412752,19996920.54830377
"New York-Newark-Jersey City, NY-NJ",2008,46131550.0,56037714.47024114,0.42465011190465296,19589767.869835094,23796421.72066889
"New York-Newark-Jersey City, NY-NJ",2009,56063763.0,61864618.76595534,0.42465011190465296,23807483.231745943,26270817.281901628
"New York-Newark-Jersey City, NY-NJ",2010,59501284.0,59798428.181633875,0.42465011190465296,25267226.909070536,25393409.21905318
"New York-Newark-Jersey City, NY-NJ",2011,58780395.0,58318379.91905139,0.42465011190465296,24961101.314549703,24764906.558723237
"New York-Newark-Jersey City, NY-NJ",2012,60928732.0,55595782.694381244,0.42465011190465296,25873392.86200861,23608755.342595764
"New York-Newark-Jersey City, NY-NJ",2013,55001489.0,55916093.44896005,0.42465011190465296,23356388.45877254,23744775.340371918
"New York-Newark-Jersey City, NY-NJ",2014,50002006.0,45423017.0591494,0.42465011190465296,21233357.44335713,19288889.277214754
"New York-Newark-Jersey City, NY-NJ",2015,46131254.0,45029705.83760594,0.42465011190465296,19589642.17340197,19121869.622972965
"New York-Newark-Jersey City, NY-NJ",2016,39502761.0,42200348.11905344,0.42465011190465296,16774851.87919276,17920382.551171355
"New York-Newark-Jersey City, NY-NJ",2017,40464198.0,39001121.70779066,0.42465011190465296,17183126.208832033,16561830.697620293
"New York-Newark-Jersey City, NY-NJ",2018,36863732.0,39185840.3746361,0.42465011190465296,15654187.919023136,16640271.500167087
"New York-Newark-Jersey City, NY-NJ",2019,36648713.0,35893777.26475683,0.42465011190465296,15562880.07661151,15242296.532159675
"New York-Newark-Jersey City, NY-NJ",2020,38375418.0,45010108.909253605,0.42465011190465296,16296125.548087833,19113547.785155162
"New York-Newark-Jersey City, NY-NJ",2021,34405806.0,52987144.80306407,0.42465011190465296,14610429.368069781,22500996.970129207
"New York-Newark-Jersey City, NY-NJ",2022,34647246.0,45196833.815110445,0.42465011190465296,14712956.89108804,19192840.537322655
"New York-Newark-Jersey City, NY-NJ",2023,43264912.0,40985223.3305423,0.42465011190465296,18372449.72234496,17404379.673751984
"North Port-Bradenton-Sarasota, FL",2006,3584052.0,3080877.641483909,0.3757800531567235,1346815.2510764613,1157732.3638861843
"North Port-Bradenton-Sarasota, FL",2007,3258271.0,3478494.950413236,0.3757800531567235,1224393.2495790108,1307149.0173716801
"North Port-Bradenton-Sarasota, FL",2008,4866374.0,4415988.325184245,0.3757800531567235,1828686.2804004974,1659440.3275772058
"North Port-Bradenton-Sarasota, FL",2009,6465836.0,6133284.182043597,0.3757800531567235,2429732.195782657,2304765.8559536347
"North Port-Bradenton-Sarasota, FL",2010,7203199.0,5692065.260863582,0.3757800531567235,2706818.5031184577,2138964.586298856
"North Port-Bradenton-Sarasota, FL",2011,7031791.0,6946118.402909166,0.3757800531567235,2642406.79576697,2610212.742678102
"North Port-Bradenton-Sarasota, FL",2012,5625095.0,5874219.436381179,0.3757800531567235,2113798.4981116196,2207414.4920575777
"North Port-Bradenton-Sarasota, FL",2013,4953289.0,4364731.526779603,0.3757800531567235,1861347.2037206138,1640179.0451480662
"North Port-Bradenton-Sarasota, FL",2014,3875245.0,3849456.4071444655,0.3757800531567235,1456239.772095327,1446548.9333012372
"North Port-Bradenton-Sarasota, FL",2015,3619350.0,2948088.895763502,0.3757800531567235,1360079.5353927873,1107833.001960755
"North Port-Bradenton-Sarasota, FL",2016,2261015.0,2252546.816963176,0.3757800531567235,849644.3368881493,846462.1626164305
"North Port-Bradenton-Sarasota, FL",2017,1782181.0,1879007.6933284295,0.3757800531567235,669708.0709149027,706093.6108808497
"North Port-Bradenton-Sarasota, FL",2018,2048256.0,1932433.0947636503,0.3757800531567235,769693.7485585778,726169.8110720962
"North Port-Bradenton-Sarasota, FL",2019,2431300.0,2364747.754498478,0.3757800531567235,913634.0432399419,888625.0368876806
"North Port-Bradenton-Sarasota, FL",2020,1778227.0,1582502.183148012,0.3757800531567235,668222.236584721,594672.754503991
"North Port-Bradenton-Sarasota, FL",2021,1244168.0,1432579.6670217474,0.3757800531567235,467533.5171758944,538334.8634246736
"North Port-Bradenton-Sarasota, FL",2022,2208097.0,1897922.5182691738,0.3757800531567235,829758.8080352017,713201.4248025327
"North Port-Bradenton-Sarasota, FL",2023,2921751.0,2609118.1829656474,0.3757800531567235,1097935.7460907102,980454.5694870049
"Ogden, UT",2006,2377111.0,2735359.618278309,0.5629828831184613,1338272.8042726088,1539960.6442641362
"Ogden, UT",2007,3173059.0,3222936.7048228066,0.5629828831184613,1786377.9041249817,1814458.1981894572
"Ogden, UT",2008,3947734.0,3113919.987244804,0.5629828831184613,2222506.669104776,1753083.652219282
"Ogden, UT",2009,4947796.0,4608170.106607538,0.5629828831184613,2785524.4571619905,2594320.892518219
"Ogden, UT",2010,3986250.0,5165943.580093592,0.5629828831184613,2244190.5178309665,2908337.8107483964
"Ogden, UT",2011,4276638.0,3690506.8115110905,0.5629828831184613,2407673.9912939705,2077692.1649128336
"Ogden, UT",2012,4762077.0,4869219.042270789,0.5629828831184613,2680967.839092113,2741286.9749529217
"Ogden, UT",2013,3722773.0,4043104.038055521,0.5629828831184613,2095857.4767355637,2276198.3680923902
"Ogden, UT",2014,2893468.0,3409981.3787295413,0.5629828831184613,1628972.956851008,1919761.147977423
"Ogden, UT",2015,2937503.0,3170299.2153071435,0.5629828831184613,1653763.9081091296,1784824.1925818112
"Ogden, UT",2016,2392255.0,2593706.358267408,0.5629828831184613,1346798.6170545546,1460212.28354007
"Ogden, UT",2017,2515684.0,3001310.785568505,0.5629828831184613,1416287.0313349832,1689686.599193891
"Ogden, UT",2018,3156349.0,2151852.4515135856,0.5629828831184613,1776970.4601480723,1211456.0971986474
"Ogden, UT",2019,1619199.0,2321772.6907815267,0.5629828831184613,911581.3213625295,1307118.2834018918
"Ogden, UT",2020,1986406.0,1301823.3486031871,0.5629828831184613,1118312.5769238104,732904.262107552
"Ogden, UT",2021,1333214.0,1329738.0955962338,0.5629828831184613,750576.6615338963,748619.78685122
"Ogden, UT",2022,2095151.0,1346620.869124994,0.5629828831184613,1179534.1505485275,758124.4993674773
"Ogden, UT",2023,2707601.0,1499091.424415642,0.5629828831184613,1524333.0173144292,843962.812175679
"Oklahoma City, OK",2006,8708453.0,10679600.877448507,0.45096157232521233,3927177.6574002123,4816089.603499896
"Oklahoma City, OK",2007,8505408.0,8874496.29980362,0.45096157232521233,3835612.1649474395,4002056.8049537195
"Oklahoma City, OK",2008,9413807.0,10311904.056073913,0.45096157232521233,4245265.20628609,4650272.466793827
"Oklahoma City, OK",2009,11533526.0,11970172.176879713,0.45096157232521233,5201177.019413717,5398087.665889185
"Oklahoma City, OK",2010,11584011.0,12976697.5786518,0.45096157232521233,5223943.8143925555,5851991.943657592
"Oklahoma City, OK",2011,10571563.0,12050183.142084306,0.45096157232521233,4767368.672415039,5434169.536561106
"Oklahoma City, OK",2012,9935484.0,9862483.03277678,0.45096157232521233,4480521.48645199,4447600.855491745
"Oklahoma City, OK",2013,8890339.0,8734367.890942177,0.45096157232521233,4009201.2539441558,3938864.277366133
"Oklahoma City, OK",2014,8100922.0,6485640.5455341,0.45096157232521233,3653204.522403904,2924774.6579502057
"Oklahoma City, OK",2015,9011004.0,8414552.988037637,0.45096157232521233,4063616.532068778,3794640.0458992664
"Oklahoma City, OK",2016,7677451.0,7018750.923033278,0.45096157232521233,3462235.374409774,3165186.9520101226
"Oklahoma City, OK",2017,7696256.0,6129854.1017541895,0.45096157232521233,3470715.7067773496,2764328.6438512215
"Oklahoma City, OK",2018,6695991.0,6872497.7706145225,0.45096157232521233,3019634.629635471,3099232.4004378417
"Oklahoma City, OK",2019,6702410.0,6874207.276461115,0.45096157232521233,3022529.3519682265,3100003.32188232
"Oklahoma City, OK",2020,7401419.0,6089638.548979385,0.45096157232521233,3337755.5496777007,2746192.974939968
"Oklahoma City, OK",2021,6556812.0,5811298.735991595,0.45096157232521233,2956870.24896082,2620672.4152342887
"Oklahoma City, OK",2022,8735915.0,4652626.13885399,0.45096157232521233,3939561.964099407,2098155.599018977
"Oklahoma City, OK",2023,9228951.0,5914002.477609678,0.45096157232521233,4161902.2538723405,2666987.856038062
"Omaha, NE-IA",2007,4953883.0,3579324.2632198143,0.4288673465382523,2124558.657270957,1535055.2991670668
"Omaha, NE-IA",2008,4772399.0,5732832.446242043,0.4288673465382523,2046726.0957518087,2458624.639368223
"Omaha, NE-IA",2009,5605174.0,6778311.731905503,0.4288673465382523,2403876.1002652016,2906996.566471419
"Omaha, NE-IA",2010,6483466.0,6032955.961961954,0.4288673465382523,2780546.8597909766,2587337.8151887525
"Omaha, NE-IA",2011,6879217.0,6673977.925231461,0.4288673465382523,2950271.5410508364,2862251.2036488876
"Omaha, NE-IA",2012,5978527.0,6012784.439686503,0.4288673465382523,2563995.010697298,2578686.907954843
"Omaha, NE-IA",2013,5441426.0,6023363.815075807,0.4288673465382523,2333649.9300042563,2583224.056606086
"Omaha, NE-IA",2014,5751867.0,5517041.735600079,0.4288673465382523,2466787.937930938,2366079.0498876004
"Omaha, NE-IA",2015,5671472.0,5226066.45411901,0.4288673465382523,2432309.1476059947,2241289.253010593
"Omaha, NE-IA",2016,4474072.0,4432250.45694074,0.4288673465382523,1918783.3868610917,1900847.4926611315
"Omaha, NE-IA",2017,3987923.0,4705736.067725586,0.4288673465382523,1710289.9552088669,2018136.5408748216
"Omaha, NE-IA",2018,3821772.0,3802997.508127432,0.4288673465382523,1639033.2167141896,1630981.4502021973
"Omaha, NE-IA",2019,4519928.0,3756250.3045798936,0.4288673465382523,1938449.5279039496,1610933.101058681
"Omaha, NE-IA",2020,4334674.0,2846325.992276708,0.4288673465382523,1859000.1364883522,1220696.2756905698
"Omaha, NE-IA",2021,2919648.0,2880264.8236314384,0.4288673465382523,1252141.6905857152,1235251.5322382823
"Omaha, NE-IA",2022,2997393.0,2599905.846279917,0.4288673465382523,1285483.9824423317,1115014.7215433572
"Omaha, NE-IA",2023,3762001.0,3114503.561600952,0.4288673465382523,1613399.3865442518,1335708.8782477365
"Orlando-Kissimmee-Sanford, FL",2006,9861184.0,11517178.322099702,0.42266020904399954,4167930.0908613433,4867852.99721568
"Orlando-Kissimmee-Sanford, FL",2007,11480333.0,13259458.888913602,0.42266020904399954,4852279.945674727,5604245.66579854
"Orlando-Kissimmee-Sanford, FL",2008,18034796.0,17185762.221210524,0.42266020904399954,7622590.647425886,7263737.85299731
"Orlando-Kissimmee-Sanford, FL",2009,26395087.0,25785855.658755857,0.42266020904399954,11156152.989154555,10898655.14310815
"Orlando-Kissimmee-Sanford, FL",2010,28020774.0,26399860.15102427,0.42266020904399954,11843266.196414666,11158170.41016427
"Orlando-Kissimmee-Sanford, FL",2011,25455597.0,26750616.43944378,0.42266020904399954,10759067.949359808,11306421.136351157
"Orlando-Kissimmee-Sanford, FL",2012,22513908.0,25032973.91640673,0.42266020904399954,9515733.061677374,10580441.988501456
"Orlando-Kissimmee-Sanford, FL",2013,20185268.0,19981446.000034697,0.42266020904399954,8531509.592489155,8445362.143376054
"Orlando-Kissimmee-Sanford, FL",2014,18221785.0,17317303.73436302,0.42266020904399954,7701623.457254815,7319335.216444308
"Orlando-Kissimmee-Sanford, FL",2015,17528182.0,14135946.428733028,0.42266020904399954,7408465.06828127,5974702.07260308
"Orlando-Kissimmee-Sanford, FL",2016,13519954.0,13101462.377225209,0.42266020904399954,5714346.583905257,5537466.827140102
"Orlando-Kissimmee-Sanford, FL",2017,12175370.0,12142362.698593033,0.42266020904399954,5146044.429388041,5132093.5564753935
"Orlando-Kissimmee-Sanford, FL",2018,12116139.0,11481405.417191828,0.42266020904399954,5121009.842546156,4852733.213749207
"Orlando-Kissimmee-Sanford, FL",2019,13291255.0,12584859.834960427,0.42266020904399954,5617684.616757104,5319119.488633808
"Orlando-Kissimmee-Sanford, FL",2020,12109719.0,13774661.388428845,0.42266020904399954,5118296.364004093,5822001.261943644
"Orlando-Kissimmee-Sanford, FL",2021,9723421.0,11927904.428583974,0.42266020904399954,4109703.152482815,5041450.57924215
"Orlando-Kissimmee-Sanford, FL",2022,13128607.0,14670660.549297389,0.42266020904399954,5548939.779076516,6200704.454579592
"Orlando-Kissimmee-Sanford, FL",2023,15708727.0,17074429.56080204,0.42266020904399954,6639453.837635119,7216681.967475635
"Oxnard-Thousand Oaks-Ventura, CA",2006,3432779.0,4624681.909363213,0.5177198143273112,1777217.706506693,2394289.4594383975
"Oxnard-Thousand Oaks-Ventura, CA",2007,3981088.0,4060164.096562841,0.5177198143273112,2061088.1401806867,2102027.402210929
"Oxnard-Thousand Oaks-Ventura, CA",2008,6767416.0,6009108.522314207,0.5177198143273112,3503625.354995675,3111034.5484451745
"Oxnard-Thousand Oaks-Ventura, CA",2009,9285888.0,6454637.704864524,0.5177198143273112,4807488.211224207,3341693.8341125236
"Oxnard-Thousand Oaks-Ventura, CA",2010,8718021.0,8402369.77638872,0.5177198143273112,4513492.2134216,4350073.320541379
"Oxnard-Thousand Oaks-Ventura, CA",2011,7766391.0,7676428.272122205,0.5177198143273112,4020814.506513301,3974239.01974003
"Oxnard-Thousand Oaks-Ventura, CA",2012,8005421.0,8135944.551036951,0.5177198143273112,4144565.073731958,4212139.702340149
"Oxnard-Thousand Oaks-Ventura, CA",2013,7636845.0,7500991.607672519,0.5177198143273112,3953745.9754464547,3883411.982394936
"Oxnard-Thousand Oaks-Ventura, CA",2014,6230668.0,6634525.061100597,0.5177198143273112,3225740.2800951195,3434825.082782894
"Oxnard-Thousand Oaks-Ventura, CA",2015,4619532.0,6001350.080107431,0.5177198143273112,2391623.2493190723,3107017.849186413
"Oxnard-Thousand Oaks-Ventura, CA",2016,4783297.0,4655064.888244367,0.5177198143273112,2476407.6347123845,2410019.3296234594
"Oxnard-Thousand Oaks-Ventura, CA",2017,4224782.0,3840301.680447944,0.5177198143273112,2187253.352613366,1988200.2729623707
"Oxnard-Thousand Oaks-Ventura, CA",2018,4161304.0,3378400.251288009,0.5177198143273112,2154389.5342394975,1749064.7508201695
"Oxnard-Thousand Oaks-Ventura, CA",2019,4617431.0,3536109.7063293536,0.5177198143273112,2390535.5199891706,1830714.0606018358
"Oxnard-Thousand Oaks-Ventura, CA",2020,4446445.0,3341279.392957696,0.5177198143273112,2302012.6798166013,1729846.5469377295
"Oxnard-Thousand Oaks-Ventura, CA",2021,2464061.0,2809503.899270359,0.5177198143273112,1275693.2034111687,1454535.837082107
"Oxnard-Thousand Oaks-Ventura, CA",2022,2817916.0,2651540.436803931,0.5177198143273112,1458890.9483099594,1372755.0226234887
"Oxnard-Thousand Oaks-Ventura, CA",2023,3913076.0,1547489.4366085224,0.5177198143273112,2025876.9801686576,801165.9437944397
"Palm Bay-Melbourne-Titusville, FL",2006,788943.0,1145909.456371707,0.6153012430178028,485437.60857019434,705079.5128913659
"Palm Bay-Melbourne-Titusville, FL",2007,1433834.0,1346648.9155835519,0.6153012430178028,882239.8424811882,828594.7516671356
"Palm Bay-Melbourne-Titusville, FL",2008,2262173.0,2056183.2554173528,0.6153012430178028,1391917.858821312,1265172.1129306895
"Palm Bay-Melbourne-Titusville, FL",2009,3042204.0,3718929.5304136896,0.6153012430178028,1871871.9027137316,2288261.9627591567
"Palm Bay-Melbourne-Titusville, FL",2010,3420402.0,3701163.979276679,0.6153012430178028,2104577.6022205786,2277330.7970616575
"Palm Bay-Melbourne-Titusville, FL",2011,3599669.0,3865921.7779898676,0.6153012430178028,2214880.810152651,2378706.4754067594
"Palm Bay-Melbourne-Titusville, FL",2012,3386534.0,3411807.7972953706,0.6153012430178028,2083738.5797220517,2099289.5786136733
"Palm Bay-Melbourne-Titusville, FL",2013,3506752.0,3309266.873249576,0.6153012430178028,2157708.8645551656,2036196.0205881016
"Palm Bay-Melbourne-Titusville, FL",2014,3191358.0,2592956.5923792445,0.6153012430178028,1963646.544314809,1595449.4143821553
"Palm Bay-Melbourne-Titusville, FL",2015,3063507.0,2891059.9238976967,0.6153012430178028,1884979.66509374,1778872.764813207
"Palm Bay-Melbourne-Titusville, FL",2016,2570255.0,2072293.7513498531,0.6153012430178028,1581481.0963727226,1275084.9211035902
"Palm Bay-Melbourne-Titusville, FL",2017,2327319.0,1992133.0684963884,0.6153012430178028,1432002.2735989497,1225761.9533026973
"Palm Bay-Melbourne-Titusville, FL",2018,1887686.0,1856191.3178146735,0.6153012430178028,1161495.542227304,1142116.825130222
"Palm Bay-Melbourne-Titusville, FL",2019,1691157.0,1727863.5386979608,0.6153012430178028,1040571.0042382582,1063156.5831259945
"Palm Bay-Melbourne-Titusville, FL",2020,1608035.0,1665536.4786975288,0.6153012430178028,989425.9343161325,1024806.6656340837
"Palm Bay-Melbourne-Titusville, FL",2021,1002884.0,1396833.4687272152,0.6153012430178028,617075.7718026661,859473.3695967246
"Palm Bay-Melbourne-Titusville, FL",2022,867554.0,1196609.7927576446,0.6153012430178028,533807.0545850669,736275.492891054
"Palm Bay-Melbourne-Titusville, FL",2023,1232642.0,1006321.068098489,0.6153012430178028,758446.1547959504,619190.6040760032
"Philadelphia-Camden-Wilmington, PA-NJ-DE-MD",2006,49527666.0,55460822.48504146,0.48856060174668914,24197266.304069035,27095972.806658164
"Philadelphia-Camden-Wilmington, PA-NJ-DE-MD",2007,48365171.0,53690244.23399367,0.48856060174668914,23629317.047341518,26230938.030886654
"Philadelphia-Camden-Wilmington, PA-NJ-DE-MD",2008,54247732.0,65751524.11702776,0.48856060174668914,26503304.589313123,32123604.188377026
"Philadelphia-Camden-Wilmington, PA-NJ-DE-MD",2009,67822790.0,73182387.00114,0.48856060174668914,33135543.09453933,35754031.03053604
"Philadelphia-Camden-Wilmington, PA-NJ-DE-MD",2010,69651043.0,75884405.84973405,0.48856060174668914,34028755.480364524,37074130.98513605
"Philadelphia-Camden-Wilmington, PA-NJ-DE-MD",2011,70196093.0,73682243.39252494,0.48856060174668914,34295045.43634655,35998241.169897996
"Philadelphia-Camden-Wilmington, PA-NJ-DE-MD",2012,71047062.0,72792416.28807446,0.48856060174668914,34710795.363054335,35563506.704297155
"Philadelphia-Camden-Wilmington, PA-NJ-DE-MD",2013,67555763.0,76870306.70661262,0.48856060174668914,33005084.222736716,37555803.30103521
"Philadelphia-Camden-Wilmington, PA-NJ-DE-MD",2014,67690311.0,65328294.26326089,0.48856060174668914,33070819.07458053,31916830.75634352
"Philadelphia-Camden-Wilmington, PA-NJ-DE-MD",2015,65251268.0,65010259.36496625,0.48856060174668914,31879198.75881448,31761451.435056243
"Philadelphia-Camden-Wilmington, PA-NJ-DE-MD",2016,55642412.0,58086704.6902886,0.48856060174668914,27184690.289357197,28378875.39696963
"Philadelphia-Camden-Wilmington, PA-NJ-DE-MD",2017,46203130.0,52906302.19323605,0.48856060174668914,22573028.995380506,25847934.835719585
"Philadelphia-Camden-Wilmington, PA-NJ-DE-MD",2018,45459455.0,45569468.53278216,0.48856060174668914,22209698.689876538,22263446.96765287
"Philadelphia-Camden-Wilmington, PA-NJ-DE-MD",2019,42598068.0,47176918.7459406,0.48856060174668914,20811737.735326383,23048783.8110714
"Philadelphia-Camden-Wilmington, PA-NJ-DE-MD",2020,44772367.0,63850286.673560865,0.48856060174668914,21874014.563143607,31194734.478933502
"Philadelphia-Camden-Wilmington, PA-NJ-DE-MD",2021,42614260.0,67918451.32640174,0.48856060174668914,20819648.508589864,33182279.44973005
"Philadelphia-Camden-Wilmington, PA-NJ-DE-MD",2022,48024659.0,61067323.120358214,0.48856060174668914,23462956.29971955,29835088.13074171
"Philadelphia-Camden-Wilmington, PA-NJ-DE-MD",2023,57896889.0,51425307.412109,0.48856060174668914,28286138.929101266,25124379.134268448
"Phoenix-Mesa-Chandler, AZ",2006,28238872.0,24403936.152721256,0.4867333911331877,13744801.930336023,11878210.600611815
"Phoenix-Mesa-Chandler, AZ",2007,35243121.0,31215983.966885947,0.4867333911331877,17154003.798447262,15193861.733761614
"Phoenix-Mesa-Chandler, AZ",2008,46445129.0,46463676.408119075,0.4867333911331877,22606395.13978836,22615422.78263889
"Phoenix-Mesa-Chandler, AZ",2009,56488976.0,54226254.67335232,0.4867333911331877,27495070.850121252,26393728.825612646
"Phoenix-Mesa-Chandler, AZ",2010,54961989.0,51413183.94110664,0.4867333911331877,26751835.28939496,25024513.368609183
"Phoenix-Mesa-Chandler, AZ",2011,47043103.0,51961451.80509443,0.4867333911331877,22897449.052617837,25291373.645297308
"Phoenix-Mesa-Chandler, AZ",2012,44799987.0,50963462.208222546,0.4867333911331877,21805649.595232725,24805618.784496214
"Phoenix-Mesa-Chandler, AZ",2013,42803696.0,47483669.888858855,0.4867333911331877,20833988.10711406,23111887.668453105
"Phoenix-Mesa-Chandler, AZ",2014,43502541.0,44070158.329542056,0.4867333911331877,21174139.303840533,21450417.611514505
"Phoenix-Mesa-Chandler, AZ",2015,40759866.0,41244386.789283596,0.4867333911331877,19839187.80031432,20075020.24715685
"Phoenix-Mesa-Chandler, AZ",2016,36522162.0,38724872.90059345,0.4867333911331877,17776555.761775646,18848688.708107535
"Phoenix-Mesa-Chandler, AZ",2017,32971080.0,37266595.85334746,0.4867333911331877,16048125.577723622,18138896.5756898
"Phoenix-Mesa-Chandler, AZ",2018,31903106.0,35090720.387070365,0.4867333911331877,15528306.971061546,17079825.331305243
"Phoenix-Mesa-Chandler, AZ",2019,32570801.0,34904706.93623167,0.4867333911331877,15853296.42265422,16989286.37358214
"Phoenix-Mesa-Chandler, AZ",2020,32239403.0,49085650.12594695,0.4867333911331877,15691993.950299464,23891624.941779338
"Phoenix-Mesa-Chandler, AZ",2021,37229066.0,34299894.09898377,0.4867333911331877,18120629.54290126,16694903.770307586
"Phoenix-Mesa-Chandler, AZ",2022,49204791.0,38028170.94561898,0.4867333911331877,23949614.783429753,18509580.602953687
"Phoenix-Mesa-Chandler, AZ",2023,63795582.0,34692904.859995686,0.4867333911331877,31051439.966175348,16886195.230766747
"Pittsburgh, PA",2006,29021306.0,25705069.63813931,0.5061333661208727,14688651.295003878,13010193.422322892
"Pittsburgh, PA",2007,26680691.0,28771577.81869641,0.5061333661208727,13503987.946260873,14562255.529985448
"Pittsburgh, PA",2008,23658669.0,28643907.526390467,0.5061333661208727,11974441.77890954,14497637.335187007
"Pittsburgh, PA",2009,29105886.0,27697887.3051492,0.5061333661208727,14731460.055110382,14018824.936191753
"Pittsburgh, PA",2010,31796985.0,30807392.076853562,0.5061333661208727,16093515.050544897,15592649.053263396
"Pittsburgh, PA",2011,30735883.0,29084405.575916044,0.5061333661208727,15556455.923487306,14720588.095763067
"Pittsburgh, PA",2012,27913940.0,26667258.316042945,0.5061333661208727,14128176.413896073,13497189.21671365
"Pittsburgh, PA",2013,25333688.0,25767863.59860557,0.5061333661208727,12822224.783695959,13041975.54090574
"Pittsburgh, PA",2014,23432683.0,24172096.659441806,0.5061333661208727,11860062.724033348,12234304.648442384
"Pittsburgh, PA",2015,24634625.0,23718809.006408438,0.5061333661208727,12468405.674375404,12004880.642791575
"Pittsburgh, PA",2016,19319915.0,22955189.164358456,0.5061333661208727,9778453.61211914,11618387.161698127
"Pittsburgh, PA",2017,18757256.0,20323626.28505238,0.5061333661208727,9493673.118470935,10286465.383436209
"Pittsburgh, PA",2018,16167236.0,16911093.066197302,0.5061333661208727,8182777.577550553,8559268.45837779
"Pittsburgh, PA",2019,17749163.0,19048989.68323928,0.5061333661208727,8983443.615018047,9641329.269579673
"Pittsburgh, PA",2020,19503357.0,22561878.52935491,0.5061333661208727,9871299.729067085,11419319.526072646
"Pittsburgh, PA",2021,17075210.0,18628589.17875264,0.5061333661208727,8642333.514520787,9428550.547124935
"Pittsburgh, PA",2022,17473341.0,19516461.867652174,0.5061333661208727,8843840.897707855,9877932.539844448
"Pittsburgh, PA",2023,17563194.0,17505587.1339356,0.5061333661208727,8889318.499053914,8860161.742021065
"Portland-Vancouver-Hillsboro, OR-WA",2006,14220557.0,15433892.732279161,0.5536466970599397,7873164.413402606,8544923.734003766
"Portland-Vancouver-Hillsboro, OR-WA",2007,12500290.0,14771507.80521444,0.5536466970599397,6920744.270791394,8178196.506952095
"Portland-Vancouver-Hillsboro, OR-WA",2008,14225118.0,15099454.845616851,0.5536466970599397,7875689.5959878955,8359763.302681472
"Portland-Vancouver-Hillsboro, OR-WA",2009,24483402.0,18037667.53488162,0.5536466970599397,13555154.650090722,9986495.053352514
"Portland-Vancouver-Hillsboro, OR-WA",2010,25942240.0,24115911.51707994,0.5536466970599397,14362835.49033625,13351694.758021068
"Portland-Vancouver-Hillsboro, OR-WA",2011,22622588.0,22481088.87521191,0.5536466970599397,12524921.125147829,12446580.60207203
"Portland-Vancouver-Hillsboro, OR-WA",2012,21162239.0,20237311.75704766,0.5536466970599397,11716403.724743042,11204320.811661722
"Portland-Vancouver-Hillsboro, OR-WA",2013,19059839.0,17057008.409886435,0.5536466970599397,10552416.908844225,9443556.36785724
"Portland-Vancouver-Hillsboro, OR-WA",2014,17675072.0,15586551.383558976,0.5536466970599397,9785745.233096624,8629442.69206246
"Portland-Vancouver-Hillsboro, OR-WA",2015,14186047.0,12937509.928651454,0.5536466970599397,7854058.065887067,7162809.640178055
"Portland-Vancouver-Hillsboro, OR-WA",2016,12098668.0,12970777.418297576,0.5536466970599397,6698387.577024787,7181228.075940105
"Portland-Vancouver-Hillsboro, OR-WA",2017,11858288.0,12915612.31274534,0.5536466970599397,6565301.983985519,7150686.097458147
"Portland-Vancouver-Hillsboro, OR-WA",2018,11969728.0,10936907.41937973,0.5536466970599397,6627000.371905878,6055182.668789936
"Portland-Vancouver-Hillsboro, OR-WA",2019,13510329.0,12547262.983224757,0.5536466970599397,7479949.027043119,6946750.707804833
"Portland-Vancouver-Hillsboro, OR-WA",2020,15593201.0,15191109.5010837,0.5536466970599397,8633124.23024175,8410507.59995086
"Portland-Vancouver-Hillsboro, OR-WA",2021,12075023.0,12643675.000620808,0.5536466970599397,6685296.600872804,7000128.902793042
"Portland-Vancouver-Hillsboro, OR-WA",2022,12265096.0,13117632.607310073,0.5536466970599397,6790529.889523079,7262533.966282988
"Portland-Vancouver-Hillsboro, OR-WA",2023,17046708.0,11678194.526870696,0.5536466970599397,9437853.579945251,6465593.827425427
"Providence-Warwick, RI-MA",2006,16920553.0,19237430.91136095,0.46334292261285487,7840018.479245709,8913527.462032858
"Providence-Warwick, RI-MA",2007,17609237.0,18740035.134862058,0.46334292261285487,8159115.33656242,8683062.649254572
"Providence-Warwick, RI-MA",2008,20330607.0,25881519.9634033,0.46334292261285487,9420042.865873365,11992019.101506233
"Providence-Warwick, RI-MA",2009,23867286.0,27299325.647141583,0.46334292261285487,11058738.050076874,12648949.330706647
"Providence-Warwick, RI-MA",2010,24035516.0,26180142.710157763,0.46334292261285487,11136686.229948035,12130383.837746125
"Providence-Warwick, RI-MA",2011,24057362.0,23201942.537555892,0.46334292261285487,11146808.419435436,10750455.865646666
"Providence-Warwick, RI-MA",2012,23296709.0,23106127.37012062,0.46334292261285487,10794365.2353212,10706060.585936565
"Providence-Warwick, RI-MA",2013,20550592.0,20385690.90655845,0.46334292261285487,9521971.358704355,9445565.60412709
"Providence-Warwick, RI-MA",2014,20127606.0,20318056.991287813,0.46334292261285487,9325983.789240032,9414227.908157844
"Providence-Warwick, RI-MA",2015,19443100.0,20505067.759102922,0.46334292261285487,9008822.778653998,9500878.023877371
"Providence-Warwick, RI-MA",2016,17323373.0,18780557.723328825,0.46334292261285487,8026662.275332619,8701838.503826601
"Providence-Warwick, RI-MA",2017,13768919.0,13089009.29264599,0.46334292261285487,6379731.170679667,6064699.819761409
"Providence-Warwick, RI-MA",2018,10812884.0,9614392.206653483,0.46334292261285487,5010073.274433777,4454760.58417708
"Providence-Warwick, RI-MA",2019,10774190.0,9842395.78400472,0.46334292261285487,4992144.6833861945,4560404.428073188
"Providence-Warwick, RI-MA",2020,10199097.0,9948389.617641406,0.46334292261285487,4725679.411992,4609515.920729351
"Providence-Warwick, RI-MA",2021,8660339.0,8350859.901249438,0.46334292261285487,4012706.783078089,3869311.832975411
"Providence-Warwick, RI-MA",2022,7800814.0,10680926.51388232,0.46334292261285487,3614451.9575192747,4948931.7071553655
"Providence-Warwick, RI-MA",2023,8653854.0,10367534.513377812,0.46334292261285487,4009702.0042249444,4803723.741718117
"Provo-Orem-Lehi, UT",2006,877839.0,1160811.329781474,0.5486614278421206,481636.3991554993,636892.4016532142
"Provo-Orem-Lehi, UT",2007,1043223.0,1371407.0329213885,0.5486614278421206,572376.2207377405,752438.1408353751
"Provo-Orem-Lehi, UT",2008,2166554.0,1955289.2867221574,0.5486614278421206,1188704.6111370577,1072791.8118973803
"Provo-Orem-Lehi, UT",2009,3522079.0,3250543.11351013,0.5486614278421206,1932428.8931127482,1783447.62592084
"Provo-Orem-Lehi, UT",2010,3914653.0,3206056.751022306,0.5486614278421206,2147819.104486441,1759039.6747587684
"Provo-Orem-Lehi, UT",2011,2851111.0,2986575.81697622,0.5486614278421206,1564294.6321963763,1638618.9521009205
"Provo-Orem-Lehi, UT",2012,2818310.0,2744927.1562182987,0.5486614278421206,1546297.9887017268,1506035.6528533434
"Provo-Orem-Lehi, UT",2013,1688030.0,2189645.320877079,0.5486614278421206,926156.9500403348,1201373.9282202364
"Provo-Orem-Lehi, UT",2014,1896420.0,1884126.3020428247,0.5486614278421206,1040492.5049883543,1033747.4271137108
"Provo-Orem-Lehi, UT",2015,2309757.0,1764707.4245041711,0.5486614278421206,1267274.5735883329,968226.8952520498
"Provo-Orem-Lehi, UT",2016,1313557.0,1654492.2923454035,0.5486614278421206,720698.0591720124,907756.1034720122
"Provo-Orem-Lehi, UT",2017,1881428.0,1866331.2349974196,0.5486614278421206,1032266.9728621453,1023983.9602200325
"Provo-Orem-Lehi, UT",2018,1777348.0,1736112.8265289767,0.5486614278421206,975162.2914523373,952538.1422984081
"Provo-Orem-Lehi, UT",2019,1563325.0,1845990.4827918261,0.5486614278421206,857736.1266812831,1012823.7740715288
"Provo-Orem-Lehi, UT",2020,1577375.0,1215240.868645314,0.5486614278421206,865444.8197424649,666755.7901630368
"Provo-Orem-Lehi, UT",2021,1676637.0,1482013.1956863354,0.5486614278421206,919906.0503929295,813123.4760261289
"Provo-Orem-Lehi, UT",2022,3542954.0,2223994.1385784624,0.5486614278421206,1943882.2004189524,1220219.7995849662
"Provo-Orem-Lehi, UT",2023,4433993.0,2682517.4072033227,0.5486614278421206,2432760.9304219675,1471793.8308475183
"Raleigh-Cary, NC",2006,5837389.0,5978406.065454369,0.5659998102689113,3303961.06646583,3383776.698757682
"Raleigh-Cary, NC",2007,5883122.0,5566853.303888027,0.5659998102689113,3329845.935788858,3150837.913795485
"Raleigh-Cary, NC",2008,7145948.0,7523698.3602088895,0.5659998102689113,4044605.2121915063,4258411.844398751
"Raleigh-Cary, NC",2009,9820402.0,10335812.174074437,0.5659998102689113,5558345.668764438,5850067.729501235
"Raleigh-Cary, NC",2010,9542322.0,10390303.048908744,0.5659998102689113,5400952.441524859,5880909.55431884
"Raleigh-Cary, NC",2011,9725752.0,9195528.591359178,0.5659998102689113,5504773.786722485,5204667.438031644
"Raleigh-Cary, NC",2012,9463863.0,8876038.756966287,0.5659998102689113,5356544.66241097,5023836.252382422
"Raleigh-Cary, NC",2013,8783295.0,8758151.849246778,0.5659998102689113,4971343.303535878,4957112.284979991
"Raleigh-Cary, NC",2014,7712681.0,7694675.690380767,0.5659998102689113,4365375.982664637,4355184.980836319
"Raleigh-Cary, NC",2015,6599363.0,7140731.182428216,0.5659998102689113,3735238.2058956735,4041652.494435669
"Raleigh-Cary, NC",2016,5505015.0,5573475.090186165,0.5659998102689113,3115837.4455275107,3154585.8435838725
"Raleigh-Cary, NC",2017,4776790.0,4874692.375458843,0.5659998102689113,2703662.233694433,2759074.9596290137
"Raleigh-Cary, NC",2018,4070882.0,4581953.622106583,0.5659998102689113,2304118.4396271263,2593384.880773277
"Raleigh-Cary, NC",2019,4186239.0,5224717.274780547,0.5659998102689113,2369410.479740317,2957188.986234493
"Raleigh-Cary, NC",2020,4380743.0,4363559.600153353,0.5659998102689113,2479499.7068368616,2469773.905783884
"Raleigh-Cary, NC",2021,3949095.0,5922619.026092814,0.5659998102689113,2235187.0207339064,3352201.2450635773
"Raleigh-Cary, NC",2022,6097734.0,5166115.480861958,0.5659998102689113,3451316.2870702897,2924020.381995154
"Raleigh-Cary, NC",2023,9145352.0,6120123.91613368,0.5659998102689113,5176267.496842409,3463988.9753538896
"Richmond, VA",2006,12235146.0,9504942.975722592,0.4034907248214866,4936767.927836712,3835156.3306612065
"Richmond, VA",2007,10398772.0,10872622.1535472,0.4034907248214866,4195808.0515333805,4387002.193444912
"Richmond, VA",2008,12208709.0,11551789.939643813,0.4034907248214866,4926100.843544607,4661040.095732439
"Richmond, VA",2009,16469544.0,15460338.146156434,0.4034907248214866,6645308.246039366,6238103.0445779385
"Richmond, VA",2010,18634059.0,17320299.68150995,0.4034907248214866,7518669.972276346,6988580.272617813
"Richmond, VA",2011,20451320.0,18797088.274543934,0.4034907248214866,8251917.930356165,7584450.772429199
"Richmond, VA",2012,19950513.0,21481307.587898124,0.4034907248214866,8049846.950930492,8667508.368754314
"Richmond, VA",2013,18606591.0,18568227.073247556,0.4034907248214866,7507586.889046949,7492107.400434608
"Richmond, VA",2014,14557439.0,15625391.494260844,0.4034907248214866,5873791.613654577,6304700.5396388
"Richmond, VA",2015,14274090.0,13920466.34542094,0.4034907248214866,5759462.920267134,5616779.055567006
"Richmond, VA",2016,13557664.0,11515805.978879783,0.4034907248214866,5470391.674246175,4646520.901321813
"Richmond, VA",2017,12627719.0,12616137.380581453,0.4034907248214866,5095167.4921520585,5090494.4161382625
"Richmond, VA",2018,8319384.0,11290085.680863885,0.4034907248214866,3356794.2802282786,4555444.854668456
"Richmond, VA",2019,8468400.0,8199416.014840386,0.4034907248214866,3416920.8540782775,3308388.3109408524
"Richmond, VA",2020,8121026.0,6506471.721615589,0.4034907248214866,3276758.6670341385,2625300.9909851803
"Richmond, VA",2021,6228861.0,7440246.55302591,0.4034907248214866,2513287.63970229,3002070.4745309916
"Richmond, VA",2022,7058945.0,7483911.656391636,0.4034907248214866,2848218.8345250087,3019688.9387374334
"Richmond, VA",2023,6222185.0,4717264.646803293,0.4034907248214866,2510593.9356233818,1903372.5315134348
"Riverside-San Bernardino-Ontario, CA",2006,45039622.0,39173043.542135425,0.345322903039724,15553213.02085182,13527349.116871718
"Riverside-San Bernardino-Ontario, CA",2007,54858904.0,49389042.850147225,0.345322903039724,18944035.98685753,17055167.655366164
"Riverside-San Bernardino-Ontario, CA",2008,73596890.0,56282931.560216196,0.345322903039724,25414691.709495235,19435785.31795996
"Riverside-San Bernardino-Ontario, CA",2009,83102145.0,74257425.13919859,0.345322903039724,28697073.960228086,25642789.621323038
"Riverside-San Bernardino-Ontario, CA",2010,70377917.0,84145278.87126042,0.345322903039724,24303106.608328745,29057291.9769108
"Riverside-San Bernardino-Ontario, CA",2011,60595891.0,69438465.9412547,0.345322903039724,20925148.992398687,23978692.641459078
"Riverside-San Bernardino-Ontario, CA",2012,55385924.0,59226098.86940889,0.345322903039724,19126028.063217524,20452128.397301994
"Riverside-San Bernardino-Ontario, CA",2013,51661111.0,57790653.706029646,0.345322903039724,17839764.82477742,19956436.306329545
"Riverside-San Bernardino-Ontario, CA",2014,50779826.0,50249612.11190383,0.345322903039724,17535436.930172056,17352341.931102708
"Riverside-San Bernardino-Ontario, CA",2015,49609206.0,48287640.61012833,0.345322903039724,17131195.033415694,16674828.236428384
"Riverside-San Bernardino-Ontario, CA",2016,46306457.0,43968008.24459383,0.345322903039724,15990680.16072415,15183160.24789766
"Riverside-San Bernardino-Ontario, CA",2017,46861297.0,45630926.65216117,0.345322903039724,16182279.12024671,15757404.059917012
"Riverside-San Bernardino-Ontario, CA",2018,44992220.0,42570079.481527455,0.345322903039724,15536844.02460193,14700423.42919285
"Riverside-San Bernardino-Ontario, CA",2019,41085277.0,39026033.29387877,0.345322903039724,14187687.125831204,13476583.11116714
"Riverside-San Bernardino-Ontario, CA",2020,35392276.0,44863965.057976924,0.345322903039724,12221763.493503151,15492554.655693332
"Riverside-San Bernardino-Ontario, CA",2021,24372599.0,22279619.26586975,0.345322903039724,8416416.641303074,7693662.803509908
"Riverside-San Bernardino-Ontario, CA",2022,45487994.0,41317710.90641464,0.345322903039724,15708046.141533548,14267951.87715917
"Riverside-San Bernardino-Ontario, CA",2023,77462612.0,37120041.59477573,0.345322903039724,26749614.052879762,12818400.52446326
"Rochester, NY",2007,11380729.0,11087846.79234145,0.5119011320368286,5825808.058504364,5675881.324850507
"Rochester, NY",2008,15284891.0,11574463.864807826,0.5119011320368286,7824353.005959534,5924981.155114492
"Rochester, NY",2009,16428559.0,15561309.676379712,0.5119011320368286,8409797.949833829,7965852.03931443
"Rochester, NY",2010,17408091.0,16110780.944284461,0.5119011320368286,8911221.489500128,8247127.003376583
"Rochester, NY",2011,16499406.0,17809226.522631235,0.5119011320368286,8446064.609335242,9116563.217635242
"Rochester, NY",2012,14826176.0,16602590.5409857,0.5119011320368286,7589536.2781772595,8498884.892674522
"Rochester, NY",2013,13852437.0,13446800.404830784,0.5119011320368286,7091078.18176885,6883432.349506164
"Rochester, NY",2014,14478906.0,13064184.094320973,0.5119011320368286,7411768.37205483,6687570.627020437
"Rochester, NY",2015,12678477.0,12847143.391303468,0.5119011320368286,6490126.728802895,6576467.245447707
"Rochester, NY",2016,10923717.0,10049171.076772442,0.5119011320368286,5591863.098349949,5144182.050231569
"Rochester, NY",2017,11092396.0,9687230.702785173,0.5119011320368286,5678210.06940079,4958904.363057653
"Rochester, NY",2018,9156147.0,7225451.429639859,0.5119011320368286,4687042.014395612,3698716.7663097656
"Rochester, NY",2019,8658039.0,8562407.89066971,0.5119011320368286,4432059.965319011,4383106.292194898
"Rochester, NY",2020,9057001.0,4676696.314797787,0.5119011320368286,4636289.064758689,2394006.137737452
"Rochester, NY",2021,6959736.0,7059172.321927407,0.5119011320368286,3562696.7370774695,3613598.3028376875
"Rochester, NY",2022,6104728.0,6362989.801127875,0.5119011320368286,3125017.1739769247,3257221.6823361544
"Rochester, NY",2023,7165731.0,6158006.840458939,0.5119011320368286,3668145.810771396,3152290.672721465
"Sacramento-Roseville-Folsom, CA",2006,20575141.0,20698176.10028689,0.4122362169818323,8481818.289707795,8532537.814006042
"Sacramento-Roseville-Folsom, CA",2007,20790694.0,20365079.579971552,0.4122362169818323,8570677.04298688,8395223.364581436
"Sacramento-Roseville-Folsom, CA",2008,24398250.0,22817393.847005386,0.4122362169818323,10057842.28097699,9406156.120874038
"Sacramento-Roseville-Folsom, CA",2009,28889503.0,25774837.02743982,0.4122362169818323,11909299.427205296,10625321.309515048
"Sacramento-Roseville-Folsom, CA",2010,31100816.0,28229136.550338972,0.4122362169818323,12820882.732888043,11637072.460175311
"Sacramento-Roseville-Folsom, CA",2011,31201275.0,31976762.004612666,0.4122362169818323,12862295.57100982,13181979.400109919
"Sacramento-Roseville-Folsom, CA",2012,28450834.0,29616052.262760412,0.4122362169818323,11728464.178138092,12208809.346736588
"Sacramento-Roseville-Folsom, CA",2013,26929117.0,29695267.880672723,0.4122362169818323,11101157.31874115,12241464.893390637
"Sacramento-Roseville-Folsom, CA",2014,23007064.0,24968740.822008092,0.4122362169818323,9484345.027218902,10293019.259264462
"Sacramento-Roseville-Folsom, CA",2015,20938067.0,21327033.72887455,0.4122362169818323,8631429.530992143,8791775.703835186
"Sacramento-Roseville-Folsom, CA",2016,16640785.0,16063823.52277513,0.4122362169818323,6859934.256008021,6622089.8392925905
"Sacramento-Roseville-Folsom, CA",2017,13962450.0,15191650.278614316,0.4122362169818323,5755827.567797985,6262548.440566964
"Sacramento-Roseville-Folsom, CA",2018,10341442.0,13567343.08280476,0.4122362169818323,4263116.928217034,5592950.186950065
"Sacramento-Roseville-Folsom, CA",2019,11028649.0,10784263.428029062,0.4122362169818323,4546408.542180468,4445663.9585062275
"Sacramento-Roseville-Folsom, CA",2020,11930164.0,13047490.076858062,0.4122362169818323,4918045.675332844,5378647.950391964
"Sacramento-Roseville-Folsom, CA",2021,9558766.0,13472518.091088098,0.4122362169818323,3940469.5348545616,5553859.891089454
"Sacramento-Roseville-Folsom, CA",2022,11394208.0,13214879.700877275,0.4122362169818323,4697105.201424129,5447652.015759656
"Sacramento-Roseville-Folsom, CA",2023,12335810.0,11797822.962989237,0.4122362169818323,5085267.6478066575,4863489.906884075
"Salt Lake City-Murray, UT",2006,8078361.0,7975405.52423238,0.540007303982643,4362373.944208528,4306777.235309005
"Salt Lake City-Murray, UT",2007,7944996.0,10375262.68986304,0.540007303982643,4290355.870112882,5602717.633264644
"Salt Lake City-Murray, UT",2008,10123173.0,8971310.935855359,0.540007303982643,5466587.359479884,4844573.431661254
"Salt Lake City-Murray, UT",2009,12906824.0,12974372.760359015,0.540007303982643,6969779.231218472,7006256.055187313
"Salt Lake City-Murray, UT",2010,12975785.0,15158727.385164829,0.540007303982643,7007018.674908419,8185823.507070718
"Salt Lake City-Murray, UT",2011,11866432.0,13900107.140620397,0.540007303982643,6407959.952213362,7506159.382076305
"Salt Lake City-Murray, UT",2012,12942172.0,12398383.80964798,0.540007303982643,6988867.40939965,6695217.814790055
"Salt Lake City-Murray, UT",2013,10496829.0,11063253.2769713,0.540007303982643,5668364.328656822,5974237.575374411
"Salt Lake City-Murray, UT",2014,12218808.0,11854642.503232004,0.540007303982643,6598245.56596155,6401593.537848365
"Salt Lake City-Murray, UT",2015,12521456.0,11762591.625344152,0.540007303982643,6761677.6964972885,6351885.39145091
"Salt Lake City-Murray, UT",2016,9359497.0,10140996.60185975,0.540007303982643,5054196.741603635,5476212.234667428
"Salt Lake City-Murray, UT",2017,7348196.0,8576951.950502466,0.540007303982643,3968079.511096041,4631616.699179508
"Salt Lake City-Murray, UT",2018,8991409.0,8333753.274026823,0.540007303982643,4855426.533095271,4500287.637563749
"Salt Lake City-Murray, UT",2019,7744426.0,8792484.154320296,0.540007303982643,4182046.605153084,4748005.663484612
"Salt Lake City-Murray, UT",2020,8957536.0,8844084.970937144,0.540007303982643,4837134.865687468,4775870.481349179
"Salt Lake City-Murray, UT",2021,8799860.0,11792271.084892217,0.540007303982643,4751988.6740247,6367912.516385122
"Salt Lake City-Murray, UT",2022,11452818.0,10590000.629487937,0.540007303982643,6184605.371183885,5718677.689104273
"Salt Lake City-Murray, UT",2023,16206643.0,9690858.879562663,0.540007303982643,8751705.593039172,5233134.57682889
"San Antonio-New Braunfels, TX",2006,10700178.0,6819265.428512248,0.4373243735912093,4679448.641164439,2982230.9818763086
"San Antonio-New Braunfels, TX",2007,9367864.0,9899529.09479855,0.4373243735912093,4096795.25568764,4329305.360230727
"San Antonio-New Braunfels, TX",2008,12139821.0,13904360.166316856,0.4373243735912093,5309039.614334408,6080715.599921081
"San Antonio-New Braunfels, TX",2009,14511812.0,14916286.602750486,0.4373243735912093,6346369.092573394,6523255.694854803
"San Antonio-New Braunfels, TX",2010,15040024.0,15514255.499241687,0.4373243735912093,6577369.074596754,6784762.067939845
"San Antonio-New Braunfels, TX",2011,14149454.0,16621734.542568874,0.4373243735912093,6187901.107207631,7269089.646828298
"San Antonio-New Braunfels, TX",2012,12005003.0,14664555.774790375,0.4373243735912093,5250080.416935588,6413167.668203551
"San Antonio-New Braunfels, TX",2013,12917818.0,14308974.751419332,0.4373243735912093,5649276.665015248,6257663.419896889
"San Antonio-New Braunfels, TX",2014,13076776.0,16355911.09527505,0.4373243735912093,5718792.87279256,7152838.574254671
"San Antonio-New Braunfels, TX",2015,13090131.0,14567881.153228067,0.4373243735912093,5724633.33980187,6370889.499886648
"San Antonio-New Braunfels, TX",2016,12880101.0,12745085.519555153,0.4373243735912093,5632782.101616508,5573736.5412058495
"San Antonio-New Braunfels, TX",2017,11987630.0,12861407.266802736,0.4373243735912093,5242482.7805931885,5624606.876455934
"San Antonio-New Braunfels, TX",2018,12456522.0,15465206.290932545,0.4373243735912093,5447540.680775117,6763311.653640904
"San Antonio-New Braunfels, TX",2019,13544107.0,15159676.24591071,0.4373243735912093,5923168.109627313,6629695.918088436
"San Antonio-New Braunfels, TX",2020,14626880.0,16672663.76868379,0.4373243735912093,6396691.133593787,7291362.238736489
"San Antonio-New Braunfels, TX",2021,11199519.0,17239670.081604097,0.4373243735912093,4897822.6311978465,7539327.919356624
"San Antonio-New Braunfels, TX",2022,15508577.0,19471725.209434975,0.4373243735912093,6782278.721816036,8515460.02995631
"San Antonio-New Braunfels, TX",2023,17545436.0,17308542.28040921,0.4373243735912093,7673046.808084653,7569447.410556919
"San Diego-Chula Vista-Carlsbad, CA",2006,17223681.0,16351467.890141264,0.5942999190466253,10236032.223984897,9717676.043404445
"San Diego-Chula Vista-Carlsbad, CA",2007,18575776.0,18926838.482422996,0.5942999190466253,11039582.173028244,11248218.57791254
"San Diego-Chula Vista-Carlsbad, CA",2008,22252358.0,22986107.799892124,0.5942999190466253,13224574.557996524,13660642.00467289
"San Diego-Chula Vista-Carlsbad, CA",2009,28712540.0,26055510.04065932,0.5942999190466253,17063860.19762299,15484787.507882366
"San Diego-Chula Vista-Carlsbad, CA",2010,28630897.0,28873779.458357852,0.5942999190466253,17015339.769332267,17159684.794672184
"San Diego-Chula Vista-Carlsbad, CA",2011,27334641.0,26769383.50069292,0.5942999190466253,16244974.933468563,15909042.447389867
"San Diego-Chula Vista-Carlsbad, CA",2012,25097203.0,25393544.01955285,0.5942999190466253,14915265.71119672,15091381.155127173
"San Diego-Chula Vista-Carlsbad, CA",2013,22177376.0,22761571.508235678,0.5942999190466253,13180012.76146657,13527200.104718436
"San Diego-Chula Vista-Carlsbad, CA",2014,19180653.0,18340994.00352267,0.5942999190466253,11399060.52516141,10900051.251528163
"San Diego-Chula Vista-Carlsbad, CA",2015,16134491.0,16054787.007825859,0.5942999190466253,9588726.695158504,9541358.61906172
"San Diego-Chula Vista-Carlsbad, CA",2016,15481958.0,16250130.570573337,0.5942999190466253,9200926.386083253,9657451.282588825
"San Diego-Chula Vista-Carlsbad, CA",2017,14139177.0,13310488.526897624,0.5942999190466253,8402911.746485906,7910422.254006293
"San Diego-Chula Vista-Carlsbad, CA",2018,15595875.0,13842159.573899254,0.5942999190466253,9268627.249961287,8226394.314198796
"San Diego-Chula Vista-Carlsbad, CA",2019,15080853.0,13098326.735600762,0.5942999190466253,8962549.717054056,7784334.51861378
"San Diego-Chula Vista-Carlsbad, CA",2020,14976334.0,11687787.208172219,0.5942999190466253,8900434.08381522,6946050.9916509325
"San Diego-Chula Vista-Carlsbad, CA",2021,9576619.0,12112420.672127374,0.5942999190466253,5691383.896440374,7198410.624903969
"San Diego-Chula Vista-Carlsbad, CA",2022,12374213.0,11013981.684093596,0.5942999190466253,7353993.784165698,6545608.423237838
"San Diego-Chula Vista-Carlsbad, CA",2023,20328019.0,10671622.105509037,0.5942999190466253,12080940.046078261,6342144.153400198
"San Francisco-Oakland-Fremont, CA",2006,6759104.0,9409622.226010978,0.6126760747944751,4141141.3078476354,5765050.410731257
"San Francisco-Oakland-Fremont, CA",2007,6570462.0,8940524.068709943,0.6126760747944751,4025564.8677462563,5477645.193022738
"San Francisco-Oakland-Fremont, CA",2008,8669462.0,9062256.53575093,0.6126760747944751,5311571.948739859,5552227.7631044565
"San Francisco-Oakland-Fremont, CA",2009,11307164.0,12411188.334095752,0.6126760747944751,6927628.856577395,7604038.152068765
"San Francisco-Oakland-Fremont, CA",2010,11102511.0,11510173.25740346,0.6126760747944751,6802242.859842482,7052007.771550288
"San Francisco-Oakland-Fremont, CA",2011,11088677.0,11233888.853375938,0.6126760747944751,6793767.099023775,6882734.927363776
"San Francisco-Oakland-Fremont, CA",2012,10202439.0,11105350.309802547,0.6126760747944751,6250790.279850069,6803982.437027432
"San Francisco-Oakland-Fremont, CA",2013,7126751.0,11190917.909943998,0.6126760747944751,4366389.8287176,6856407.658411679
"San Francisco-Oakland-Fremont, CA",2014,5221425.0,6957104.412039509,0.6126760747944751,3199042.173833742,4262451.423103691
"San Francisco-Oakland-Fremont, CA",2015,4909475.0,6236831.140821672,0.6126760747944751,3007917.8723016055,3821157.2225145698
"San Francisco-Oakland-Fremont, CA",2016,4611927.0,5159647.493096718,0.6126760747944751,2825617.331598659,3161192.5733936504
"San Francisco-Oakland-Fremont, CA",2017,3705725.0,5213903.736880957,0.6126760747944751,2270409.047267756,3194434.07586847
"San Francisco-Oakland-Fremont, CA",2018,4205766.0,5559566.878561531,0.6126760747944751,2576772.20438406,3406213.612714451
"San Francisco-Oakland-Fremont, CA",2019,5690476.0,5861618.451581932,0.6126760747944751,3486418.4993921653,3591273.3848580867
"San Francisco-Oakland-Fremont, CA",2020,7674139.0,7242229.751696601,0.6126760747944751,4701761.359947198,4437140.897029239
"San Francisco-Oakland-Fremont, CA",2021,7731684.0,6207498.217399817,0.6126760747944751,4737017.804671246,3803185.642130221
"San Francisco-Oakland-Fremont, CA",2022,8994318.0,8030354.190835448,0.6126760747944751,5510603.447693293,4920005.884850425
"San Francisco-Oakland-Fremont, CA",2023,12047300.0,8173654.965231269,0.6126760747944751,7381092.475871479,5007802.8408222655
"San Jose-Sunnyvale-Santa Clara, CA",2006,26334649.0,23968350.300661694,0.7452926099718026,19627019.28590132,17863434.35229859
"San Jose-Sunnyvale-Santa Clara, CA",2007,23946177.0,23217119.885077335,0.7452926099718026,17846908.75517675,17303547.875177525
"San Jose-Sunnyvale-Santa Clara, CA",2008,26898006.0,22998909.776797414,0.7452926099718026,20046885.094777204,17140917.494055353
"San Jose-Sunnyvale-Santa Clara, CA",2009,32263600.0,26089325.232120685,0.7452926099718026,24045822.65108625,19444181.294650428
"San Jose-Sunnyvale-Santa Clara, CA",2010,31993265.0,28699428.659251925,0.7452926099718026,23844343.973369524,21389472.09015342
"San Jose-Sunnyvale-Santa Clara, CA",2011,27810476.0,27998533.412246674,0.7452926099718026,20726942.242598176,20867100.042196043
"San Jose-Sunnyvale-Santa Clara, CA",2012,24675899.0,21968938.262414943,0.7452926099718026,18390765.169110592,16373287.33590463
"San Jose-Sunnyvale-Santa Clara, CA",2013,23253249.0,18158513.944456745,0.7452926099718026,17330474.63753421,13533406.25087354
"San Jose-Sunnyvale-Santa Clara, CA",2014,19547501.0,18351137.636082415,0.7452926099718026,14568608.03871642,13676967.264747638
"San Jose-Sunnyvale-Santa Clara, CA",2015,15864135.0,15567049.45886372,0.7452926099718026,11823422.579095023,11602006.920756679
"San Jose-Sunnyvale-Santa Clara, CA",2016,15935720.0,16127572.046825802,0.7452926099718026,11876774.350579854,12019760.263287088
"San Jose-Sunnyvale-Santa Clara, CA",2017,16279271.0,13736616.033071859,0.7452926099718026,12132820.372028276,10237798.415468635
"San Jose-Sunnyvale-Santa Clara, CA",2018,16056298.0,13362495.07073948,0.7452926099718026,11966640.242905034,9958968.827006774
"San Jose-Sunnyvale-Santa Clara, CA",2019,16107104.0,13765941.548023667,0.7452926099718026,12004505.57924726,10259654.505045835
"San Jose-Sunnyvale-Santa Clara, CA",2020,19434561.0,12997976.15917368,0.7452926099718026,14484434.691346206,9687295.576021818
"San Jose-Sunnyvale-Santa Clara, CA",2021,16918067.0,15036020.889714604,0.7452926099718026,12608910.310107823,11206235.252485942
"San Jose-Sunnyvale-Santa Clara, CA",2022,14369769.0,13927601.391699083,0.7452926099718026,10709682.6427019,10380138.391866319
"San Jose-Sunnyvale-Santa Clara, CA",2023,16273385.0,11269420.291674206,0.7452926099718026,12128433.579725983,8399015.662051061
"Scranton--Wilkes-Barre, PA",2006,8892779.0,7410353.127084692,0.39136672849149073,3480337.8244278305,2900165.660313824
"Scranton--Wilkes-Barre, PA",2007,10677366.0,10766692.296266831,0.39136672849149073,4178765.8003262742,4213725.140664486
"Scranton--Wilkes-Barre, PA",2008,8766101.0,9977717.585572053,0.39136672849149073,3430760.2699959856,3904946.68927735
"Scranton--Wilkes-Barre, PA",2009,11323003.0,12385456.729798853,0.39136672849149073,4431446.640809335,4847255.681214294
"Scranton--Wilkes-Barre, PA",2010,11640468.0,11721151.00666595,0.39136672849149073,4555691.879269886,4587268.5236335965
"Scranton--Wilkes-Barre, PA",2011,11504504.0,11350114.509994294,0.39136672849149073,4502480.093397269,4442057.183780267
"Scranton--Wilkes-Barre, PA",2012,12114964.0,10907426.588400556,0.39136672849149073,4741393.826472185,4268803.860163427
"Scranton--Wilkes-Barre, PA",2013,12540839.0,10173937.103386981,0.39136672849149073,4908067.131968498,3981740.4800307564
"Scranton--Wilkes-Barre, PA",2014,10862884.0,10147015.77775865,0.39136672849149073,4251371.3730625585,3971204.3688929426
"Scranton--Wilkes-Barre, PA",2015,10301155.0,8484242.49301784,0.39136672849149073,4031529.3320337622,3320450.228220881
"Scranton--Wilkes-Barre, PA",2016,9069192.0,7861080.580949106,0.39136672849149073,3549380.0031012,3076565.389374039
"Scranton--Wilkes-Barre, PA",2017,8542884.0,8208988.366027792,0.39136672849149073,3343400.5629623,3212724.921037005
"Scranton--Wilkes-Barre, PA",2018,7948154.0,8271820.850385995,0.39136672849149073,3110643.028526556,3237315.4648832674
"Scranton--Wilkes-Barre, PA",2019,10426685.0,8556425.873922307,0.39136672849149073,4080657.597461299,3348700.401856918
"Scranton--Wilkes-Barre, PA",2020,11197994.0,8020669.399671765,0.39136672849149073,4382522.277447342,3139023.1432613474
"Scranton--Wilkes-Barre, PA",2021,7277872.0,6345598.16637207,0.39136672849149073,2848316.955019823,2483455.9946946395
"Scranton--Wilkes-Barre, PA",2022,7835337.0,6434666.890376236,0.39136672849149073,3066490.2083183317,2518314.5298190615
"Scranton--Wilkes-Barre, PA",2023,7300680.0,5260670.153331769,0.39136672849149073,2857243.2473632568,2058851.2675822834
"Seattle-Tacoma-Bellevue, WA",2006,23231480.0,24249121.749642868,0.5893548720831256,13691585.923701692,14291338.046888912
"Seattle-Tacoma-Bellevue, WA",2007,21887329.0,22340452.25439256,0.5893548720831256,12899403.983036287,13166454.380666703
"Seattle-Tacoma-Bellevue, WA",2008,25998490.0,24939908.62728284,0.5893548720831256,15322336.748304421,14698456.658797119
"Seattle-Tacoma-Bellevue, WA",2009,33070547.0,33287017.846595045,0.5893548720831256,19490287.996903993,19617866.145008743
"Seattle-Tacoma-Bellevue, WA",2010,33489243.0,32925306.68854176,0.5893548720831256,19737048.52442571,19404689.91172321
"Seattle-Tacoma-Bellevue, WA",2011,33745249.0,31742543.41005261,0.5893548720831256,19887926.907808222,18707622.61102462
"Seattle-Tacoma-Bellevue, WA",2012,27903220.0,27149227.489900228,0.5893548720831256,16444898.653807314,16000529.494465828
"Seattle-Tacoma-Bellevue, WA",2013,26022902.0,23703920.393551327,0.5893548720831256,15336724.079441715,13970020.971410036
"Seattle-Tacoma-Bellevue, WA",2014,21184722.0,19489725.791052822,0.5893548720831256,12485319.124426577,11486364.85052113
"Seattle-Tacoma-Bellevue, WA",2015,19349063.0,17650269.423726894,0.5893548720831256,11403464.54929334,10402272.278453268
"Seattle-Tacoma-Bellevue, WA",2016,15419623.0,15353957.625133596,0.5893548720831256,9087629.940735022,9048929.732130343
"Seattle-Tacoma-Bellevue, WA",2017,16398577.0,16977726.489277776,0.5893548720831256,9664581.250180285,10005905.823350597
"Seattle-Tacoma-Bellevue, WA",2018,16426455.0,13934976.24184928,0.5893548720831256,9681011.28530422,8212646.1404964775
"Seattle-Tacoma-Bellevue, WA",2019,17663391.0,15145095.086755542,0.5893548720831256,10410005.543359233,8925835.577541588
"Seattle-Tacoma-Bellevue, WA",2020,23934229.0,16203225.054982103,0.5893548720831256,14105754.470703237,9549449.629613074
"Seattle-Tacoma-Bellevue, WA",2021,20593886.0,25751093.8078906,0.5893548720831256,12137107.049224472,15176532.597149935
"Seattle-Tacoma-Bellevue, WA",2022,25002601.0,15826262.947331525,0.5893548720831256,14735404.71410043,9327285.174878482
"Seattle-Tacoma-Bellevue, WA",2023,30014602.0,14842490.819826605,0.5893548720831256,17689251.922335926,8747494.278513875
"Spokane-Spokane Valley, WA",2007,1982993.0,1996773.9472941752,0.40386720338831056,800865.8372485961,806431.5098923363
"Spokane-Spokane Valley, WA",2008,2448501.0,2865975.3548015314,0.40386720338831056,988869.2513634817,1157473.4515235156
"Spokane-Spokane Valley, WA",2009,2885736.0,3292280.832620301,0.40386720338831056,1165454.1280369698,1329644.2526392995
"Spokane-Spokane Valley, WA",2010,2939071.0,3374274.754945459,0.40386720338831056,1186994.3853296854,1362758.9087435994
"Spokane-Spokane Valley, WA",2011,2934588.0,3222786.7798425057,0.40386720338831056,1185183.8486568956,1301577.8838918116
"Spokane-Spokane Valley, WA",2012,2607879.0,2482751.397222177,0.40386720338831056,1053236.798505104,1002701.8635045412
"Spokane-Spokane Valley, WA",2013,2501072.0,2492414.623302334,0.40386720338831056,1010100.9541128087,1006604.5235972431
"Spokane-Spokane Valley, WA",2014,2166992.0,2773176.661424155,0.40386720338831056,875176.9988048419,1119995.102751105
"Spokane-Spokane Valley, WA",2015,1858635.0,2403746.0776879117,0.40386720338831056,750641.7195696326,970794.2060514375
"Spokane-Spokane Valley, WA",2016,1182730.0,1622649.824014377,0.40386720338831056,477665.8574634566,655335.0465032208
"Spokane-Spokane Valley, WA",2017,1073795.0,1346040.5188239003,0.40386720338831056,433670.58366235095,543621.6199847593
"Spokane-Spokane Valley, WA",2018,1076846.0,1311842.9633669446,0.40386720338831056,434902.7824998887,529810.3488996419
"Spokane-Spokane Valley, WA",2019,1671316.0,1657874.729274151,0.40386720338831056,674989.7188981377,669561.2304801039
"Spokane-Spokane Valley, WA",2020,1827708.0,1103374.6321901628,0.40386720338831056,738151.3185704423,445616.82699224685
"Spokane-Spokane Valley, WA",2021,1524433.0,1777108.442736427,0.40386720338831056,615668.4924628524,717715.8168857164
"Spokane-Spokane Valley, WA",2022,2464080.0,1656235.6276651938,0.40386720338831056,995161.0985250683,668899.251097225
"Spokane-Spokane Valley, WA",2023,2268414.0,1464137.055455282,0.40386720338831056,916138.0183068911,591316.9379639205
"St. Louis, MO-IL",2006,29014905.0,26755200.027328003,0.4781905492118804,13874653.357280536,12794083.795341697
"St. Louis, MO-IL",2007,31825663.0,30349966.383224785,0.4781905492118804,15218731.269002222,14513067.093356369
"St. Louis, MO-IL",2008,35677671.0,34490504.98917971,0.4781905492118804,17060725.090090778,16493033.523370946
"St. Louis, MO-IL",2009,46689002.0,39893985.28318491,0.4781905492118804,22326239.508534584,19076926.732816868
"St. Louis, MO-IL",2010,45156273.0,41993028.100233175,0.4781905492118804,21593302.986231606,20080669.17032043
"St. Louis, MO-IL",2011,43135962.0,40020277.220900565,0.4781905492118804,20627209.359562803,19137318.34387415
"St. Louis, MO-IL",2012,41961529.0,37407025.885210834,0.4781905492118804,20065606.598280247,17887686.252431996
"St. Louis, MO-IL",2013,39084501.0,35037608.83437248,0.4781905492118804,18689838.99886229,16754653.41157961
"St. Louis, MO-IL",2014,33140970.0,31609482.27451535,0.4781905492118804,15847698.645714452,15115355.689153694
"St. Louis, MO-IL",2015,33743113.0,28947232.74345396,0.4781905492118804,16135637.737588542,13842293.123756377
"St. Louis, MO-IL",2016,29333103.0,27643458.430092324,0.4781905492118804,14026812.633658657,13218840.568801634
"St. Louis, MO-IL",2017,26140923.0,25307172.724530254,0.4781905492118804,12500342.326275477,12101650.824143043
"St. Louis, MO-IL",2018,26295508.0,23693009.17667836,0.4781905492118804,12574263.412325395,11329773.070677947
"St. Louis, MO-IL",2019,30630544.0,23975861.03488638,0.4781905492118804,14647236.65801867,11465030.15610004
"St. Louis, MO-IL",2020,28749128.0,28339931.000566773,0.4781905492118804,13747561.30768265,13551887.16978782
"St. Louis, MO-IL",2021,24853027.0,22704581.493368633,0.4781905492118804,11884482.630707692,10857116.293939842
"St. Louis, MO-IL",2022,23902263.0,25639244.238714397,0.4781905492118804,11429836.27137681,12260444.28388838
"St. Louis, MO-IL",2023,28184704.0,21023025.201784045,0.4781905492118804,13477659.085134283,10053011.967336316
"Stockton-Lodi, CA",2007,14636581.0,12867342.121416684,0.2227474164703419,3260260.6037088935,2866167.214385575
"Stockton-Lodi, CA",2008,14550368.0,12735446.646424547,0.2227474164703419,3241056.880692736,2836787.838086948
"Stockton-Lodi, CA",2009,18120470.0,17760216.187262267,0.2227474164703419,4036287.8777283365,3956042.271667416
"Stockton-Lodi, CA",2010,18735094.0,14505484.241344426,0.2227474164703419,4173193.785829004,3231059.139410728
"Stockton-Lodi, CA",2011,17798752.0,16713630.803479997,0.2227474164703419,3964626.024396331,3722918.081314294
"Stockton-Lodi, CA",2012,17620964.0,15161856.274677975,0.2227474164703419,3925024.2067169016,3377264.3140791617
"Stockton-Lodi, CA",2013,15157478.0,14082806.000588736,0.2227474164703419,3376289.064706045,3136908.6532841693
"Stockton-Lodi, CA",2014,13110018.0,12821758.004652359,0.2227474164703419,2920222.6393796788,2856013.470144239
"Stockton-Lodi, CA",2015,11203305.0,12925509.980412278,0.2227474164703419,2495507.244679264,2879123.9546984546
"Stockton-Lodi, CA",2016,6382611.0,8637851.52889998,0.2227474164703419,1421710.1105851855,1924059.1119168636
"Stockton-Lodi, CA",2017,9100134.0,7776733.417489454,0.2227474164703419,2027031.3380339183,1732247.2773243487
"Stockton-Lodi, CA",2018,7054753.0,6334282.294857566,0.2227474164703419,1571428.004586394,1410945.0163733514
"Stockton-Lodi, CA",2019,8341140.0,6713966.666863858,0.2227474164703419,1857967.3854174276,1495518.729311917
"Stockton-Lodi, CA",2020,13823441.0,5986519.6707077995,0.2227474164703419,3079135.7694801996,1333481.7902990442
"Stockton-Lodi, CA",2021,11425329.0,7457600.210942686,0.2227474164703419,2544962.517073675,1661161.18005616
"Stockton-Lodi, CA",2022,15131495.0,6043689.87682662,0.2227474164703419,3370501.418583896,1346216.3060110884
"Stockton-Lodi, CA",2023,16500214.0,5595832.650045621,0.2227474164703419,3675380.039707766,1246457.265798049
"Syracuse, NY",2007,7070690.0,5522397.067882262,0.509439189075979,3602086.5798076335,2813325.4840175034
"Syracuse, NY",2008,7205619.0,9644308.643557794,0.509439189075979,3670824.7001504665,4913188.774572537
"Syracuse, NY",2009,9250418.0,9970825.476383949,0.509439189075979,4712525.444533839,5079529.245107151
"Syracuse, NY",2010,10251376.0,11588557.12148433,0.509439189075979,5222452.676352953,5903665.1425296385
"Syracuse, NY",2011,10765900.0,10022083.051640747,0.509439189075979,5484571.365673082,5105641.862679975
"Syracuse, NY",2012,11225266.0,11589553.092061842,0.509439189075979,5718590.408202158,5904172.528972989
"Syracuse, NY",2013,10410347.0,11242744.8278401,0.509439189075979,5303438.733679551,5727494.808083016
"Syracuse, NY",2014,10199944.0,9723790.780056436,0.509439189075979,5196251.199980397,4953680.089736432
"Syracuse, NY",2015,8547880.0,10063893.41704904,0.509439189075979,4354625.055518779,5126941.701328546
"Syracuse, NY",2016,7739572.0,7733338.477728718,0.509439189075979,3942841.2834751527,3939665.6829441837
"Syracuse, NY",2017,6023170.0,6043690.633431429,0.509439189075979,3068438.8404667643,3078892.8553213966
"Syracuse, NY",2018,4249074.0,5123329.343484819,0.509439189075979,2164644.8128838264,2610024.746114074
"Syracuse, NY",2019,5091571.0,5175633.955174561,0.509439189075979,2593845.801362771,2636670.76507823
"Syracuse, NY",2020,5215063.0,4625881.6730162045,0.509439189075979,2656757.465700142,2356605.408262808
"Syracuse, NY",2021,3192754.0,6092209.920325141,0.509439189075979,1626514.0086790882,3103610.4814910744
"Syracuse, NY",2022,3910754.0,3104284.3228059513,0.509439189075979,1992291.346435641,1581444.0880715384
"Syracuse, NY",2023,3695195.0,3645062.9114083545,0.509439189075979,1882477.144277612,1856937.893718799
"Tampa-St. Petersburg-Clearwater, FL",2006,9709487.0,12412956.35840754,0.4667774693792461,4532169.770830688,5794088.356492493
"Tampa-St. Petersburg-Clearwater, FL",2007,11852289.0,12454932.072739212,0.4667774693792461,5532381.465771475,5813681.6742036175
"Tampa-St. Petersburg-Clearwater, FL",2008,18370858.0,14463033.018164624,0.4667774693792461,8575102.607565477,6751017.951767363
"Tampa-St. Petersburg-Clearwater, FL",2009,25280977.0,26911254.207827058,0.4667774693792461,11800590.467494924,12561567.136951102
"Tampa-St. Petersburg-Clearwater, FL",2010,25885380.0,26470955.414008554,0.4667774693792461,12082712.17032015,12356045.580201766
"Tampa-St. Petersburg-Clearwater, FL",2011,24129151.0,26192896.71369193,0.4667774693792461,11262944.042049704,12226254.043729091
"Tampa-St. Petersburg-Clearwater, FL",2012,24925320.0,24192020.32476869,0.4667774693792461,11634577.79306791,11292290.026366815
"Tampa-St. Petersburg-Clearwater, FL",2013,22237221.0,21900654.23029353,0.4667774693792461,10379833.744407028,10222731.959366295
"Tampa-St. Petersburg-Clearwater, FL",2014,20869984.0,18788618.373973567,0.4667774693792461,9741638.317505356,8770103.737735787
"Tampa-St. Petersburg-Clearwater, FL",2015,17746574.0,19620375.38686255,0.4667774693792461,8283700.901871525,9158349.171350548
"Tampa-St. Petersburg-Clearwater, FL",2016,14790538.0,15059683.24800763,0.4667774693792461,6903889.898397575,7029520.836158027
"Tampa-St. Petersburg-Clearwater, FL",2017,12314356.0,12838624.595595127,0.4667774693792461,5748063.930715135,5992780.69904204
"Tampa-St. Petersburg-Clearwater, FL",2018,12009270.0,13266234.83841302,0.4667774693792461,5605656.659692098,6192379.526065221
"Tampa-St. Petersburg-Clearwater, FL",2019,12959421.0,13744736.191751432,0.4667774693792461,6049165.739000259,6415733.17687107
"Tampa-St. Petersburg-Clearwater, FL",2020,13065084.0,14155567.349640245,0.4667774693792461,6098486.846747278,6607499.905092555
"Tampa-St. Petersburg-Clearwater, FL",2021,11515259.0,14576322.866450824,0.4667774693792461,5375063.455266587,6803899.100456754
"Tampa-St. Petersburg-Clearwater, FL",2022,10910854.0,16103202.050997768,0.4667774693792461,5092940.818886424,7516611.902267423
"Tampa-St. Petersburg-Clearwater, FL",2023,12326519.0,13699960.153118214,0.4667774693792461,5753741.345075195,6394832.730869029
"Toledo, OH",2006,9288694.0,9942175.579485208,0.5470457712554969,5081340.7731863065,5438825.107837052
"Toledo, OH",2007,9708278.0,9293647.741848264,0.5470457712554969,5310872.4260727735,5084050.696716291
"Toledo, OH",2008,10659052.0,10971764.1024137,0.5470457712554969,5830989.322192447,6002057.155438278
"Toledo, OH",2009,11708553.0,13855195.378586672,0.5470457712554969,6405114.406170862,7579426.041774543
"Toledo, OH",2010,11227607.0,13692004.018536408,0.5470457712554969,6142014.930668616,7490152.898353612
"Toledo, OH",2011,13303711.0,11417599.683172617,0.5470457712554969,7277738.844555238,6245949.624567682
"Toledo, OH",2012,11830113.0,10422641.493897181,0.5470457712554969,6471613.29012468,5701661.9545485275
"Toledo, OH",2013,10554695.0,9749677.4341091,0.5470457712554969,5773901.266641537,5333519.811434526
"Toledo, OH",2014,9130164.0,9097228.182477059,0.5470457712554969,4994617.607069173,4976600.207370405
"Toledo, OH",2015,7018503.0,6836739.650398708,0.5470457712554969,3839442.3866940187,3740009.5149253975
"Toledo, OH",2016,6409415.0,6500880.497282624,0.5470457712554969,3506243.371971551,3556279.1854757913
"Toledo, OH",2017,5577586.0,5429790.4378868155,0.5470457712554969,3051194.835113862,2970343.8978495155
"Toledo, OH",2018,5713186.0,5272251.114324037,0.5470457712554969,3125374.241696107,2884162.677088046
"Toledo, OH",2019,5524035.0,5431772.18365581,0.5470457712554969,3021899.987017359,2971428.003492147
"Toledo, OH",2020,6632205.0,4869312.541627412,0.5470457712554969,3628119.699349563,2663736.8348186314
"Toledo, OH",2021,6320285.0,3678452.924234735,0.5470457712554969,3457485.1823795484,2012282.1169650285
"Toledo, OH",2022,4957088.0,4603719.088469451,0.5470457712554969,2711754.0281413686,2518445.059395424
"Toledo, OH",2023,5192868.0,3079450.8045490626,0.5470457712554969,2840736.48008799,1684600.5404179024
"Tucson, AZ",2006,1853642.0,2858217.6816479755,0.5030994261420749,932566.2264728481,1437967.6754262282
"Tucson, AZ",2007,2593915.0,2440245.227524762,0.5030994261420749,1304997.1479613204,1227685.973613645
"Tucson, AZ",2008,4206488.0,4426580.050614845,0.5030994261420749,2116281.6988735246,2227009.8832362853
"Tucson, AZ",2009,5908102.0,6148498.5353498245,0.5030994261420749,2972362.725788845,3093306.084769885
"Tucson, AZ",2010,5879262.0,6193277.563364695,0.5030994261420749,2957853.338338908,3115834.388067366
"Tucson, AZ",2011,6060053.0,5512419.15955457,0.5030994261420749,3048809.1866905596,2773294.915826483
"Tucson, AZ",2012,5640911.0,5548969.369481675,0.5030994261420749,2837939.087018518,2791683.305466182
"Tucson, AZ",2013,5134950.0,5227412.630349497,0.5030994261420749,2583390.3982682475,2629908.2945366665
"Tucson, AZ",2014,5134603.0,4945477.000745479,0.5030994261420749,2583215.8227673764,2488066.6410738803
"Tucson, AZ",2015,5061627.0,4462306.635814221,0.5030994261420749,2546501.6390452324,2244983.9077481073
"Tucson, AZ",2016,4610475.0,4764005.589170734,0.5030994261420749,2319527.3267423827,2396768.478049434
"Tucson, AZ",2017,4271587.0,3956549.7989842705,0.5030994261420749,2149032.968415947,1990537.9333715285
"Tucson, AZ",2018,4342989.0,4506884.065392309,0.5030994261420749,2184955.2736413437,2267410.786987732
"Tucson, AZ",2019,4608424.0,4844386.601974359,0.5030994261420749,2318495.4698193655,2437208.119463656
"Tucson, AZ",2020,3588817.0,3683995.395612645,0.5030994261420749,1805531.7732289229,1853415.969442768
"Tucson, AZ",2021,2658617.0,3301112.389249492,0.5030994261420749,1337548.6870315648,1660787.7486619132
"Tucson, AZ",2022,3501402.0,2364672.2846465907,0.5030994261420749,1761553.3368927133,1189665.269419769
"Tucson, AZ",2023,3253579.0,2024625.2190005346,0.5030994261420749,1636873.727807906,1018587.7858319418
"Tulsa, OK",2006,8919466.0,7775453.418927211,0.5201267984883063,4639253.2948052995,4044221.693581566
"Tulsa, OK",2007,6726923.0,7653125.84528926,0.5201267984883063,3498852.923667353,3980595.844338416
"Tulsa, OK",2008,6893549.0,8357732.100340749,0.5201267984883063,3585519.5715922657,4347080.439973182
"Tulsa, OK",2009,9506541.0,9241941.621917317,0.5201267984883063,4944606.735027823,4806981.507623679
"Tulsa, OK",2010,10413473.0,10665313.875822615,0.5201267984883063,5416326.372634419,5547315.561104527
"Tulsa, OK",2011,9967245.0,9869308.142349146,0.5201267984883063,5184231.231598579,5133291.647374636
"Tulsa, OK",2012,9885474.0,8788642.148607034,0.5201267984883063,5141699.943159392,4571208.303814366
"Tulsa, OK",2013,8482025.0,8027405.388770428,0.5201267984883063,4411728.5079477765,4175268.6650289404
"Tulsa, OK",2014,6898964.0,7520755.22509138,0.5201267984883063,3588336.05820608,3911746.337440981
"Tulsa, OK",2015,7334041.0,7829760.563442481,0.5201267984883063,3814631.265311977,4072468.2947933353
"Tulsa, OK",2016,7142681.0,5619107.404295547,0.5201267984883063,3715099.801153254,2922648.34455818
"Tulsa, OK",2017,5543366.0,5324592.849914143,0.5201267984883063,2883253.210428929,2769463.43227957
"Tulsa, OK",2018,5581871.0,5086774.789194995,0.5201267984883063,2903280.692804721,2645767.885735022
"Tulsa, OK",2019,5948594.0,5794230.616844621,0.5201267984883063,3094023.152726748,3013734.620442317
"Tulsa, OK",2020,5799034.0,4750034.61347956,0.5201267984883063,3016232.988744837,2470620.2962177633
"Tulsa, OK",2021,5759552.0,4293772.667515132,0.5201267984883063,2995697.3424869217,2233306.2309912406
"Tulsa, OK",2022,6347371.0,4710569.6557786465,0.5201267984883063,3301437.7570475196,2450093.5141163105
"Tulsa, OK",2023,4745745.0,5543310.915973992,0.5201267984883063,2468389.1532918876,2883224.5597508335
"Urban Honolulu, HI",2007,1331546.0,1615587.5233058303,0.41529314983768906,552981.9324937755,670942.4313921492
"Urban Honolulu, HI",2008,1758486.0,1944603.4928315198,0.41529314983768906,730287.1898854785,807580.5097233738
"Urban Honolulu, HI",2009,2734170.0,2531923.6296585267,0.41529314983768906,1135482.0714917143,1051490.539309364
"Urban Honolulu, HI",2010,3256182.0,3534313.622337076,0.41529314983768906,1352270.079224786,1467776.2367346168
"Urban Honolulu, HI",2011,3071758.0,3194163.2667621705,0.41529314983768906,1275680.05535912,1326514.1241495044
"Urban Honolulu, HI",2012,2567533.0,2637133.2743623103,0.41529314983768906,1066278.8668822113,1095183.3840517025
"Urban Honolulu, HI",2013,2277656.0,2008100.6999651934,0.41529314983768906,945894.9344867115,833950.4648798134
"Urban Honolulu, HI",2014,1888094.0,1648607.4101272419,0.41529314983768906,784112.5044496417,684655.3641974971
"Urban Honolulu, HI",2015,1715640.0,1768462.0122792309,0.41529314983768906,712493.5395875329,734430.1594477397
"Urban Honolulu, HI",2016,1369629.0,1482137.2536356947,0.41529314983768906,568797.5415190442,615521.4485541495
"Urban Honolulu, HI",2017,1290458.0,1514014.0399519238,0.41529314983768906,535918.3675532446,628759.6595501192
"Urban Honolulu, HI",2018,1318873.0,1533646.01343677,0.41529314983768906,547718.9224058825,636912.6836561711
"Urban Honolulu, HI",2019,1891938.0,1660621.963060114,0.41529314983768906,785708.8913176177,689644.9257288813
"Urban Honolulu, HI",2020,2398043.0,1300439.0425317574,0.41529314983768906,995890.8309162214,540063.426144922
"Urban Honolulu, HI",2021,1943757.0,1805782.1551234394,0.41529314983768906,807228.967049057,749928.9591219035
"Urban Honolulu, HI",2022,1206849.0,1537382.4035069481,0.41529314983768906,501196.1225884652,638464.3808574375
"Urban Honolulu, HI",2023,1355203.0,1324888.8725747427,0.41529314983768906,562806.5225394857,550217.2730764695
"Virginia Beach-Chesapeake-Norfolk, VA-NC",2006,7783426.0,5676647.528430399,0.5709574628596934,4444005.161316172,3241124.2703813696
"Virginia Beach-Chesapeake-Norfolk, VA-NC",2007,10699643.0,9226810.090738017,0.5709574628596934,6109041.020784479,5268116.079695996
"Virginia Beach-Chesapeake-Norfolk, VA-NC",2008,11078397.0,12368245.656028632,0.5709574628596934,6325293.443672439,7061742.159791532
"Virginia Beach-Chesapeake-Norfolk, VA-NC",2009,13929672.0,13913316.014081703,0.5709574628596934,7953250.183587711,7943911.611365232
"Virginia Beach-Chesapeake-Norfolk, VA-NC",2010,15111200.0,15219570.657088267,0.5709574628596934,8627852.412765399,8689727.448184954
"Virginia Beach-Chesapeake-Norfolk, VA-NC",2011,12205938.0,15136429.785981307,0.5709574628596934,6969071.39230272,8642257.547357779
"Virginia Beach-Chesapeake-Norfolk, VA-NC",2012,13393499.0,13830064.582925973,0.5709574628596934,7647118.207853841,7896378.585453117
"Virginia Beach-Chesapeake-Norfolk, VA-NC",2013,12111798.0,12123706.98067571,0.5709574628596934,6915321.456749109,6922120.978140958
"Virginia Beach-Chesapeake-Norfolk, VA-NC",2014,11434147.0,12407031.574330881,0.5709574628596934,6528411.561084774,7083887.269300068
"Virginia Beach-Chesapeake-Norfolk, VA-NC",2015,9538699.0,11681729.530242555,0.5709574628596934,5446191.380022295,6669770.654400447
"Virginia Beach-Chesapeake-Norfolk, VA-NC",2016,8613123.0,9516982.737762837,0.5709574628596934,4917726.855378471,5433792.318032568
"Virginia Beach-Chesapeake-Norfolk, VA-NC",2017,6819576.0,8392307.020268543,0.5709574628596934,3893687.8107388564,4791650.323832121
"Virginia Beach-Chesapeake-Norfolk, VA-NC",2018,6241685.0,5828481.421976046,0.5709574628596934,3563736.6315694056,3327814.9650163013
"Virginia Beach-Chesapeake-Norfolk, VA-NC",2019,5381910.0,7150229.523662117,0.5709574628596934,3072841.6789392126,4082476.907694597
"Virginia Beach-Chesapeake-Norfolk, VA-NC",2020,5495900.0,4965798.967748993,0.5709574628596934,3137925.1201305888,2835259.9796972494
"Virginia Beach-Chesapeake-Norfolk, VA-NC",2021,3126077.0,5841894.735712404,0.5709574628596934,1784856.9926240419,3335473.3965957537
"Virginia Beach-Chesapeake-Norfolk, VA-NC",2022,4204319.0,7422921.0641594445,0.5709574628596934,2400487.3092928035,4238172.177800252
"Virginia Beach-Chesapeake-Norfolk, VA-NC",2023,5606068.0,8099751.625046722,0.5709574628596934,3200826.361898916,4624613.637630355
"Washington-Arlington-Alexandria, DC-VA-MD-WV",2006,21908424.0,22135094.746596243,0.6078659087749787,13317384.064587554,13455169.483959982
"Washington-Arlington-Alexandria, DC-VA-MD-WV",2007,26455882.0,27068310.173238497,0.6078659087749787,16081628.7543736,16453902.96245862
"Washington-Arlington-Alexandria, DC-VA-MD-WV",2008,33196636.0,32972693.869235337,0.6078659087749787,20179103.310412172,20042976.523581907
"Washington-Arlington-Alexandria, DC-VA-MD-WV",2009,36853820.0,41870843.12768228,0.6078659087749787,22402180.786129486,25451858.108983163
"Washington-Arlington-Alexandria, DC-VA-MD-WV",2010,37414406.0,43171915.64334824,0.6078659087749787,22742941.904466014,26242735.736100595
"Washington-Arlington-Alexandria, DC-VA-MD-WV",2011,36343458.0,32376206.206693012,0.6078659087749787,22091949.12519527,19680392.008517552
"Washington-Arlington-Alexandria, DC-VA-MD-WV",2012,35035190.0,35554064.90951179,0.6078659087749787,21296697.608454045,21612103.976864964
"Washington-Arlington-Alexandria, DC-VA-MD-WV",2013,33180520.0,34106773.61337415,0.6078659087749787,20169306.943426356,20732344.937876143
"Washington-Arlington-Alexandria, DC-VA-MD-WV",2014,31764683.0,28897594.96996983,0.6078659087749787,19308667.898744117,17565862.827831965
"Washington-Arlington-Alexandria, DC-VA-MD-WV",2015,29165783.0,32340618.730963457,0.6078659087749787,17728885.188428823,19658759.595242202
"Washington-Arlington-Alexandria, DC-VA-MD-WV",2016,25555937.0,26940547.11450404,0.6078659087749787,15534582.869101103,16376240.154653128
"Washington-Arlington-Alexandria, DC-VA-MD-WV",2017,22827696.0,20104170.243751373,0.6078659087749787,13876178.174278947,12220639.715384813
"Washington-Arlington-Alexandria, DC-VA-MD-WV",2018,21893284.0,20802267.481914826,0.6078659087749787,13308180.974728702,12644989.227474343
"Washington-Arlington-Alexandria, DC-VA-MD-WV",2019,21668734.0,23047513.483607043,0.6078659087749787,13171684.68491328,14009797.72871637
"Washington-Arlington-Alexandria, DC-VA-MD-WV",2020,20655098.0,27268744.05436937,0.6078659087749787,12555529.916606246,16575739.885761535
"Washington-Arlington-Alexandria, DC-VA-MD-WV",2021,16079863.0,30333858.497633964,0.6078659087749787,9774400.535472155,18438918.46231588
"Washington-Arlington-Alexandria, DC-VA-MD-WV",2022,16622972.0,29534404.574223004,0.6078659087749787,10104537.981321026,17952957.676637955
"Washington-Arlington-Alexandria, DC-VA-MD-WV",2023,19732364.0,22879278.074505713,0.6078659087749787,11994631.375138674,13907533.15887486
"Wichita, KS",2007,4554042.0,4633297.714954136,0.8958953990654199,4079945.274950683,4150950.105327734
"Wichita, KS",2008,4513862.0,6297167.618281074,0.8958953990654199,4043948.1978162345,5641603.496361762
"Wichita, KS",2009,6056375.0,6338647.104109059,0.8958953990654199,5425878.497514833,5678764.776870654
"Wichita, KS",2010,6267118.0,6125732.364262354,0.8958953990654199,5614682.181600076,5488015.4410487795
"Wichita, KS",2011,5907529.0,5880249.626197518,0.8958953990654199,5292528.050945541,5268088.585466512
"Wichita, KS",2012,5872120.0,5556756.380591897,0.8958953990654199,5260805.290760034,4978272.475099696
"Wichita, KS",2013,5744522.0,4798188.418376678,0.8958953990654199,5146490.829630084,4298674.927872649
"Wichita, KS",2014,5126545.0,4247385.461055768,0.8958953990654199,4592848.078601833,3805213.09261722
"Wichita, KS",2015,4952324.0,4874153.193314966,0.8958953990654199,4436764.286281257,4366731.420230902
"Wichita, KS",2016,3062463.0,4878298.414410984,0.8958953990654199,2743646.511508083,4370445.104738934
"Wichita, KS",2017,2843413.0,3167065.877207693,0.8958953990654199,2547400.624342803,2837359.7479274604
"Wichita, KS",2018,2542170.0,2787287.808747484,0.8958953990654199,2277518.4066421385,2497118.323728007
"Wichita, KS",2019,2957383.0,2909897.059753016,0.8958953990654199,2649505.822974289,2606963.3875867203
"Wichita, KS",2020,3384497.0,2898644.12886505,0.8958953990654199,3032155.2904507164,2596881.9385781907
"Wichita, KS",2021,2217759.0,2850323.7693770276,0.8958953990654199,1986880.0843359267,2553591.9508316843
"Wichita, KS",2022,1880592.0,1959081.213875925,0.8958953990654199,1684813.7203192362,1755131.8459069391
"Wichita, KS",2023,3637405.0,2110466.6754297353,0.8958953990654199,3258734.404037554,1890757.3843983929
"Winston-Salem, NC",2006,5196890.0,5048074.904694056,0.38115568530852917,1980824.169423042,1924102.449787451
"Winston-Salem, NC",2007,6162655.0,5381485.584009484,0.38115568530852917,2348930.9898450337,2051183.8257511053
"Winston-Salem, NC",2008,7667976.0,7152239.279164247,0.38115568530852917,2922692.647209354,2726116.663940429
"Winston-Salem, NC",2009,13194894.0,10364561.80006295,0.38115568530852917,5029308.8651434,3950511.655825597
"Winston-Salem, NC",2010,12532154.0,13238761.948159331,0.38115568530852917,4776701.746262025,5046029.382987149
"Winston-Salem, NC",2011,14048024.0,12580883.339967689,0.38115568530852917,5354484.214950665,4795275.211232042
"Winston-Salem, NC",2012,10451398.0,12254998.857287437,0.38115568530852917,3983609.767122191,4671062.487904635
"Winston-Salem, NC",2013,9081795.0,10115741.747810276,0.38115568530852917,3461577.7970565734,3855672.4782907246
"Winston-Salem, NC",2014,6806153.0,8812691.892256638,0.38115568530852917,2594203.9110297016,3359007.6176059977
"Winston-Salem, NC",2015,4740616.0,5622701.1185612865,0.38115568530852917,1806912.7402645783,2143124.4981302605
"Winston-Salem, NC",2016,3294708.0,3834863.8279274413,0.38115568530852917,1255796.6856314936,1461680.1503985734
"Winston-Salem, NC",2017,4845457.0,4113688.312612921,0.38115568530852917,1846873.4834680099,1567955.6879396648
"Winston-Salem, NC",2018,4977773.0,4349921.760623755,0.38115568530852917,1897306.4791252932,1657997.409709031
"Winston-Salem, NC",2019,5128478.0,4901140.471752767,0.38115568530852917,1954748.5466797152,1868097.555304294
"Winston-Salem, NC",2020,4805244.0,4164175.605591335,0.38115568530852917,1831546.069894698,1587199.2066942246
"Winston-Salem, NC",2021,2396363.0,3382533.658968141,0.38115568530852917,913387.3815130029,1289271.9348631685
"Winston-Salem, NC",2022,3580387.0,4109236.550679219,0.38115568530852917,1364684.8606547487,1566258.8735689942
"Winston-Salem, NC",2023,5230805.0,4064898.3127277847,0.38115568530852917,1993751.0644902808,1549359.1020972426
"Worcester, MA",2006,16031314.0,12779817.61300764,0.48987556482979155,7853349.000713745,6260520.371593837
"Worcester, MA",2007,17180389.0,11172078.480636638,0.48987556482979155,8416252.765370538,5472928.256024633
"Worcester, MA",2008,17942577.0,13124396.984982513,0.48987556482979155,8789630.042377027,6429321.386068722
"Worcester, MA",2009,19957691.0,16446048.13778509,0.48987556482979155,9776785.151323447,8056517.120715412
"Worcester, MA",2010,20816977.0,17002423.207497198,0.48987556482979155,10197728.36592378,8329071.672247847
"Worcester, MA",2011,19996598.0,16260620.007842757,0.48987556482979155,9795844.73992428,7965680.41082458
"Worcester, MA",2012,20661939.0,19100545.78830931,0.48987556482979155,10121779.038103698,9356890.65660532
"Worcester, MA",2013,18022286.0,16872796.962257084,0.48987556482979155,8828677.533774044,8265570.94214408
"Worcester, MA",2014,15457183.0,14629372.12107243,0.48987556482979155,7572096.252802452,7166571.930915562
"Worcester, MA",2015,16433157.0,13770149.530125156,0.48987556482979155,8050202.067311643,6745659.77886075
"Worcester, MA",2016,12602087.0,12128136.415356915,0.48987556482979155,6173454.487159173,5941277.676805733
"Worcester, MA",2017,10278237.0,9818108.94815711,0.48987556482979155,5035057.155829462,4809651.666538894
"Worcester, MA",2018,11077535.0,8954965.515224151,0.48987556482979155,5426613.715046785,4386818.789801736
"Worcester, MA",2019,9323938.0,8578287.088620152,0.48987556482979155,4567569.394187957,4202293.232809905
"Worcester, MA",2021,7052797.0,4591193.1168768285,0.48987556482979155,3454992.9140048595,2249113.3213726874
"Worcester, MA",2022,9595762.0,4976487.285645835,0.48987556482979155,4700729.32972225,2437859.5199240297
"Worcester, MA",2023,8504567.0,4842641.097270848,0.48987556482979155,4166179.562757806,2372291.5427935184
