MSA_Name,Year,Period,Available_SF_Total,Counterfactual_Space_SF,Structural_Gap,Structural_Gap_SF,Market_Category,Structural_Gap_RAW,Structural_Gap_SF_RAW,Market_Category_RAW,RD_Intensity,Adv_Ind_Emp_Share,LQ_AdvInd_Emp,LQ_RD_Intensity,Productivity,Business_Entry_Rate,Business_Exit_Rate,Young_Firm_Share,Mature_Firm_Share,interstate vmt,local vmt,total vmt,patent_count
"Akron, OH",2006,Pre-COVID (2006-2019),12149686.0,11543298.51337655,0.05119827254550913,606387.4866234493,Structurally Balanced,0.05119827254550913,606387.4866234493,Structurally Balanced,0.1330976536578333,0.08250207665751465,0.9662588180025842,0.8548925746538304,112526.59574468085,9.663,9.495,0.2784129628227455,0.3626107367305217,4248.0,3133.0,14417.0,237
"Akron, OH",2007,Pre-COVID (2006-2019),9809002.0,12609376.625517823,-0.2511401783471605,-2800374.625517823,Moderate Structural Deficit,-0.2511401783471605,-2800374.625517823,Moderate Structural Deficit,0.13163608475816893,0.08150234800479973,0.9533441883332717,0.8482121451183343,117526.01651809215,9.389,9.979,0.2773705909299129,0.3754008245533669,4166.0,3130.0,14260.0,186
"Akron, OH",2008,Pre-COVID (2006-2019),12172893.0,11648569.888665002,0.044028178305101306,524323.1113349982,Structurally Balanced,0.044028178305101306,524323.1113349982,Structurally Balanced,0.12402891369818919,0.07852112434401066,0.9133018242978851,0.802115634307943,117281.10011690199,8.236,9.698,0.2702807808975655,0.387726530294781,4008.0,3127.0,13949.0,158
"Akron, OH",2009,Pre-COVID (2006-2019),13694905.0,13432185.960001959,0.019370101622840252,262719.03999804147,Structurally Balanced,0.019370101622840252,262719.03999804147,Structurally Balanced,0.11087204860062456,0.07151299228756085,0.8537947240005355,0.7372693016260973,117765.45517244315,7.577,10.337,0.2588442452377141,0.4033936289418921,,,,193
"Akron, OH",2010,Pre-COVID (2006-2019),14794297.0,13779059.785712378,0.07109173576750294,1015237.2142876219,Structurally Balanced,0.07109173576750294,1015237.2142876219,Structurally Balanced,0.11111428520652943,0.07028483664038457,0.8439885759619651,0.7108145051108608,124630.31770733156,7.395,9.674,0.2488684058925191,0.4157682495267879,4170.481,3127.0,14713.034,216
"Akron, OH",2011,Pre-COVID (2006-2019),14840056.0,15238190.711433025,-0.026474812171493056,-398134.7114330251,Structurally Balanced,-0.026474812171493056,-398134.7114330251,Structurally Balanced,0.1174942489062261,0.07292217725278861,0.8622496482617015,0.7383140358304277,129911.80765030981,8.268,8.281,0.2424417167806244,0.4233462393936897,4133.601595,3127.0,14406.400732,224
"Akron, OH",2012,Pre-COVID (2006-2019),11617695.0,13541495.960923003,-0.15322937908100087,-1923800.960923003,Structurally Balanced,-0.15322937908100087,-1923800.960923003,Structurally Balanced,0.11573544332825256,0.0741729370590469,0.8700535719117302,0.7393590529137798,128119.26549412028,8.133,7.987,0.2378832838773491,0.4339762611275964,4172.620541,3186.0,14515.429235,248
"Akron, OH",2013,Pre-COVID (2006-2019),8970997.0,10151310.429996757,-0.12360598539169132,-1180313.4299967568,Structurally Balanced,-0.12360598539169132,-1180313.4299967568,Structurally Balanced,0.11450424004889934,0.07361316445690903,0.864065127320105,0.7391967789171776,130621.50858052891,7.639,8.29,0.2345198675496689,0.4452814569536424,,,,278
"Akron, OH",2014,Pre-COVID (2006-2019),8009947.0,7938384.070231853,0.008974407385803573,71562.92976814695,Structurally Balanced,0.008974407385803573,71562.92976814695,Structurally Balanced,0.11871960376229686,0.07403527526661435,0.8696935822128367,0.7691539974366091,138946.1060493867,8.168,7.563,0.2271486475308131,0.4533046571263132,4403.581371,3228.0,15140.509458,276
"Akron, OH",2015,Pre-COVID (2006-2019),8262554.0,6493666.673759516,0.24090639668541236,1768887.3262404837,Moderate Structural Surplus,0.24090639668541236,1768887.3262404837,Moderate Structural Surplus,0.12005669673468805,0.07673978857774168,0.8993822276910832,0.8028980504960815,141929.18136787304,8.317,7.71,0.2272463287148427,0.4610470422301502,4287.90124,3294.406,15138.440411,283
"Akron, OH",2016,Pre-COVID (2006-2019),7754277.0,6661785.106951006,0.15185707939390802,1092491.8930489942,Structurally Balanced,0.15185707939390802,1092491.8930489942,Structurally Balanced,0.12150347407382378,0.07589898832316515,0.8954681900820579,0.8389877318810106,147270.90767021943,8.754,7.316,0.2333803635156444,0.4664287492737987,4547.930163,3328.997,15209.037005,276
"Akron, OH",2017,Pre-COVID (2006-2019),7039414.0,6904261.200785804,0.019386141749565766,135152.7992141964,Structurally Balanced,0.019386141749565766,135152.7992141964,Structurally Balanced,0.11907577529898286,0.07519156668518229,0.8910537024966794,0.8183077943618924,149240.87063923004,7.242,9.18,0.2322678586488993,0.4746563211604959,4801.85181,3183.837,15397.95474,269
"Akron, OH",2018,Pre-COVID (2006-2019),6880137.0,6455748.7275733575,0.06366755508749122,424388.2724266425,Structurally Balanced,0.06366755508749122,424388.2724266425,Structurally Balanced,0.11774328941867472,0.07736061385848655,0.9023013851486121,0.8002518468140707,146851.78761302194,6.68,7.704,0.2346297554347826,0.4762228260869565,4870.88054,2376.844,14643.54715,248
"Akron, OH",2019,Pre-COVID (2006-2019),5938135.0,6249624.449640955,-0.051126262874785056,-311489.44964095484,Structurally Balanced,-0.051126262874785056,-311489.44964095484,Structurally Balanced,0.11199968854121312,0.07875130183215208,0.9092843828763172,0.7754996992825895,141363.3992103637,6.933,7.261,0.2316297991355199,0.4875836935333503,4730.17873,2177.389,14463.95235,294
"Akron, OH",2020,COVID (2020),6371741.0,6867265.064517221,-0.07489318400561018,-495524.0645172214,Structurally Balanced,-0.2002351748086486,-1412551.4859312782,Structurally Balanced,0.10419758909810918,0.07783077266922687,0.8631559572942983,0.7499668636690093,138344.11677092643,7.165,8.25,0.238034188034188,0.4862393162393162,3879.95772,2038.0,12688.98821,262
"Akron, OH",2021,COVID (2021),6688913.0,6079481.86529032,0.09553190680115442,609431.1347096805,Structurally Balanced,-0.020100882163674783,-135813.464367426,Structurally Balanced,0.11285258634974484,0.07738916855814015,0.8613247621914563,0.7819781314727619,161250.72077761608,9.74,8.621,0.2514052120592744,0.4775166070516096,4365.0,2226.0,13922.0,265
"Akron, OH",2022,Recovery (2022),5289067.0,6144713.6330639385,-0.14995028051047044,-855646.6330639385,Structurally Balanced,-0.3125134334588875,-1940327.5641326336,Moderate Structural Deficit,0.12023017711376001,0.07913192203163315,0.8716793385359618,0.8120570900118078,178319.88932316276,9.877,8.883,0.2612770943175161,0.4700811783412837,4164.0,2378.0,13698.0,209
"Akron, OH",2023,Recovery (2023),4591307.0,2695519.8429109682,0.5325736556164262,1895787.1570890318,Moderate Structural Surplus,0.3417340807337812,1329012.9237675457,Moderate Structural Surplus,0.11693253302770776,0.07925581751648468,0.8753293152112197,0.8005190444947778,181354.3173022948,8.513,8.752,0.2659547633061465,0.4699403010174052,4299.49329,2522.0,14134.4594,305
"Albany-Schenectady-Troy, NY",2007,Pre-COVID (2006-2019),5726970.0,5757097.9662002865,-0.0052469273794137905,-30127.966200286523,Structurally Balanced,-0.0052469273794137905,-30127.966200286523,Structurally Balanced,0.12913903494731743,0.07402455179995182,0.8658753763548424,0.8321221194964028,135371.3666447343,9.764,9.218,0.3176153154310677,0.3494796351021457,6202.0,1963.0,16339.0,1019
"Albany-Schenectady-Troy, NY",2008,Pre-COVID (2006-2019),6827720.0,8812652.598312054,-0.2551976876333235,-1984932.5983120538,Moderate Structural Deficit,-0.2551976876333235,-1984932.5983120538,Moderate Structural Deficit,0.1448119859041663,0.07855134253637606,0.9136533008011174,0.9365232224122038,145984.3763567053,9.218,9.342,0.3110910730387736,0.3599768130877238,6171.0,1955.0,15932.0,1003
"Albany-Schenectady-Troy, NY",2009,Pre-COVID (2006-2019),7840417.0,9738310.440484742,-0.21677561481478236,-1897893.4404847417,Moderate Structural Deficit,-0.21677561481478236,-1897893.4404847417,Moderate Structural Deficit,0.14850272462602673,0.07875426165881559,0.9402483513272077,0.9875031755658081,162011.3322546155,8.208,9.275,0.3039349593495934,0.3736585365853658,,,,1134
"Albany-Schenectady-Troy, NY",2010,Pre-COVID (2006-2019),8027578.0,9914168.41112884,-0.21108202312341362,-1886590.4111288395,Moderate Structural Deficit,-0.21108202312341362,-1886590.4111288395,Moderate Structural Deficit,0.14615855350538368,0.0781050633554659,0.937894777134934,0.9349978689467695,165392.99070350875,8.776,8.369,0.2934400624755954,0.3833138097097488,6239.092,2007.0,15825.62,1408
"Albany-Schenectady-Troy, NY",2011,Pre-COVID (2006-2019),8671399.0,9602910.724033114,-0.10203611414779168,-931511.7240331136,Structurally Balanced,-0.10203611414779168,-931511.7240331136,Structurally Balanced,0.15461219366784046,0.08292301984619542,0.9805020555999081,0.9715569379621777,167623.9056588141,8.614,8.938,0.2869832146822546,0.3944876232773823,6239.092,2007.0,15825.62,1607
"Albany-Schenectady-Troy, NY",2012,Pre-COVID (2006-2019),7637095.0,8217632.926653041,-0.07326490720235412,-580537.9266530406,Structurally Balanced,-0.07326490720235412,-580537.9266530406,Structurally Balanced,0.15474645355312575,0.08569557239165446,1.0052148642438736,0.9885752199203395,165212.8350719662,8.913,8.595,0.2768141362957188,0.3993373611381797,6064.33599,2034.0,15610.34439,1815
"Albany-Schenectady-Troy, NY",2013,Pre-COVID (2006-2019),7716261.0,8719054.294270525,-0.12218085925969113,-1002793.2942705248,Structurally Balanced,-0.12218085925969113,-1002793.2942705248,Structurally Balanced,0.15639162191666145,0.08799648319719806,1.0328953118435342,1.0096061344196525,168578.22955509016,8.782,8.683,0.2770857661865836,0.4088490982223952,,,,1920
"Albany-Schenectady-Troy, NY",2014,Pre-COVID (2006-2019),6982725.0,7430008.57041992,-0.06208777048383851,-447283.5704199197,Structurally Balanced,-0.06208777048383851,-447283.5704199197,Structurally Balanced,0.15807278328044846,0.08770105401568333,1.030225707354611,1.0241131986046943,178497.0413298377,8.865,8.605,0.2717942055346238,0.4147719890866571,,,,2072
"Albany-Schenectady-Troy, NY",2015,Pre-COVID (2006-2019),6511727.0,7524767.934335391,-0.1445952656513807,-1013040.934335391,Structurally Balanced,-0.1445952656513807,-1013040.934335391,Structurally Balanced,0.1662648336323119,0.08978955839947705,1.0523241535244894,1.1119222369114887,192935.44788715857,8.75,8.139,0.2719917146740889,0.4242993073985371,5664.95326,2062.0,15354.29688,1922
"Albany-Schenectady-Troy, NY",2016,Pre-COVID (2006-2019),5767523.0,5102528.298687155,0.12250653719082294,664994.7013128446,Structurally Balanced,0.12250653719082294,664994.7013128446,Structurally Balanced,0.16694802563863304,0.08991917207218345,1.0608805209143979,1.1527846955838201,198064.37219622787,9.123,7.495,0.2751339627455983,0.4299566215871396,5685.05168,2783.0,16063.27267,1867
"Albany-Schenectady-Troy, NY",2017,Pre-COVID (2006-2019),3997693.0,3935898.116638046,0.015578350881144232,61794.883361953776,Structurally Balanced,0.015578350881144232,61794.883361953776,Structurally Balanced,0.17476541834778267,0.08985104020214009,1.0647750216524274,1.201015938462918,212071.76636740117,8.292,8.643,0.2783136378153944,0.4377515170871925,5791.7673,2885.0,16215.13117,1803
"Albany-Schenectady-Troy, NY",2018,Pre-COVID (2006-2019),2937437.0,3291205.7461320814,-0.11371655339115172,-353768.7461320814,Structurally Balanced,-0.11371655339115172,-353768.7461320814,Structurally Balanced,0.16770956820547114,0.08953852900059682,1.044339421726872,1.1398517261360988,209546.40966149088,8.601,8.494,0.2769535746259112,0.446412584729505,5812.50564,2775.0,16081.72635,1834
"Albany-Schenectady-Troy, NY",2019,Pre-COVID (2006-2019),2852513.0,2869717.90457657,-0.006013373702847602,-17204.904576569796,Structurally Balanced,-0.006013373702847602,-17204.904576569796,Structurally Balanced,0.1712618237863158,0.08870118113961178,1.0241684502541542,1.1858380552192667,228556.6230153296,8.47,7.906,0.2794390728052763,0.4491259524876737,5867.37429,2794.0,16159.68149,2090
"Albany-Schenectady-Troy, NY",2020,COVID (2020),3218704.0,2361042.061377755,0.30987572105202865,857661.9386222451,Moderate Structural Surplus,0.04804666751170217,150991.63284184923,Structurally Balanced,0.18254760626062236,0.09368528863845049,1.03898512408174,1.3138946584326345,257042.78767994215,7.772,8.653,0.2739389233954451,0.4519280538302277,4103.32064,2264.0,12337.59614,2081
"Albany-Schenectady-Troy, NY",2021,COVID (2021),2323304.0,2828872.150355713,-0.19688778828977682,-505568.150355713,Moderate Structural Deficit,-0.5238707512654948,-1599713.2397581963,Moderate Structural Deficit,0.19036161907259305,0.0930561056821902,1.0356943948423487,1.3190537142426115,290035.98083613534,8.051,9.934,0.2680718911061187,0.4611470860314524,4729.0,2755.0,13894.0,1293
"Albany-Schenectady-Troy, NY",2022,Recovery (2022),1922713.0,2203760.929848562,-0.13642820487814689,-281047.929848562,Structurally Balanced,-0.5012363672804394,-1251226.550713257,Moderate Structural Deficit,0.21001135789377784,0.09266370995692977,1.0207390308206536,1.4184559671677601,336205.6848259317,9.686,8.396,0.2719474949639353,0.4582493989213074,5341.0,2466.0,14562.0,1123
"Albany-Schenectady-Troy, NY",2023,Recovery (2023),2421250.0,2517166.1387721756,-0.038849784899325,-95916.13877217565,Structurally Balanced,-0.3575795694485535,-1040809.0221802532,Moderate Structural Deficit,0.22449657529285016,0.09621151664972709,1.0625940608955546,1.5369014874859357,368418.13163061294,8.769,8.646,0.2749481596682219,0.4593053395541731,5780.98143,2637.0,15516.17073,1186
"Albuquerque, NM",2007,Pre-COVID (2006-2019),2695045.0,2669502.109545818,0.009522922611839846,25542.890454181936,Structurally Balanced,0.009522922611839846,25542.890454181936,Structurally Balanced,0.18907790629769614,0.10251687627195187,1.1991540193932915,1.218345082124601,149232.37182161218,11.735,9.825,0.3561989100817438,0.3491825613079019,4864.0,1706.0,15254.0,110
"Albuquerque, NM",2008,Pre-COVID (2006-2019),3132629.0,3158213.932003091,-0.008134068309852083,-25584.93200309109,Structurally Balanced,-0.008134068309852083,-25584.93200309109,Structurally Balanced,0.1415458502433034,0.10184985805089883,1.1846450485710827,0.9154005793184822,111407.32295717973,11.061,11.396,0.3512512855673637,0.3624271511827219,4904.0,1663.0,15540.0,126
"Albuquerque, NM",2009,Pre-COVID (2006-2019),4597016.0,4298047.106874272,0.06724663900375738,298968.8931257278,Structurally Balanced,0.06724663900375738,298968.8931257278,Structurally Balanced,0.18972293425744266,0.09894814058779688,1.1813433850427641,1.2616064824985183,171500.5498221467,8.895,11.591,0.3322268521788262,0.3814534924782823,,,,138
"Albuquerque, NM",2010,Pre-COVID (2006-2019),4707790.0,4526310.597873813,0.0393114133703758,181479.40212618746,Structurally Balanced,0.0393114133703758,181479.40212618746,Structurally Balanced,0.17928188089018313,0.09426103412315139,1.1318975722366484,1.1468926898412093,172458.5220787189,9.014,11.303,0.3125590179414542,0.3931139681847897,4990.168,1592.0,15433.015,172
"Albuquerque, NM",2011,Pre-COVID (2006-2019),4659207.0,4679303.961042442,-0.0043041106128320905,-20096.96104244236,Structurally Balanced,-0.0043041106128320905,-20096.96104244236,Structurally Balanced,0.1572278709111195,0.09528907474513112,1.126721311369379,0.9879934124270383,148025.22785832404,9.473,9.755,0.3012304086714515,0.4071334407499634,4996.159885,1586.0,15167.336742,157
"Albuquerque, NM",2012,Pre-COVID (2006-2019),4875641.0,4857493.970848625,0.0037289219215352887,18147.029151375405,Structurally Balanced,0.0037289219215352887,18147.029151375405,Structurally Balanced,0.13958225987433603,0.09521883281106998,1.1169233535216008,0.8917009733271686,130442.29564218853,9.417,9.376,0.2947414612740437,0.4131500036568419,4877.579618,1584.0,15304.343268,223
"Albuquerque, NM",2013,Pre-COVID (2006-2019),4067831.0,3979123.3875057413,0.02204839292596006,88707.61249425868,Structurally Balanced,0.02204839292596006,88707.61249425868,Structurally Balanced,0.12739583219246087,0.09215701924599254,1.0817313337323349,0.82242010220691,121549.57533628086,9.223,9.076,0.28717424629535,0.4235345645667567,,,,212
"Albuquerque, NM",2014,Pre-COVID (2006-2019),4018512.0,3662852.8724974757,0.09266936771340006,355659.1275025243,Structurally Balanced,0.09266936771340006,355659.1275025243,Structurally Balanced,0.130707263090776,0.09024190620685707,1.0600731393531748,0.8468189811478856,131477.86390744138,9.085,9.202,0.278006771676726,0.4311791550125128,5500.358675,1592.0,16515.323263,263
"Albuquerque, NM",2015,Pre-COVID (2006-2019),3398109.0,3681281.353862073,-0.08004178513161797,-283172.3538620728,Structurally Balanced,-0.08004178513161797,-283172.3538620728,Structurally Balanced,0.12382661977004329,0.089103234127662,1.0442805054516495,0.8281100039974846,128289.98843943966,9.206,9.001,0.2768265682656826,0.4428044280442804,5590.091216,1515.0,16987.992855,244
"Albuquerque, NM",2016,Pre-COVID (2006-2019),3314221.0,3282519.038488803,0.009611476389666862,31701.961511197034,Structurally Balanced,0.009611476389666862,31701.961511197034,Structurally Balanced,0.12449594649562162,0.0872240999042108,1.0290836360057434,0.8596509077203714,134537.62592265912,9.137,8.477,0.2799233490566037,0.4509876179245283,5587.275952,1613.361,17011.228445,271
"Albuquerque, NM",2017,Pre-COVID (2006-2019),2466713.0,2732391.8747044588,-0.10229087503724621,-265678.87470445875,Structurally Balanced,-0.10229087503724621,-265678.87470445875,Structurally Balanced,0.12222201120200807,0.0873920117049916,1.0356344339040302,0.8399292312652619,133199.737830084,8.879,8.571,0.2853161214610532,0.4595863282969048,5547.3221,1011.965,16256.40668,296
"Albuquerque, NM",2018,Pre-COVID (2006-2019),2080374.0,2045645.3718192314,0.01683436029217411,34728.628180768574,Structurally Balanced,0.01683436029217411,34728.628180768574,Structurally Balanced,0.1244845617586402,0.08910405467929332,1.0392718975389077,0.8460694527818411,137494.48431092888,8.369,9.044,0.2836952521163047,0.4643356643356643,5822.41906,1019.448,16527.64473,272
"Albuquerque, NM",2019,Pre-COVID (2006-2019),1415968.0,2024052.8934725656,-0.3572884880762608,-608084.8934725656,Moderate Structural Deficit,-0.3572884880762608,-608084.8934725656,Moderate Structural Deficit,0.129075224099096,0.09262868955051635,1.0695165521720436,0.8937328199519795,140758.0058675807,9.274,8.123,0.2910507536590694,0.4675598922303939,6036.51001,1057.814,16918.67776,298
"Albuquerque, NM",2020,COVID (2020),1508283.0,1656222.3842790427,-0.09356741920930922,-147939.38427904272,Structurally Balanced,-0.5068960313472779,-995663.1542390953,Moderate Structural Deficit,0.1334725881609985,0.09967965110743315,1.1054635810960758,0.9606749944534546,145320.09959233954,8.968,9.235,0.294139167337382,0.4670373893319675,5280.12555,808.0,14190.1983,275
"Albuquerque, NM",2021,COVID (2021),1246338.0,1643268.2706622663,-0.276477455077103,-396930.2706622663,Moderate Structural Deficit,-0.7279328969555632,-1334573.287019954,Significant Structural Deficit,0.13899292154120005,0.09919341033462893,1.1040012725197714,0.9631097397970583,159152.87068430107,9.977,10.098,0.3026142836278662,0.4607857455820067,6032.0,919.0,16084.0,228
"Albuquerque, NM",2022,Recovery (2022),1317178.0,1477756.035904771,-0.11503317595237839,-160578.03590477095,Structurally Balanced,-0.5554396598543043,-978277.3401790182,Moderate Structural Deficit,0.13988377361316834,0.09888306296654284,1.0892484436891292,0.9448011544780426,170834.00191865588,11.113,9.69,0.3132590370052864,0.4517073867695385,5807.0,931.0,15969.0,213
"Albuquerque, NM",2023,Recovery (2023),1984652.0,1660580.8479331057,0.17827613435002299,324071.15206689434,Moderate Structural Surplus,-0.1801950120198761,-391871.2395653776,Structurally Balanced,0.1412520487185213,0.10014406691993848,1.1060265386987373,0.9670102250011704,179193.1586104938,10.8,9.419,0.3219598167077899,0.4474444836094466,5307.78871,1005.0,16306.50503,247
"Allentown-Bethlehem-Easton, PA-NJ",2006,Pre-COVID (2006-2019),8122125.0,8475788.561450057,-0.042621875093233896,-353663.56145005673,Structurally Balanced,-0.042621875093233896,-353663.56145005673,Structurally Balanced,0.14667544837472768,0.0832049466554756,0.9744907845294216,0.9421033974192539,126206.16645032956,10.334,8.497,0.2919042982334122,0.3535957713172903,2965.0,1292.0,13492.0,436
"Allentown-Bethlehem-Easton, PA-NJ",2007,Pre-COVID (2006-2019),12710660.0,10478228.006195588,0.1931414302508152,2232431.993804412,Moderate Structural Surplus,0.1931414302508152,2232431.993804412,Structurally Balanced,0.14147605686322798,0.08169710345442563,0.9556222696473972,0.9116171291124268,131895.3737844374,10.577,9.318,0.2930377554554901,0.3627294769657083,2879.0,1365.0,13743.0,364
"Allentown-Bethlehem-Easton, PA-NJ",2008,Pre-COVID (2006-2019),13061076.0,12937265.570021246,0.00952455875864544,123810.42997875437,Structurally Balanced,0.00952455875864544,123810.42997875437,Structurally Balanced,0.15073951407188538,0.08306193579477639,0.966117310785419,0.9748575339397391,143090.03147104362,8.963,9.123,0.2908925827629557,0.3744936443637379,2819.0,1379.0,13465.0,376
"Allentown-Bethlehem-Easton, PA-NJ",2009,Pre-COVID (2006-2019),14498127.0,15617439.890669353,-0.07436876286431371,-1119312.8906693533,Structurally Balanced,-0.07436876286431371,-1119312.8906693533,Structurally Balanced,0.14449527882021945,0.08117697780693225,0.9691731969929471,0.9608547388512066,144128.4577220973,7.356,9.956,0.2802233197337341,0.3930999928423162,,,,400
"Allentown-Bethlehem-Easton, PA-NJ",2010,Pre-COVID (2006-2019),11226227.0,14898833.265870614,-0.28303016835018724,-3672606.265870614,Moderate Structural Deficit,-0.28303016835018724,-3672606.265870614,Moderate Structural Deficit,0.1460429204953839,0.07914810755785559,0.9504197744618033,0.9342581474912905,153219.78158806424,7.835,9.0,0.2679738562091503,0.4075526506899056,3093.469,1471.0,13545.977,452
"Allentown-Bethlehem-Easton, PA-NJ",2011,Pre-COVID (2006-2019),11080526.0,13121938.70961829,-0.16909638698427187,-2041412.709618291,Structurally Balanced,-0.16909638698427187,-2041412.709618291,Structurally Balanced,0.14740623221082114,0.0797335608456562,0.9427891127755783,0.9262758919969695,154937.78825016881,8.151,8.643,0.2593866647149235,0.4156481007099465,3140.093134,1468.0,13590.365206,396
"Allentown-Bethlehem-Easton, PA-NJ",2012,Pre-COVID (2006-2019),12049787.0,11074990.06302108,0.08435756474523615,974796.9369789194,Structurally Balanced,0.08435756474523615,974796.9369789194,Structurally Balanced,0.14680120722354023,0.0810362409657038,0.9505605912623173,0.9378181689040151,153875.8443565142,8.377,7.866,0.2552742616033755,0.4206314564236869,3291.038058,1747.0,13912.652492,367
"Allentown-Bethlehem-Easton, PA-NJ",2013,Pre-COVID (2006-2019),11945929.0,13166881.991475957,-0.09731418600779662,-1220952.9914759565,Structurally Balanced,-0.09731418600779662,-1220952.9914759565,Structurally Balanced,0.14919917126149723,0.07859916077336541,0.9225903323398996,0.9631743485351503,167521.3136246878,8.139,8.459,0.2465163784927409,0.4289049390822207,,,,319
"Allentown-Bethlehem-Easton, PA-NJ",2014,Pre-COVID (2006-2019),9813506.0,12979084.93340794,-0.27957961044774393,-3165578.93340794,Moderate Structural Deficit,-0.27957961044774393,-3165578.93340794,Moderate Structural Deficit,0.149194434142126,0.07859254462369944,0.9232278994420102,0.9665926416455299,172056.859667378,8.389,8.395,0.2405221089682481,0.4348463738358876,3526.435714,1610.0,13977.40322,294
"Allentown-Bethlehem-Easton, PA-NJ",2015,Pre-COVID (2006-2019),12221240.0,8750105.866062555,0.33410962231559616,3471134.1339374445,Moderate Structural Surplus,0.33410962231559616,3471134.1339374445,Moderate Structural Surplus,0.15024554801691622,0.077552460365862,0.9089066553280046,1.0047907437023729,182963.05046971535,7.849,8.027,0.2403221040189125,0.4431146572104019,3217.720899,1753.216,13947.947836,217
"Allentown-Bethlehem-Easton, PA-NJ",2016,Pre-COVID (2006-2019),10352984.0,9698954.076711778,0.06525673478456184,654029.9232882224,Structurally Balanced,0.06525673478456184,654029.9232882224,Structurally Balanced,0.1454865227990278,0.07565687374814066,0.8926116842829748,1.0045919156866947,185724.623022844,8.703,7.121,0.25063696585863,0.453592487442673,3277.419716,1762.072,14182.282786,209
"Allentown-Bethlehem-Easton, PA-NJ",2017,Pre-COVID (2006-2019),11185375.0,10984069.340549279,0.018161140110827034,201305.659450721,Structurally Balanced,0.018161140110827034,201305.659450721,Structurally Balanced,0.15084152881500676,0.07530262349405513,0.8923697753635732,1.0366071388815756,195821.09191996162,7.919,7.725,0.2544714264941108,0.4610295186854733,3358.53591,1765.535,14358.7097,235
"Allentown-Bethlehem-Easton, PA-NJ",2018,Pre-COVID (2006-2019),9447154.0,7880735.091530109,0.18129234687937945,1566418.9084698912,Moderate Structural Surplus,0.18129234687937945,1566418.9084698912,Structurally Balanced,0.149951098431409,0.07850956955678601,0.9157023170484856,1.0191548413841165,189454.75436557244,7.393,8.174,0.2552444996710766,0.4686791901176814,3395.73303,1894.378,14549.79798,229
"Allentown-Bethlehem-Easton, PA-NJ",2019,Pre-COVID (2006-2019),11029342.0,8248853.904769697,0.29048490593866205,2780488.095230303,Moderate Structural Surplus,0.29048490593866205,2780488.095230303,Moderate Structural Surplus,0.1542437144499248,0.08000265176979737,0.923732816481126,1.0680025608118595,196578.19095217134,8.303,7.839,0.2608094336875819,0.4721939146891833,3063.71845,1922.157,14358.4051,295
"Allentown-Bethlehem-Easton, PA-NJ",2020,COVID (2020),14529189.0,6963302.307517291,0.7355058291782619,7565886.692482709,Significant Structural Surplus,0.7749105020394254,7834937.597812651,Significant Structural Surplus,0.150478783250203,0.08208640229912992,0.9103515836656306,1.0830778533332812,195746.12389910567,8.204,8.11,0.2627599243856333,0.4727352043042024,2683.61402,1917.0,12188.47196,320
"Allentown-Bethlehem-Easton, PA-NJ",2021,COVID (2021),10801835.0,7405548.554459563,0.377486503201208,3396286.4455404365,Moderate Structural Surplus,0.3576422681594398,3247861.177168889,Moderate Structural Surplus,0.15173996457534727,0.08257178735604398,0.9190061921228281,1.0514365492753408,204498.4552674571,9.353,9.805,0.2706348042808972,0.4675267556076821,3206.0,1867.0,14576.0,259
"Allentown-Bethlehem-Easton, PA-NJ",2022,Recovery (2022),9775088.0,5455873.662646595,0.5831443437886659,4319214.337353405,Significant Structural Surplus,0.5433377408953923,4097654.0147730997,Moderate Structural Surplus,0.15903177701563825,0.08380733874759863,0.9231814889415035,1.0741303486605764,219881.0382231245,9.895,9.202,0.2802835051546392,0.4579037800687285,3072.0,2122.0,14803.0,286
"Allentown-Bethlehem-Easton, PA-NJ",2023,Recovery (2023),12611225.0,4477986.522816141,1.0354137818529914,8133238.477183859,Significant Structural Surplus,1.0465229969174317,8182710.088345045,Significant Structural Surplus,0.16014747306056443,0.08364090541195958,0.9237597788032291,1.0963681260741893,232166.68089413544,8.99,8.616,0.2775222765162403,0.4600459902270767,2993.13327,1595.0,14459.79873,326
"Atlanta-Sandy Springs-Roswell, GA",2006,Pre-COVID (2006-2019),77004348.0,70478764.58326156,0.08855043493196035,6525583.416738436,Structurally Balanced,0.08855043493196035,6525583.416738436,Structurally Balanced,0.102041115531985,0.07209844584136646,0.8444121879222616,0.6554149497026356,133770.93250548674,15.574,11.198,0.4479155480143474,0.2800103094997744,42841.0,25296.0,127224.0,662
"Atlanta-Sandy Springs-Roswell, GA",2007,Pre-COVID (2006-2019),84726789.0,91429174.5240327,-0.0761327909897993,-6702385.524032697,Structurally Balanced,-0.0761327909897993,-6702385.524032697,Structurally Balanced,0.10265752499098975,0.07360699261519996,0.8609911290685565,0.6614854858765677,135911.01323251813,15.095,12.057,0.4510438260359737,0.2876018175346022,42633.0,24608.0,126530.0,731
"Atlanta-Sandy Springs-Roswell, GA",2008,Pre-COVID (2006-2019),101699134.0,97664873.89045487,0.04047682366730143,4034260.1095451266,Structurally Balanced,0.04047682366730143,4034260.1095451266,Structurally Balanced,0.09960192860292132,0.07313142588493211,0.8506126883970004,0.6441422548780503,131680.55030338452,12.997,13.606,0.4405899680010172,0.3027082582805315,40669.0,29521.0,127008.0,707
"Atlanta-Sandy Springs-Roswell, GA",2009,Pre-COVID (2006-2019),117755225.0,125089384.52012119,-0.06042045233304805,-7334159.520121187,Structurally Balanced,-0.06042045233304805,-7334159.520121187,Structurally Balanced,0.09950164732022508,0.07094687372608595,0.8470358257152778,0.6616591914403874,141529.46801647474,11.303,15.163,0.419020007082153,0.3238867740793201,,,,812
"Atlanta-Sandy Springs-Roswell, GA",2010,Pre-COVID (2006-2019),120156439.0,112354430.82747538,0.06713611652023843,7802008.172524616,Structurally Balanced,0.06713611652023843,7802008.172524616,Structurally Balanced,0.10233877911354335,0.07022757409483008,0.8433009605873178,0.6546762956179135,152495.03199342347,11.26,13.451,0.3997604871600781,0.3383909708178459,40605.274,36183.0,134780.024,1219
"Atlanta-Sandy Springs-Roswell, GA",2011,Pre-COVID (2006-2019),115449352.0,100176944.35691327,0.1418938570291779,15272407.643086731,Structurally Balanced,0.1418938570291779,15272407.643086731,Structurally Balanced,0.1024491603023291,0.07106593556668504,0.8403009928426081,0.6437732375362488,155365.35294199982,11.96,12.02,0.3888259549594454,0.3478861751778513,39709.5042,32517.0,129640.6882,2020
"Atlanta-Sandy Springs-Roswell, GA",2012,Pre-COVID (2006-2019),107638500.0,100755780.3606889,0.0660788179334908,6882719.639311105,Structurally Balanced,0.0660788179334908,6882719.639311105,Structurally Balanced,0.1010935077644536,0.07149207960412343,0.8386069325183686,0.6458211763570628,153898.98021585707,12.448,11.322,0.3823331915750834,0.3543210152875081,39643.317,32790.0,129742.1089,2448
"Atlanta-Sandy Springs-Roswell, GA",2013,Pre-COVID (2006-2019),95671284.0,95668796.4078841,2.6001788132390402e-05,2487.59211589396,Structurally Balanced,2.6001788132390402e-05,2487.59211589396,Structurally Balanced,0.09927214402707497,0.07085643795680971,0.8317069037351187,0.6408640332417221,155184.9661544348,11.765,10.475,0.3723091868500651,0.3627602499282449,,,,3007
"Atlanta-Sandy Springs-Roswell, GA",2014,Pre-COVID (2006-2019),81143491.0,81400381.79961075,-0.0031608821553561484,-256890.7996107489,Structurally Balanced,-0.0031608821553561484,-256890.7996107489,Structurally Balanced,0.09893707452653054,0.07128358499448233,0.8373694318494777,0.6409880420349915,157830.13452155644,11.892,10.311,0.3641870397001787,0.3718133089292718,44085.488,40507.0,148462.1137,3468
"Atlanta-Sandy Springs-Roswell, GA",2015,Pre-COVID (2006-2019),74586898.0,71051982.06082226,0.04855311090009806,3534915.9391777366,Structurally Balanced,0.04855311090009806,3534915.9391777366,Structurally Balanced,0.09860366726414312,0.07282694765288505,0.8535241447745099,0.6594275402487444,159591.5616638726,12.111,10.176,0.3674522456305286,0.3799410281611897,45204.439,42107.647,154312.62635,2855
"Atlanta-Sandy Springs-Roswell, GA",2016,Pre-COVID (2006-2019),66387575.0,65912462.03281562,0.007182386646242378,475112.9671843797,Structurally Balanced,0.007182386646242378,475112.9671843797,Structurally Balanced,0.09935023007982792,0.07270456052855935,0.8577798290277062,0.6860184437680104,166866.959262854,12.162,9.467,0.3743889091572419,0.3876166154166884,46278.523,42896.727,158140.96239,2949
"Atlanta-Sandy Springs-Roswell, GA",2017,Pre-COVID (2006-2019),59137186.0,62579012.3492014,-0.05657002462116978,-3441826.3492014036,Structurally Balanced,-0.05657002462116978,-3441826.3492014036,Structurally Balanced,0.09987751083875479,0.07383989357539714,0.875035771468829,0.6863742469499216,171013.5016278661,11.802,9.733,0.3798490003167111,0.3930589184826473,47940.1097,42862.0,163266.94766,3049
"Atlanta-Sandy Springs-Roswell, GA",2018,Pre-COVID (2006-2019),54593807.0,67609751.61709912,-0.2138317759266819,-13015944.617099121,Moderate Structural Deficit,-0.2138317759266819,-13015944.617099121,Moderate Structural Deficit,0.09867461502760431,0.07521620366190075,0.877289894233537,0.6706500497767103,170705.30034423448,11.265,10.109,0.3820205548195431,0.3982596651812597,46516.42265,39483.251,163608.09693,3067
"Atlanta-Sandy Springs-Roswell, GA",2019,Pre-COVID (2006-2019),58028925.0,64450503.94272323,-0.10495595535142499,-6421578.9427232295,Structurally Balanced,-0.10495595535142499,-6421578.9427232295,Structurally Balanced,0.10275681948063559,0.07596670078488128,0.8771326065130389,0.7115009304436152,181731.4295864911,11.637,9.693,0.3874777161655061,0.4018181639105297,48758.85107,42207.007,174768.01852,3607
"Atlanta-Sandy Springs-Roswell, GA",2020,COVID (2020),59430685.0,91239332.68892492,-0.42867540811246485,-31808647.688924924,Moderate Structural Deficit,-0.10772974444639871,-6760044.801258571,Structurally Balanced,0.10655979086642384,0.07882260127278413,0.8741554982009996,0.766968917813163,186896.93972948828,11.737,10.497,0.3905402642416925,0.3991860499079925,42636.9074,37137.0,153662.37593,3590
"Atlanta-Sandy Springs-Roswell, GA",2021,COVID (2021),53756514.0,84281159.97788858,-0.4496935018614643,-30524645.977888584,Moderate Structural Deficit,-0.14880352461099733,-8624962.164922126,Structurally Balanced,0.10883013619556518,0.08003029342288359,0.8907199125519882,0.7541057702159315,196198.1522674642,14.97,10.555,0.4148845402251396,0.3794530225047936,46682.0,37010.0,152973.0,3001
"Atlanta-Sandy Springs-Roswell, GA",2022,Recovery (2022),56839285.0,76107691.953423,-0.2919216126970454,-19268406.953422993,Moderate Structural Deficit,0.020113449121005544,1131813.5734728873,Structurally Balanced,0.1095628693647001,0.08110071680201478,0.8933666384156903,0.7400080995094841,207479.13669993103,13.73,11.885,0.4145229333093977,0.3765101875953685,47954.0,27242.0,140554.0,2935
"Atlanta-Sandy Springs-Roswell, GA",2023,Recovery (2023),76271152.0,59325457.668537736,0.25125626340677343,16945694.331462264,Moderate Structural Surplus,0.6220652369435626,35326158.52535004,Significant Structural Surplus,0.11245227477625867,0.08135534540021559,0.8985172446569137,0.7698472377556729,221434.0162602653,12.557,11.087,0.4091716396703609,0.3792536942313157,48929.14819,38449.0,159659.93316,2684
"Augusta-Richmond County, GA-SC",2007,Pre-COVID (2006-2019),7968218.0,7432977.85974333,0.06953431225050188,535240.1402566703,Structurally Balanced,0.06953431225050188,535240.1402566703,Structurally Balanced,0.12210294612894078,0.0563515756429557,0.6591521404938029,0.7867842776664632,152614.13373743277,11.187,9.649,0.334652278177458,0.3484412470023981,1520.0,1610.0,9158.0,25
"Augusta-Richmond County, GA-SC",2008,Pre-COVID (2006-2019),8505085.0,7468739.612864088,0.12993796153440407,1036345.3871359117,Structurally Balanced,0.12993796153440407,1036345.3871359117,Structurally Balanced,0.12841397577086588,0.05864376301220189,0.6821025066845233,0.8304745607955506,157952.91214875478,9.792,10.243,0.3241512625347348,0.3618460794974024,1390.0,1658.0,9044.0,22
"Augusta-Richmond County, GA-SC",2009,Pre-COVID (2006-2019),8905655.0,9023114.227015842,-0.013103064251033913,-117459.22701584175,Structurally Balanced,-0.013103064251033913,-117459.22701584175,Structurally Balanced,0.13819038179550222,0.05973904821707609,0.7132254231434961,0.9189288694827972,179189.60960507437,8.108,11.129,0.3072813121272366,0.3783548707753479,,,,21
"Augusta-Richmond County, GA-SC",2010,Pre-COVID (2006-2019),9113741.0,8846973.438620241,0.029707858425991773,266767.56137975864,Structurally Balanced,0.029707858425991773,266767.56137975864,Structurally Balanced,0.14518661674115232,0.0608517884808974,0.7307154253983381,0.9287802458141359,192102.07727400234,8.136,9.568,0.2887843336724313,0.3935656154628688,1703.641,2280.0,9888.742,21
"Augusta-Richmond County, GA-SC",2011,Pre-COVID (2006-2019),8764372.0,9812007.66278346,-0.11291204015242151,-1047635.6627834607,Structurally Balanced,-0.11291204015242151,-1047635.6627834607,Structurally Balanced,0.15880558850677043,0.06416981664037766,0.7587595970342154,0.9979075235966446,204641.55740739446,8.452,8.986,0.2733367715317173,0.4061371841155234,1777.74713,2146.0,9831.06978,27
"Augusta-Richmond County, GA-SC",2012,Pre-COVID (2006-2019),7517715.0,7891308.650241454,-0.04849974758020181,-373593.65024145413,Structurally Balanced,-0.04849974758020181,-373593.65024145413,Structurally Balanced,0.16461672790988388,0.06612379572826395,0.7756365993157143,1.0516300326082206,208101.96764201522,8.186,8.68,0.2684633324695517,0.410339466182949,1748.41713,2173.0,9880.15334,26
"Augusta-Richmond County, GA-SC",2013,Pre-COVID (2006-2019),6914940.0,7741579.393902182,-0.11292143455525228,-826639.3939021816,Structurally Balanced,-0.11292143455525228,-826639.3939021816,Structurally Balanced,0.16337868534828692,0.06500057781874767,0.7629713104062219,1.0547120167917106,214699.48179387525,8.061,8.808,0.2591820786663193,0.4232873144047929,,,,29
"Augusta-Richmond County, GA-SC",2014,Pre-COVID (2006-2019),4952918.0,7259964.359615256,-0.3823980218345504,-2307046.359615256,Moderate Structural Deficit,-0.3823980218345504,-2307046.359615256,Moderate Structural Deficit,0.16335902765132165,0.0646406488947702,0.7593347534861644,1.0583614260282357,219457.63285187565,8.242,8.097,0.252814873003404,0.4330976695470018,1996.2142,2168.0,10673.384688,27
"Augusta-Richmond County, GA-SC",2015,Pre-COVID (2006-2019),4705686.0,5145196.832868861,-0.08929206092444275,-439510.83286886103,Structurally Balanced,-0.08929206092444275,-439510.83286886103,Structurally Balanced,0.16253725765589988,0.06523745135530987,0.7645760486997933,1.0869934860301353,225067.59691963403,8.497,7.596,0.250814756876548,0.4419241298396558,2076.15181,2418.131,10995.836398,23
"Augusta-Richmond County, GA-SC",2016,Pre-COVID (2006-2019),7171027.0,5651725.77451279,0.23808793472320744,1519301.2254872099,Moderate Structural Surplus,0.23808793472320744,1519301.2254872099,Moderate Structural Surplus,0.19260128576343513,0.078661206400499,0.9280572729798489,1.329921774926789,227819.76542253332,8.831,7.216,0.2638084202394747,0.4506244367194541,2235.87425,2459.379,11473.253953,29
"Augusta-Richmond County, GA-SC",2017,Pre-COVID (2006-2019),7971247.0,6360375.381712524,0.22575354440262885,1610871.6182874758,Moderate Structural Surplus,0.22575354440262885,1610871.6182874758,Moderate Structural Surplus,0.19019762396682244,0.08349521962550627,0.9894557045150947,1.3070685264939237,219862.4353848138,7.889,7.666,0.2663593289793827,0.4574209245742092,2274.33585,2504.117,11646.64117,28
"Augusta-Richmond County, GA-SC",2018,Pre-COVID (2006-2019),6316476.0,6914115.4114404665,-0.09040357607895366,-597639.4114404665,Structurally Balanced,-0.09040357607895366,-597639.4114404665,Structurally Balanced,0.16872940630362923,0.06712088796299992,0.7828695658000621,1.1467831387501999,250465.9232925246,7.999,7.888,0.2689804772234273,0.4602526476968228,2208.83735,3670.125,13563.34879,25
"Augusta-Richmond County, GA-SC",2019,Pre-COVID (2006-2019),4179829.0,5909915.959612204,-0.34636127467616973,-1730086.9596122038,Moderate Structural Deficit,-0.34636127467616973,-1730086.9596122038,Moderate Structural Deficit,0.16075968047936545,0.06248024401945352,0.7214142344754932,1.1131199157097473,271143.3120610177,8.568,7.113,0.2754098360655738,0.4648171500630517,2403.68389,2902.71,12737.6547,25
"Augusta-Richmond County, GA-SC",2020,COVID (2020),5044829.0,4140570.1432680157,0.19753026416513642,904258.8567319843,Moderate Structural Surplus,0.025517841381075712,127104.53252358548,Structurally Balanced,0.16573606487586603,0.06631290144553639,0.735420887718048,1.1928928284008853,281033.09540073574,8.877,7.424,0.2818532818532818,0.4628222692738822,2144.1248,2120.0,10589.12757,28
"Augusta-Richmond County, GA-SC",2021,COVID (2021),4132029.0,4542270.103877592,-0.09465834033820641,-410241.1038775919,Structurally Balanced,-0.3065629909178842,-1482353.2287501981,Moderate Structural Deficit,0.17157807514358717,0.06760911496172192,0.7524748740856539,1.1888987832911884,294897.97756587324,9.938,8.293,0.2989501953125,0.4521484375,2388.0,2764.0,11975.0,19
"Augusta-Richmond County, GA-SC",2022,Recovery (2022),4078201.0,4072354.9087073137,0.0014345260275998584,5846.091292686295,Structurally Balanced,-0.2130908852101392,-968560.9772663275,Moderate Structural Deficit,0.1819761288123952,0.07493323713308359,0.8254286374140358,1.2291007895229584,294387.66815427056,10.21,8.943,0.3049424184261036,0.4458973128598848,2413.0,1519.0,10789.0,22
"Augusta-Richmond County, GA-SC",2023,Recovery (2023),3646379.0,4065912.367584706,-0.10890354209829312,-419533.3675847058,Structurally Balanced,-0.34579818777092264,-1506382.6216155328,Moderate Structural Deficit,0.176849214239925,0.074220719169129,0.8197199060029269,1.2107080924130071,297929.0039472127,10.212,8.539,0.3112905140686216,0.4424789267481895,2478.29601,2986.0,12958.26375,18
"Austin-Round Rock-San Marcos, TX",2006,Pre-COVID (2006-2019),8546264.0,11511850.541253598,-0.2978827582454855,-2965586.5412535984,Moderate Structural Deficit,-0.2978827582454855,-2965586.5412535984,Moderate Structural Deficit,0.2776746891355856,0.11579127939815152,1.356139739739193,1.7835177659974617,216745.6315452747,15.45,10.322,0.4201383831026948,0.3029861616897305,3684.0,1702.0,21617.0,1198
"Austin-Round Rock-San Marcos, TX",2007,Pre-COVID (2006-2019),9429035.0,9357441.078604395,0.0076218943552248675,71593.92139560543,Structurally Balanced,0.0076218943552248675,71593.92139560543,Structurally Balanced,0.23042653101536767,0.11523277111264313,1.3478935924558506,1.4847796675492686,180034.83671081634,15.047,10.27,0.424364592462752,0.3094127957931639,4050.0,1760.0,22702.0,1188
"Austin-Round Rock-San Marcos, TX",2008,Pre-COVID (2006-2019),11435257.0,10266256.503038237,0.10783885256949333,1169000.4969617631,Structurally Balanced,0.10783885256949333,1169000.4969617631,Structurally Balanced,0.23787723872962072,0.11474734405323281,1.334659424870402,1.5383917067542408,192309.26716395063,13.447,10.872,0.4276437213753503,0.3174174584728963,5356.0,1769.0,28487.0,1190
"Austin-Round Rock-San Marcos, TX",2009,Pre-COVID (2006-2019),12755218.0,15940672.89518812,-0.22293344393932912,-3185454.8951881193,Moderate Structural Deficit,-0.22293344393932912,-3185454.8951881193,Moderate Structural Deficit,0.21850243406229553,0.10823666675518599,1.2922392430089422,1.4529824152974433,189278.25446914646,11.661,11.373,0.4142219496405329,0.3301304984837643,,,,1287
"Austin-Round Rock-San Marcos, TX",2010,Pre-COVID (2006-2019),12618313.0,14720655.887629867,-0.15410249841772483,-2102342.8876298666,Structurally Balanced,-0.15410249841772483,-2102342.8876298666,Structurally Balanced,0.23852406018389702,0.10647676285469064,1.2785854780394423,1.5258736667523183,222700.54653242428,12.3,10.399,0.4028509139694785,0.3387221197383867,5507.174,2002.0,29272.263,1511
"Austin-Round Rock-San Marcos, TX",2011,Pre-COVID (2006-2019),11802062.0,14123053.047259739,-0.17953416820185097,-2320991.0472597387,Moderate Structural Deficit,-0.17953416820185097,-2320991.0472597387,Structurally Balanced,0.23557562708567192,0.10939895535539133,1.2935599885942315,1.4803174929499858,220666.32122012865,12.685,10.287,0.4025216964139512,0.341280497789422,5462.57945,1889.0,29015.5577,1522
"Austin-Round Rock-San Marcos, TX",2012,Pre-COVID (2006-2019),11044689.0,12877428.101287156,-0.15352634022180212,-1832739.1012871563,Structurally Balanced,-0.15352634022180212,-1832739.1012871563,Structurally Balanced,0.21633055621862796,0.11145550454776222,1.3073806119313818,1.3819963060794793,200554.03110289495,12.837,9.967,0.4015098648734378,0.342162024995242,5557.65672,1898.0,30042.356545,1533
"Austin-Round Rock-San Marcos, TX",2013,Pre-COVID (2006-2019),9190451.0,9829451.557926284,-0.06721812967456131,-639000.5579262841,Structurally Balanced,-0.06721812967456131,-639000.5579262841,Structurally Balanced,0.21518495476533525,0.11502908462848946,1.3502017117225327,1.3891540205502055,195035.48215378379,13.019,9.479,0.4044248329962616,0.3431697003125574,,,,1660
"Austin-Round Rock-San Marcos, TX",2014,Pre-COVID (2006-2019),9409924.0,9166175.764392436,0.026244715455291612,243748.23560756445,Structurally Balanced,0.026244715455291612,243748.23560756445,Structurally Balanced,0.22486716964413128,0.12191920956163839,1.4321869368672868,1.4568569717461253,197225.93682030216,12.943,9.135,0.4029389245538606,0.3464868366806055,7056.877684,1547.0,34008.257632,1809
"Austin-Round Rock-San Marcos, TX",2015,Pre-COVID (2006-2019),7100325.0,8892440.766995832,-0.2250610061638234,-1792115.7669958323,Moderate Structural Deficit,-0.2250610061638234,-1792115.7669958323,Moderate Structural Deficit,0.23412848289113614,0.12442622896788781,1.458262279143133,1.5657710697664469,208920.64317684152,13.103,9.466,0.4080552948203771,0.3490343317120346,7119.427866,2265.0,38900.210935,2010
"Austin-Round Rock-San Marcos, TX",2016,Pre-COVID (2006-2019),8330627.0,8277154.961682314,0.006439417763793642,53472.03831768595,Structurally Balanced,0.006439417763793642,53472.03831768595,Structurally Balanced,0.21880578887771499,0.11986846603490275,1.4142269969549282,1.5108652154374744,206280.91183403827,13.692,9.03,0.4169103380427951,0.3479900527423277,7282.732168,2264.144,40312.27386,2228
"Austin-Round Rock-San Marcos, TX",2017,Pre-COVID (2006-2019),9337179.0,8629976.434837362,0.07876239787617578,707202.5651626382,Structurally Balanced,0.07876239787617578,707202.5651626382,Structurally Balanced,0.2106084652758679,0.12092876867525049,1.4330600068169757,1.4473350961697313,202346.66133267587,12.821,10.47,0.4183004794885455,0.3515450186467768,7301.95216,2300.0,39826.60203,2414
"Austin-Round Rock-San Marcos, TX",2018,Pre-COVID (2006-2019),10440325.0,9769750.992126314,0.06638473349635632,670574.007873686,Structurally Balanced,0.06638473349635632,670574.007873686,Structurally Balanced,0.2241582326638763,0.12628426395296577,1.4729260873714474,1.523509667119883,216913.43891797934,12.517,9.493,0.4228407801052523,0.3515633061603549,7427.87244,2563.0,42106.70656,2132
"Austin-Round Rock-San Marcos, TX",2019,Pre-COVID (2006-2019),11111689.0,9595868.190894304,0.1466650082547325,1515820.8091056962,Structurally Balanced,0.1466650082547325,1515820.8091056962,Structurally Balanced,0.22212183535798416,0.1304123409589421,1.505777075546625,1.5379990673887263,219441.6197609124,12.536,9.227,0.428503740648379,0.352219451371571,7721.43978,2587.0,43452.22687,2391
"Austin-Round Rock-San Marcos, TX",2020,COVID (2020),10799616.0,10284321.878086658,0.048889990109305614,515294.1219133418,Structurally Balanced,0.02900469283130036,308740.4397077486,Structurally Balanced,0.21989417763675537,0.1366568255130749,1.5155464734731607,1.5826982962728264,226377.05315911,12.602,9.529,0.4327736153605242,0.3462863475390879,6852.16119,1742.0,33975.48514,2594
"Austin-Round Rock-San Marcos, TX",2021,COVID (2021),8880750.0,11922786.506561631,-0.2945653887498363,-3042036.5065616313,Moderate Structural Deficit,-0.35354932244092474,-3766443.5314409975,Moderate Structural Deficit,0.2361305912964265,0.14282243613272755,1.589582923936021,1.6361960725763685,252188.43689102083,13.757,10.285,0.4386945629987011,0.3410883280757097,7821.0,1840.0,40814.0,2306
"Austin-Round Rock-San Marcos, TX",2022,Recovery (2022),14970846.0,10728995.275424937,0.33315479456186026,4241850.724575063,Moderate Structural Surplus,0.3785444550354633,4717949.461092532,Moderate Structural Surplus,0.23015532905094452,0.14925303671987714,1.6440999407351442,1.5545121137347973,252454.8123895645,14.767,9.954,0.4486762962637748,0.3320235325108662,7954.0,1833.0,40801.0,2606
"Austin-Round Rock-San Marcos, TX",2023,Recovery (2023),22806452.0,13525004.47156627,0.5225033230371814,9281447.52843373,Moderate Structural Surplus,0.6520241960650814,10924515.777819306,Significant Structural Surplus,0.2266145598327832,0.14548276183898606,1.6067631410031151,1.5514011901457605,261943.31807191938,14.038,9.964,0.451592517694641,0.328551567239636,7864.82198,1840.0,44301.55111,2803
"Bakersfield-Delano, CA",2007,Pre-COVID (2006-2019),1999789.0,3177701.6423526295,-0.463116506507923,-1177912.6423526295,Moderate Structural Deficit,-0.463116506507923,-1177912.6423526295,Moderate Structural Deficit,0.21607789266951644,0.052361010992525193,0.612473956235454,1.3923225777382136,343722.38871888706,13.023,10.359,0.3717495319325983,0.3368004992718951,0.0,513.0,7922.0,10
"Bakersfield-Delano, CA",2008,Pre-COVID (2006-2019),3316322.0,2589918.661998941,0.24722986691968885,726403.3380010589,Moderate Structural Surplus,0.24722986691968885,726403.3380010589,Moderate Structural Surplus,0.2301101323187943,0.0560429840028379,0.6518520965727003,1.4881605364594042,354049.4605731738,10.836,11.524,0.3628225381779884,0.3442864665613481,0.0,834.0,8564.0,18
"Bakersfield-Delano, CA",2009,Pre-COVID (2006-2019),5388365.0,4968859.4962575985,0.08105166322618729,419505.5037424015,Structurally Balanced,0.08105166322618729,419505.5037424015,Structurally Balanced,0.20890529189786175,0.056284460712667704,0.6719810493519228,1.3891640012743927,323011.5910837817,10.31,12.108,0.3515314347125201,0.3547555077915099,,,,13
"Bakersfield-Delano, CA",2010,Pre-COVID (2006-2019),5871459.0,5688840.62297909,0.031596684483904625,182618.37702091038,Structurally Balanced,0.031596684483904625,182618.37702091038,Structurally Balanced,0.21903952091715856,0.058416437697116866,0.7014714470636174,1.4012281892562712,336971.5723330149,9.833,11.071,0.3339905794720123,0.3667433453828458,0.0,834.0,8039.867,18
"Bakersfield-Delano, CA",2011,Pre-COVID (2006-2019),5200063.0,4709081.253889856,0.09917791476591198,490981.7461101441,Structurally Balanced,0.09917791476591198,490981.7461101441,Structurally Balanced,0.2245419170024044,0.05814366487159712,0.6875049055431718,1.4109835204568995,356799.0589696983,9.342,9.051,0.320026321561746,0.3814432989690721,0.0,848.0,8124.80389,19
"Bakersfield-Delano, CA",2012,Pre-COVID (2006-2019),2539844.0,3666594.2699950417,-0.3671605775670379,-1126750.2699950417,Moderate Structural Deficit,-0.3671605775670379,-1126750.2699950417,Moderate Structural Deficit,0.2138117285064365,0.05855828611447125,0.6868926594933932,1.3659051414527807,338202.93006441795,10.495,8.894,0.3203183822738518,0.3818436054641282,0.0,833.0,7908.653074,17
"Bakersfield-Delano, CA",2013,Pre-COVID (2006-2019),2547894.0,3165888.553704517,-0.21716662427285094,-617994.553704517,Moderate Structural Deficit,-0.21716662427285094,-617994.553704517,Moderate Structural Deficit,0.21416880976069322,0.05555337666881707,0.6520808586146568,1.3825941663996222,364353.99410751014,9.867,9.804,0.3078499029544964,0.3936812594349795,,,,19
"Bakersfield-Delano, CA",2014,Pre-COVID (2006-2019),2394529.0,2436522.4248979366,-0.017385235177989955,-41993.42489793664,Structurally Balanced,-0.017385235177989955,-41993.42489793664,Structurally Balanced,0.19748000740132893,0.053763405139479886,0.6315595942519487,1.279422540953439,349634.934811794,11.015,9.264,0.3012240553485896,0.3988291644491751,0.0,1057.0,9125.812411,19
"Bakersfield-Delano, CA",2015,Pre-COVID (2006-2019),3079097.0,2979026.5826203423,0.03303977515297163,100070.41737965774,Structurally Balanced,0.03303977515297163,100070.41737965774,Structurally Balanced,0.16291175817948297,0.0523620074497564,0.6136772042163071,1.0894980172097588,284624.829939816,10.378,8.986,0.3005902192242833,0.4059865092748735,0.0,1566.622,9447.488157,12
"Bakersfield-Delano, CA",2016,Pre-COVID (2006-2019),2647670.0,2462286.965424945,0.07258942913304445,185383.0345750549,Structurally Balanced,0.07258942913304445,185383.0345750549,Structurally Balanced,0.13141807434292743,0.04633330932488236,0.5466476636685468,0.9074485561964379,250808.9902195738,9.783,9.224,0.296085259048222,0.419014456051493,0.0,1752.289,9986.292141000002,12
"Bakersfield-Delano, CA",2017,Pre-COVID (2006-2019),4217222.0,2851096.3553397954,0.3914730110465552,1366125.6446602046,Moderate Structural Surplus,0.3914730110465552,1366125.6446602046,Moderate Structural Surplus,0.10939518981498215,0.040602028851160134,0.48115220538200076,0.7517812608528384,247860.4316968737,10.457,9.798,0.311430670725307,0.4254224834680382,0.0,1274.0,9569.41885,24
"Bakersfield-Delano, CA",2018,Pre-COVID (2006-2019),1900890.0,2533165.712737562,-0.28714759286032887,-632275.7127375621,Moderate Structural Deficit,-0.28714759286032887,-632275.7127375621,Moderate Structural Deficit,0.11435508456214954,0.04102318759968253,0.47847705890901865,0.7772236368226091,266903.0938632246,10.394,9.334,0.3151408450704225,0.429059652029826,0.0,1264.943,9270.60692,14
"Bakersfield-Delano, CA",2019,Pre-COVID (2006-2019),1991991.0,2522266.2188583417,-0.23602314951931191,-530275.2188583417,Moderate Structural Deficit,-0.23602314951931191,-530275.2188583417,Moderate Structural Deficit,0.1105851215817377,0.04150137973082636,0.47918644618079576,0.7657050626547868,261185.5163840411,10.134,8.568,0.3199673502703806,0.4348535863687379,0.0,1364.0,9331.67985,10
"Bakersfield-Delano, CA",2020,COVID (2020),2955871.0,2267642.1167677655,0.2650527855049081,688228.8832322345,Moderate Structural Surplus,-0.013801912192844767,-41079.507764521055,Structurally Balanced,0.09082247390406072,0.043436347730136826,0.48171617755502744,0.6536988666825583,214390.95455234265,10.705,9.073,0.3348375451263538,0.4253910950661853,0.0,734.0,8340.54161,14
"Bakersfield-Delano, CA",2021,COVID (2021),3427228.0,2056512.5471278655,0.5107401612979352,1370715.4528721345,Moderate Structural Surplus,0.26145727141501673,788506.5522363237,Moderate Structural Surplus,0.11859132817500218,0.04174127665716451,0.4645714104460207,0.8217430208268415,310631.34089918877,11.246,10.569,0.3444367107487322,0.4194093666103212,0.0,930.0,9120.0,17
"Bakersfield-Delano, CA",2022,Recovery (2022),3764161.0,1709924.578823374,0.7890757308627965,2054236.421176626,Significant Structural Surplus,0.5585348898707707,1610885.6434036978,Moderate Structural Surplus,0.12408921714160527,0.03996615688463641,0.4402480352126151,0.8381217677032163,358787.05245628644,13.317,9.08,0.3682375117813383,0.3982092365692742,0.0,902.0,8857.0,16
"Bakersfield-Delano, CA",2023,Recovery (2023),5248095.0,2477288.505075876,0.7507005363000374,2770806.494924124,Significant Structural Surplus,0.5865830866923751,2328975.3913851804,Moderate Structural Surplus,0.11196872392231279,0.041716926001616944,0.46073650381711595,0.7665368530616744,323822.2945139812,11.146,9.785,0.3668473182582695,0.3984301999626238,0.0,858.0,8938.26995,17
"Baltimore-Columbia-Towson, MD",2006,Pre-COVID (2006-2019),33396573.0,28458636.958003502,0.16000159166678074,4937936.041996498,Structurally Balanced,0.16000159166678074,4937936.041996498,Structurally Balanced,0.12678891045082621,0.08339173554752737,0.9766784435722259,0.8143712162763701,132333.65593567476,12.311,9.577,0.3580382013529646,0.3361122164743335,17787.0,3805.0,52496.0,389
"Baltimore-Columbia-Towson, MD",2007,Pre-COVID (2006-2019),33408130.0,30692790.631126806,0.08477148938284884,2715339.368873194,Structurally Balanced,0.08477148938284884,2715339.368873194,Structurally Balanced,0.1332971277368432,0.08477470487562848,0.9916213972889366,0.858915265244274,141387.26216843096,11.084,10.344,0.3546104912704861,0.3482689601870751,17810.0,3816.0,52665.0,317
"Baltimore-Columbia-Towson, MD",2008,Pre-COVID (2006-2019),35851224.0,39068967.33595438,-0.08595076887067066,-3217743.335954383,Structurally Balanced,-0.08595076887067066,-3217743.335954383,Structurally Balanced,0.13992025352858356,0.08712240771973129,1.0133458298311286,0.9048875747207853,149927.51589455214,9.661,10.928,0.3415923489770389,0.3656026794721763,17500.0,3716.0,51427.0,283
"Baltimore-Columbia-Towson, MD",2009,Pre-COVID (2006-2019),39565619.0,43306944.18691239,-0.09035246190195068,-3741325.1869123876,Structurally Balanced,-0.09035246190195068,-3741325.1869123876,Structurally Balanced,0.14526759872656975,0.08741626531070681,1.043664147264256,0.9659904584953696,162670.76613186722,8.837,11.591,0.3222178250817521,0.3850784195288579,,,,312
"Baltimore-Columbia-Towson, MD",2010,Pre-COVID (2006-2019),38813361.0,43847182.5700022,-0.12194592219216105,-5033821.570002198,Structurally Balanced,-0.12194592219216105,-5033821.570002198,Structurally Balanced,0.15330921307021983,0.08886420796231972,1.067091849638192,0.9807416950475072,179741.41437972672,9.385,10.666,0.3060332079935781,0.3986649203599645,17747.49,3784.0,52585.229,424
"Baltimore-Columbia-Towson, MD",2011,Pre-COVID (2006-2019),36422861.0,41108132.758092925,-0.12100935230018806,-4685271.758092925,Structurally Balanced,-0.12100935230018806,-4685271.758092925,Structurally Balanced,0.1527180882904302,0.08894763870481852,1.0517386215865596,0.9596546993547375,181707.2253724963,9.209,9.601,0.2937921641235183,0.4103087956755836,17645.112027,3773.0,52741.27121899999,410
"Baltimore-Columbia-Towson, MD",2012,Pre-COVID (2006-2019),38722111.0,37438114.34614888,0.03372149489548093,1283996.6538511217,Structurally Balanced,0.03372149489548093,1283996.6538511217,Structurally Balanced,0.14638992049129063,0.0895206459785621,1.050083236308807,0.9351907234120614,173559.52860276564,9.652,8.849,0.2862919360613272,0.4178548111955857,17854.807466,3796.0,52813.306885,470
"Baltimore-Columbia-Towson, MD",2013,Pre-COVID (2006-2019),36523785.0,33378832.196248133,0.09004175970808603,3144952.8037518673,Structurally Balanced,0.09004175970808603,3144952.8037518673,Structurally Balanced,0.1455510089071171,0.08886975941282264,1.0431457545463605,0.9396231694681302,176531.6304895676,9.463,8.857,0.2838048001345046,0.4277668025724013,,,,475
"Baltimore-Columbia-Towson, MD",2014,Pre-COVID (2006-2019),35490793.0,34789959.435526356,0.019944487548794854,700833.5644736439,Structurally Balanced,0.019944487548794854,700833.5644736439,Structurally Balanced,0.14098481685899628,0.08718489811255804,1.0241624155690026,0.9134046276138553,180530.2492603114,9.404,8.769,0.2809052512135157,0.436424383786169,19105.566147,3809.0,55875.45222300001,600
"Baltimore-Columbia-Towson, MD",2015,Pre-COVID (2006-2019),33536544.0,31262691.7809622,0.07021027921916101,2273852.219037801,Structurally Balanced,0.07021027921916101,2273852.219037801,Structurally Balanced,0.13862667369246756,0.08721601039596977,1.0221624423787843,0.9270876934121058,183523.02883960688,9.164,8.698,0.2820776279645201,0.4470422948688377,19354.829822,3879.0,56981.762589,586
"Baltimore-Columbia-Towson, MD",2016,Pre-COVID (2006-2019),29970230.0,32525928.552049384,-0.08183301722254299,-2555698.5520493835,Structurally Balanced,-0.08183301722254299,-2555698.5520493835,Structurally Balanced,0.1382707806269009,0.08798046526447692,1.038007353372231,0.9547668452104988,187975.28740952222,9.405,7.972,0.2874183176019085,0.4544756767970128,19846.889797,3983.0,58467.139741,662
"Baltimore-Columbia-Towson, MD",2017,Pre-COVID (2006-2019),30423928.0,30797617.727207802,-0.012207936398468178,-373689.72720780224,Structurally Balanced,-0.012207936398468178,-373689.72720780224,Structurally Balanced,0.13794322772646167,0.08786534606196456,1.0412436577823612,0.947967948514926,193414.09094648945,8.846,8.99,0.2930055143248061,0.4631410920850781,20207.59265,3992.0,59373.44348999999,681
"Baltimore-Columbia-Towson, MD",2018,Pre-COVID (2006-2019),26238625.0,26540498.367723603,-0.01143924492454218,-301873.3677236028,Structurally Balanced,-0.01143924492454218,-301873.3677236028,Structurally Balanced,0.14018610634020706,0.08988435372767771,1.0483729746512909,0.952786278099611,194655.03213860435,8.688,8.667,0.2933435411450681,0.4676695151979143,20232.04949,4012.0,59274.96114,544
"Baltimore-Columbia-Towson, MD",2019,Pre-COVID (2006-2019),28943940.0,22772589.070691854,0.23980327672622082,6171350.929308146,Moderate Structural Surplus,0.23980327672622082,6171350.929308146,Moderate Structural Surplus,0.14232786357099922,0.09110252486060565,1.0518950311819422,0.9854957351799062,199059.27127230496,8.672,8.123,0.2964090329480482,0.4691703344165193,20214.12779,4030.0,59576.93356,644
"Baltimore-Columbia-Towson, MD",2020,COVID (2020),23500321.0,24793306.314416256,-0.053559629431518374,-1292985.3144162558,Structurally Balanced,0.08195133834779611,1849080.6828451194,Structurally Balanced,0.1468550776649399,0.09839010653393984,1.0911623215475197,1.0569960683691322,201068.928560864,8.736,8.865,0.2973179286156385,0.4681246131627811,16154.37847,4056.0,49638.9625,735
"Baltimore-Columbia-Towson, MD",2021,COVID (2021),17270440.0,20791581.191597704,-0.18555178482871781,-3521141.191597704,Moderate Structural Deficit,-0.11160298584916006,-2039101.5657621473,Structurally Balanced,0.14445509034473586,0.09800479877844494,1.090772282144987,1.000958199393194,205745.10945184279,9.587,10.079,0.3054514760983242,0.4625108082513279,18317.0,4081.0,55172.0,616
"Baltimore-Columbia-Towson, MD",2022,Recovery (2022),17910033.0,19826102.1802629,-0.10163830283209307,-1916069.180262901,Structurally Balanced,-0.020421450598977486,-369508.9672509022,Structurally Balanced,0.14217466284043967,0.09827960938842209,1.0826010882059252,0.9602742485389216,217780.8085391477,10.937,9.338,0.3139235412474849,0.4552515090543259,18535.0,4106.0,55643.0,605
"Baltimore-Columbia-Towson, MD",2023,Recovery (2023),23524258.0,15481063.825596338,0.4184145556760619,8043194.174403662,Moderate Structural Surplus,0.5541289993932708,10007866.357213339,Moderate Structural Surplus,0.1403128543131885,0.09673571184690447,1.0683834582844194,0.960580508749546,226078.6447352181,9.631,9.165,0.3132923434339388,0.4566501772445975,19054.37969,4133.0,56068.96464,607
"Baton Rouge, LA",2007,Pre-COVID (2006-2019),3181640.0,3425460.7918820605,-0.07383921331759247,-243820.79188206047,Structurally Balanced,-0.07383921331759247,-243820.79188206047,Structurally Balanced,0.3752172924064383,0.07919593751805525,0.9263657872531056,2.4177554738295863,450371.845362355,12.204,8.796,0.3465665236051502,0.3496423462088698,4279.0,586.0,13498.0,28
"Baton Rouge, LA",2008,Pre-COVID (2006-2019),3798765.0,4174415.8650624305,-0.0942984220458527,-375650.8650624305,Structurally Balanced,-0.0942984220458527,-375650.8650624305,Structurally Balanced,0.34623558853767267,0.079909939165854,0.9294555296987962,2.2391631954117,415514.32159786084,10.43,9.482,0.3416316949996443,0.3596272850131588,4408.0,594.0,13901.0,28
"Baton Rouge, LA",2009,Pre-COVID (2006-2019),5539450.0,5777268.252593937,-0.042035732452983865,-237818.25259393733,Structurally Balanced,-0.042035732452983865,-237818.25259393733,Structurally Balanced,0.31372040023315356,0.07714621008021719,0.9210497985914013,2.0861562792883572,397275.1144318353,9.186,10.203,0.3306526890213255,0.3738780785524521,,,,25
"Baton Rouge, LA",2010,Pre-COVID (2006-2019),5818978.0,6042026.819462055,-0.03761487684405296,-223048.81946205534,Structurally Balanced,-0.03761487684405296,-223048.81946205534,Structurally Balanced,0.3762980492955763,0.07727533797743101,0.9279313373131958,2.4072342380374643,541746.5727183382,8.835,8.889,0.3152698710095842,0.3865388772789507,4833.755,682.0,14772.439,22
"Baton Rouge, LA",2011,Pre-COVID (2006-2019),4985810.0,5375634.956170997,-0.07528082074088438,-389824.95617099665,Structurally Balanced,-0.07528082074088438,-389824.95617099665,Structurally Balanced,0.385083856420124,0.07788684875737703,0.9209531376504876,2.4198019802109716,562666.0017708611,9.5,9.304,0.3003551496702181,0.3967529173008625,4706.1381,812.0,15173.426097,36
"Baton Rouge, LA",2012,Pre-COVID (2006-2019),4104746.0,4841759.841940229,-0.16513439311865064,-737013.8419402288,Structurally Balanced,-0.16513439311865064,-737013.8419402288,Structurally Balanced,0.38973654600429947,0.07938183019170436,0.9311542409086623,2.489775260309424,573686.7674840157,9.232,8.835,0.2921673664398436,0.4069784276820616,4709.3291,810.0,15306.58551,50
"Baton Rouge, LA",2013,Pre-COVID (2006-2019),3515977.0,4842261.06963951,-0.3200643365133935,-1326284.0696395095,Moderate Structural Deficit,-0.3200643365133935,-1326284.0696395095,Moderate Structural Deficit,0.3277071088091155,0.07877706649008934,0.9246785746659311,2.11555518954154,452503.42104849237,8.35,9.044,0.2761215841005407,0.4167762677188367,,,,67
"Baton Rouge, LA",2014,Pre-COVID (2006-2019),4059088.0,3926991.5821630824,0.033084685824531945,132096.41783691756,Structurally Balanced,0.033084685824531945,132096.41783691756,Structurally Balanced,0.3346259793156746,0.0788045319308325,0.9257181177853645,2.1679562724292882,478524.48999643826,8.7,8.332,0.2736082774701253,0.4254590498396969,5107.9681,772.0,15461.36116,55
"Baton Rouge, LA",2015,Pre-COVID (2006-2019),3426604.0,3371865.742359448,0.016103459340127912,54738.257640551776,Structurally Balanced,0.016103459340127912,54738.257640551776,Structurally Balanced,0.2975982620239746,0.07921153234083489,0.92835080387735,1.9902352047724956,420024.83069977426,9.128,8.173,0.2733410773921881,0.4370553216204443,5502.6295,628.861,16523.080232,61
"Baton Rouge, LA",2016,Pre-COVID (2006-2019),2065221.0,2735466.1198126073,-0.28106460659386734,-670245.1198126073,Moderate Structural Deficit,-0.28106460659386734,-670245.1198126073,Moderate Structural Deficit,0.27598697622747875,0.079359209835775,0.9362924271850187,1.9057042523171355,388014.532582423,9.427,7.623,0.2757580112085069,0.4459692484552378,5743.4603,628.149,16857.214432,63
"Baton Rouge, LA",2017,Pre-COVID (2006-2019),1939322.0,2103265.9916230394,-0.08115294325627076,-163943.99162303936,Structurally Balanced,-0.08115294325627076,-163943.99162303936,Structurally Balanced,0.2891642068965109,0.07927912131174485,0.9394930534069426,1.9871827309942445,426915.6318645723,8.383,8.7,0.273257908769907,0.4560063414282626,5711.24177,628.149,16621.95338,65
"Baton Rouge, LA",2018,Pre-COVID (2006-2019),3079711.0,2130286.2475491185,0.3685794022015134,949424.7524508815,Moderate Structural Surplus,0.3685794022015134,949424.7524508815,Moderate Structural Surplus,0.3235785721386903,0.08068439333441019,0.9410685390719316,2.19922809377854,509373.9390036879,8.763,8.786,0.2744436468054558,0.4640344580043072,5870.33497,628.149,16764.86441,50
"Baton Rouge, LA",2019,Pre-COVID (2006-2019),2813978.0,2711260.6173777757,0.03718544141247904,102717.38262222428,Structurally Balanced,0.03718544141247904,102717.38262222428,Structurally Balanced,0.3086681344768268,0.083491787964515,0.964019351151337,2.1372563493943475,468635.0522592786,9.152,7.704,0.2811458554917393,0.4660710487130398,6315.05368,1044.816,17913.67224,53
"Baton Rouge, LA",2020,COVID (2020),2764747.0,2115719.663253993,0.2675541089489428,649027.3367460072,Moderate Structural Surplus,-0.024660456566696354,-69027.55061336746,Structurally Balanced,0.2673980844251332,0.08921345392974561,0.9893917481395765,1.9246098154785156,371591.6552783937,8.272,8.455,0.2794977885575688,0.4683977742901983,5289.33807,1105.0,15809.32416,66
"Baton Rouge, LA",2021,COVID (2021),1543516.0,1784585.0441951524,-0.1451229890111314,-241069.04419515235,Structurally Balanced,-0.553836500130668,-1142071.28211487,Moderate Structural Deficit,0.291308943986849,0.08435512123167696,0.9388543137005082,2.018537909216953,460414.4642934383,9.955,7.83,0.2938316198944151,0.461864406779661,5479.0,1227.0,18060.0,64
"Baton Rouge, LA",2022,Recovery (2022),1166055.0,1564441.1459237814,-0.29390240833489223,-398386.14592378144,Moderate Structural Deficit,-0.7586655856299895,-1323967.7382373502,Significant Structural Deficit,0.31319609727334635,0.08538222491683356,0.9405296804048596,2.11538498453847,539255.8638229965,10.14,9.21,0.2981085526315789,0.4581962719298245,6293.0,1519.0,19639.0,57
"Baton Rouge, LA",2023,Recovery (2023),1450105.0,1592621.280305475,-0.09374529513822871,-142516.280305475,Structurally Balanced,-0.5149358136416371,-976690.7874658476,Moderate Structural Deficit,0.2971956908565019,0.08589442972198506,0.9486484993150851,2.034598963284564,533733.1610094551,9.211,8.152,0.3014005983138428,0.4607696491705194,5935.7121,1611.0,19175.43596,63
"Birmingham, AL",2006,Pre-COVID (2006-2019),9570689.0,8887809.653005742,0.07402456276403413,682879.3469942585,Structurally Balanced,0.07402456276403413,682879.3469942585,Structurally Balanced,0.1418492138137957,0.07266401515548358,0.8510360979994095,0.9111042627516712,155375.43538363086,11.202,9.428,0.341514016799919,0.3344297135917417,9339.0,6009.0,24852.0,40
"Birmingham, AL",2007,Pre-COVID (2006-2019),8562583.0,9386533.069073977,-0.0918741128503413,-823950.069073977,Structurally Balanced,-0.0918741128503413,-823950.069073977,Structurally Balanced,0.14322738011254021,0.07240327328000182,0.84691105824007,0.9229019804723239,166043.6463643951,12.135,9.445,0.3471004803644827,0.3408111721883821,9519.0,6058.0,25092.0,32
"Birmingham, AL",2008,Pre-COVID (2006-2019),10262545.0,10240157.747792523,0.002183835114831112,22387.252207476646,Structurally Balanced,0.002183835114831112,22387.252207476646,Structurally Balanced,0.15694987680506442,0.07182634503318236,0.835432916931461,1.0150209836908841,187110.1223296489,9.537,10.289,0.3351882488594776,0.3593522835514112,9200.0,5937.0,24354.0,24
"Birmingham, AL",2009,Pre-COVID (2006-2019),13139399.0,12264160.305089308,0.06893406113116285,875238.694910692,Structurally Balanced,0.06893406113116285,875238.694910692,Structurally Balanced,0.1352348392209617,0.06928826701912232,0.8272336945178705,0.8992753063227364,170783.3666335074,7.905,11.381,0.3173441312360484,0.3772517261070446,,,,37
"Birmingham, AL",2010,Pre-COVID (2006-2019),15180862.0,13236627.077561678,0.1370477899950835,1944234.9224383216,Structurally Balanced,0.1370477899950835,1944234.9224383216,Structurally Balanced,0.14178197152554298,0.0697154500585007,0.8371513149909423,0.9070002271647498,185225.09777577894,8.159,10.603,0.3005330490405117,0.3924840085287846,9314.413,6116.0,25772.55,36
"Birmingham, AL",2011,Pre-COVID (2006-2019),16184092.0,13975363.215545136,0.14673277539375817,2208728.7844548635,Structurally Balanced,0.14673277539375817,2208728.7844548635,Structurally Balanced,0.17004807140099826,0.07079492552042735,0.8370965038124598,1.0685533892084724,227479.62210044588,8.917,9.741,0.2892610943558811,0.4032205945713055,9277.43317,6023.0,25942.9443,40
"Birmingham, AL",2012,Pre-COVID (2006-2019),15035398.0,12662788.432746494,0.17173963984186713,2372609.567253506,Structurally Balanced,0.17173963984186713,2372609.567253506,Structurally Balanced,0.16381636297443408,0.07405333816815693,0.86865066882684,1.0465170175832452,216668.92584127985,9.106,8.996,0.2838129108740166,0.4101735100765168,9484.38623,5962.0,25631.809522,42
"Birmingham, AL",2013,Pre-COVID (2006-2019),13581004.0,12788956.055534448,0.060090061320011046,792047.9444655515,Structurally Balanced,0.060090061320011046,792047.9444655515,Structurally Balanced,0.15730155387698658,0.07460783432974663,0.8757404785518537,1.0154803166666933,205624.7297209814,8.216,8.555,0.2686446173800259,0.4243947254647643,,,,45
"Birmingham, AL",2014,Pre-COVID (2006-2019),13359676.0,13684602.106970374,-0.024030350631623065,-324926.10697037354,Structurally Balanced,-0.024030350631623065,-324926.10697037354,Structurally Balanced,0.1509868649308936,0.07646086497210014,0.8981870239181015,0.9782053430243978,197182.2143456018,8.278,7.981,0.2659362012198413,0.4342850974253792,11154.59488,5754.0,28738.464736,60
"Birmingham, AL",2015,Pre-COVID (2006-2019),13030351.0,12010025.939628897,0.08153953268426406,1020325.0603711028,Structurally Balanced,0.08153953268426406,1020325.0603711028,Structurally Balanced,0.14070792812327698,0.07429959914044998,0.8707834648748899,0.9410064099063303,195335.3167541881,8.71,7.929,0.2700564971751412,0.4417002959375841,11744.95179,5871.808,29451.751435,57
"Birmingham, AL",2016,Pre-COVID (2006-2019),10573596.0,8907490.836938504,0.17146736035398646,1666105.1630614959,Structurally Balanced,0.17146736035398646,1666105.1630614959,Structurally Balanced,0.13823233642684796,0.07310678821222884,0.8625253744408126,0.9545013860336954,197210.88206871963,8.775,7.501,0.2763776164032465,0.4474583511319949,11770.56224,6014.933,30057.52436,70
"Birmingham, AL",2017,Pre-COVID (2006-2019),8554635.0,8453465.350025008,0.011896783430358937,101169.6499749925,Structurally Balanced,0.011896783430358937,101169.6499749925,Structurally Balanced,0.13797590125717007,0.0717843535570635,0.8506767026967292,0.9481924862496658,205647.29862168193,8.713,8.287,0.2756437539902107,0.4557884656309853,12033.04356,8367.11,32693.23141,70
"Birmingham, AL",2018,Pre-COVID (2006-2019),6838792.0,6300005.36699692,0.08206062254886426,538786.6330030803,Structurally Balanced,0.08206062254886426,538786.6330030803,Structurally Balanced,0.13974609097744184,0.07299845751013245,0.8514230438449264,0.9497956778843636,211474.68314442044,7.847,8.017,0.277249800902575,0.4651446774621715,12008.82671,8531.556,32594.15772,62
"Birmingham, AL",2019,Pre-COVID (2006-2019),7366935.0,7386502.800476003,-0.002652644382242997,-19567.80047600344,Structurally Balanced,-0.002652644382242997,-19567.80047600344,Structurally Balanced,0.1378220380554798,0.07356723961603166,0.8494277620546792,0.9542968418810259,213810.06461232604,8.581,7.555,0.2824283163533242,0.4669677554878689,12081.87063,8552.371,32717.56368,77
"Birmingham, AL",2020,COVID (2020),6624615.0,4467117.98529563,0.3940488023075961,2157497.01470437,Moderate Structural Surplus,0.27648548624172875,1600211.34774517,Moderate Structural Surplus,0.13128669825020284,0.07384524307873873,0.8189557843932431,0.9449419528839267,210723.9981008865,7.932,8.183,0.2843959289142013,0.4639033908136898,10757.48065,8025.0,30213.56387,81
"Birmingham, AL",2021,COVID (2021),4420719.0,4917707.353570174,-0.1065400843091453,-496988.3535701744,Structurally Balanced,-0.3049470495480815,-1576221.3775544455,Moderate Structural Deficit,0.13478837040729158,0.07297664853822558,0.8122143656381883,0.9339755644474044,234056.67001131052,9.736,8.397,0.2951186511240632,0.4579517069109076,11949.0,8211.0,32325.0,69
"Birmingham, AL",2022,Recovery (2022),5214838.0,4808495.03746305,0.08112387059689397,406342.96253694966,Structurally Balanced,-0.08426415108711716,-458468.8976044571,Structurally Balanced,0.14026114357391273,0.07343120567685814,0.8088829785622337,0.9473499817320357,258130.8890916665,9.981,8.776,0.3023434695656633,0.4544895133582893,12111.0,8214.0,32198.0,66
"Birmingham, AL",2023,Recovery (2023),5903461.0,3880618.540140033,0.4195442306012591,2022842.4598599672,Moderate Structural Surplus,0.27894570198387036,1437014.673835571,Moderate Structural Surplus,0.13630754728899372,0.07534534785528389,0.8321407034732715,0.9331602137392869,255163.69417614993,9.527,8.613,0.304496503853417,0.4544990557852294,12446.05221,8240.0,32607.22645,67
"Boise City, ID",2007,Pre-COVID (2006-2019),2764445.0,2680718.551761491,0.03075501658444857,83726.44823850878,Structurally Balanced,0.03075501658444857,83726.44823850878,Structurally Balanced,0.13707296257119134,0.09221519471197044,1.078653831537477,0.8832452882036982,104490.68507997804,15.206,11.235,0.4612344614500251,0.2659337500898182,1626.0,1052.0,7203.0,1491
"Boise City, ID",2008,Pre-COVID (2006-2019),3237045.0,3139173.4182119,0.030701353950298937,97871.58178809984,Structurally Balanced,0.030701353950298937,97871.58178809984,Structurally Balanced,0.17256202661614764,0.08610172603002296,1.0014739869732243,1.1159873557668372,151210.4347280794,11.827,14.213,0.4366574811946079,0.2874059730393982,1474.0,1015.0,6863.0,1284
"Boise City, ID",2009,Pre-COVID (2006-2019),4892604.0,4351853.282330435,0.11712288080267896,540750.7176695652,Structurally Balanced,0.11712288080267896,540750.7176695652,Structurally Balanced,0.1879752827958191,0.07605112864140316,0.9079756043100223,1.2499850703494713,196389.00491750365,9.762,15.835,0.4027311931001437,0.3135281903849225,,,,1012
"Boise City, ID",2010,Pre-COVID (2006-2019),4514415.0,4720788.253615399,-0.0447001781706895,-206373.2536153989,Structurally Balanced,-0.0447001781706895,-206373.2536153989,Structurally Balanced,0.2037356777280792,0.07638086573128454,0.9171904094922312,1.303327242474134,218503.40298507462,11.009,12.813,0.376152778911287,0.3326532277809516,1463.374,988.0,7074.522,954
"Boise City, ID",2011,Pre-COVID (2006-2019),4627350.0,4420414.427654282,0.04575089642231411,206935.5723457178,Structurally Balanced,0.04575089642231411,206935.5723457178,Structurally Balanced,0.19042720185098852,0.07834655924378316,0.9263888668091468,1.1966124064736976,198578.2486490491,10.525,12.252,0.3509342676009342,0.3480146813480146,1495.797,827.0,6946.793994000001,996
"Boise City, ID",2012,Pre-COVID (2006-2019),4111025.0,4051270.189461904,0.014641930167286432,59754.81053809589,Structurally Balanced,0.014641930167286432,59754.81053809589,Structurally Balanced,0.15394135990043462,0.07854936010051887,0.9213893103954074,0.9834319961727764,154452.67114190978,10.747,10.152,0.3309614429918914,0.3595068674499421,1616.9275,847.0,7081.709296,966
"Boise City, ID",2013,Pre-COVID (2006-2019),3662790.0,3956167.8051520046,-0.07705067864966963,-293377.8051520046,Structurally Balanced,-0.07705067864966963,-293377.8051520046,Structurally Balanced,0.14238264913958573,0.07672200599318017,0.900556447557107,0.9191694174183388,151303.7661562221,11.606,9.943,0.3235437683045883,0.3665798893589326,,,,1076
"Boise City, ID",2014,Pre-COVID (2006-2019),3141084.0,3551697.3480211366,-0.12285765215017541,-410613.3480211366,Structurally Balanced,-0.12285765215017541,-410613.3480211366,Structurally Balanced,0.1481194349809267,0.0765803218340041,0.8995902856170015,0.9596279965837679,162085.8113662038,11.678,8.703,0.3188165680473372,0.3704142011834319,1674.019,840.0,7298.01755,1121
"Boise City, ID",2015,Pre-COVID (2006-2019),3274722.0,2941869.32436464,0.10718777607447016,332852.6756353602,Structurally Balanced,0.10718777607447016,332852.6756353602,Structurally Balanced,0.12459919484138528,0.07730304092485188,0.905983485787892,0.8332767213528116,135178.57218108798,11.168,8.812,0.3248707461995524,0.3800447565398565,1714.0345,925.0,7555.99904,1025
"Boise City, ID",2016,Pre-COVID (2006-2019),2524788.0,2802145.170222946,-0.10422815726774637,-277357.170222946,Structurally Balanced,-0.10422815726774637,-277357.170222946,Structurally Balanced,0.12318717066080385,0.07750699723112249,0.9144397318411318,0.8506137433300983,135157.50366076507,12.063,8.815,0.3379892440991933,0.3877352853301464,1769.3549,953.0,7589.46439,911
"Boise City, ID",2017,Pre-COVID (2006-2019),2275973.0,1930140.0602238905,0.1648150829284134,345832.93977610953,Structurally Balanced,0.1648150829284134,345832.93977610953,Structurally Balanced,0.13410113515018832,0.078697442911574,0.9325999041485336,0.9215644731318747,151484.59749793416,11.433,9.409,0.3500292483182217,0.4014331675928634,1804.4739,953.0,7644.854609999999,863
"Boise City, ID",2018,Pre-COVID (2006-2019),1752708.0,2281302.5254795915,-0.26358454247841046,-528594.5254795915,Moderate Structural Deficit,-0.26358454247841046,-528594.5254795915,Moderate Structural Deficit,0.14008869747617686,0.0810934911829695,0.9458400828460234,0.9521242308294771,161471.58725134176,13.002,8.399,0.370600125461769,0.399386631351502,1867.0945,958.0,7936.79951,990
"Boise City, ID",2019,Pre-COVID (2006-2019),2049193.0,2008509.2866429097,0.020053258632504622,40683.71335709025,Structurally Balanced,0.020053258632504622,40683.71335709025,Structurally Balanced,0.13020026687591643,0.08158833807876252,0.9420415906008973,0.9015227553211591,155213.07312677903,13.044,8.5,0.3867293556718098,0.3936825375802927,1903.9295,1100.0,8227.5933,1347
"Boise City, ID",2020,COVID (2020),2079979.0,1646502.0955037572,0.23370470197299476,433476.90449624276,Moderate Structural Surplus,-0.11538990326704912,-254404.19702378195,Structurally Balanced,0.11956393867015676,0.0812185513256648,0.9007269748881535,0.860566860217291,149012.0238477002,12.593,9.169,0.396138354325171,0.3850137459241736,1680.2085,944.0,7334.711039999999,1601
"Boise City, ID",2021,COVID (2021),1276285.0,1440312.6026070728,-0.12090666095740943,-164027.6026070728,Structurally Balanced,-0.5676165196328,-975155.0503058652,Moderate Structural Deficit,0.10616533383217197,0.07929081610978461,0.8824896894766175,0.7356408219123772,143914.5684829849,13.643,8.927,0.4126897389192471,0.3734061930783242,1898.0,1053.0,8055.0,1877
"Boise City, ID",2022,Recovery (2022),4285366.0,2246349.9586689505,0.645899304270177,2039016.0413310495,Significant Structural Surplus,0.44127723796558094,1528957.0577515448,Moderate Structural Surplus,0.11135711956023445,0.08102342232932946,0.8925151995387742,0.7521268007167535,162779.45534428972,14.473,9.869,0.4248897144183887,0.3578476898072905,1935.0,1079.0,8200.0,1983
"Boise City, ID",2023,Recovery (2023),6014567.0,3321290.0917568584,0.5938310708310617,2693276.9082431416,Significant Structural Surplus,0.45695915192013103,2206105.856462071,Moderate Structural Surplus,0.10801760073165084,0.08368195029534646,0.9242130930304212,0.7394875000769033,161800.99278512955,12.465,11.236,0.4258801906840503,0.3567859399230371,1975.28715,1128.0,8426.61751,2316
"Boston-Cambridge-Newton, MA-NH",2006,Pre-COVID (2006-2019),43219669.0,42017039.32325456,0.028220458375130875,1202629.676745437,Structurally Balanced,0.028220458375130875,1202629.676745437,Structurally Balanced,0.1797509792777467,0.11724331446369762,1.373145877559908,1.1545491092303433,159401.64373040874,10.955,9.171,0.3210453089442293,0.3492595908066307,29588.0,12665.0,93724.0,3109
"Boston-Cambridge-Newton, MA-NH",2007,Pre-COVID (2006-2019),40190919.0,40365703.990476534,-0.0043394387268307355,-174784.99047653377,Structurally Balanced,-0.0043394387268307355,-174784.99047653377,Structurally Balanced,0.18950927741848894,0.11844041030504265,1.3854137898146315,1.221124671204464,175851.63297970846,9.878,9.876,0.3192134770597475,0.3645197984941227,29519.0,12703.0,93341.0,2798
"Boston-Cambridge-Newton, MA-NH",2008,Pre-COVID (2006-2019),43957459.0,41110650.35527221,0.06695510465223364,2846808.644727789,Structurally Balanced,0.06695510465223364,2846808.644727789,Structurally Balanced,0.18416764123306825,0.12051758054878711,1.4017747083313419,1.1910427976990092,171629.98916045856,9.025,9.81,0.3117118502570412,0.380574717694099,29465.0,12812.0,92756.0,2798
"Boston-Cambridge-Newton, MA-NH",2009,Pre-COVID (2006-2019),53906427.0,46224236.739456825,0.15374544485773,7682190.260543175,Structurally Balanced,0.15374544485773,7682190.260543175,Structurally Balanced,0.17894716568547203,0.11977897649865514,1.430043058043376,1.1899505198838212,171347.809628756,8.147,10.21,0.2987504775602849,0.399453895768254,,,,3056
"Boston-Cambridge-Newton, MA-NH",2010,Pre-COVID (2006-2019),56257133.0,52277151.405880705,0.07337344192550077,3979981.5941192955,Structurally Balanced,0.07337344192550077,3979981.5941192955,Structurally Balanced,0.18624634092500317,0.11736201367551741,1.4092968487759814,1.1914453700282215,192164.40883430222,8.932,9.487,0.2894217015189701,0.4113139431918806,29555.477,12956.0,92923.434,4015
"Boston-Cambridge-Newton, MA-NH",2011,Pre-COVID (2006-2019),55364212.0,54077814.51147405,0.023509373452004212,1286397.4885259494,Structurally Balanced,0.023509373452004212,1286397.4885259494,Structurally Balanced,0.1856122838600845,0.11832722948378227,1.399130084233343,1.1663562742191382,195518.7116816162,8.978,8.638,0.2838064765016906,0.4189302652778723,29904.081499,12984.0,93718.68429900002,4113
"Boston-Cambridge-Newton, MA-NH",2012,Pre-COVID (2006-2019),52003096.0,51383444.68699129,0.011987222492646055,619651.3130087107,Structurally Balanced,0.011987222492646055,619651.3130087107,Structurally Balanced,0.18828491002390416,0.11804532940148783,1.3846797034813414,1.2028307729240535,201247.32581106303,9.41,8.543,0.2826111322827232,0.4245555829541124,30732.833088,13478.0,96864.82425,4558
"Boston-Cambridge-Newton, MA-NH",2013,Pre-COVID (2006-2019),45545115.0,47066209.92686798,-0.03285195907169225,-1521094.9268679768,Structurally Balanced,-0.03285195907169225,-1521094.9268679768,Structurally Balanced,0.18726172320664247,0.1186126791282441,1.3922656422781428,1.208892024869264,200623.41389458373,9.157,8.36,0.2816128421779158,0.4303287357089581,,,,5332
"Boston-Cambridge-Newton, MA-NH",2014,Pre-COVID (2006-2019),41201563.0,40780801.636124074,0.01026476999571102,420761.36387592554,Structurally Balanced,0.01026476999571102,420761.36387592554,Structurally Balanced,0.18911686731385965,0.11846042183079337,1.3915565011605275,1.2252398918748695,208334.7115420785,8.889,7.998,0.2790180792834633,0.4363465472438768,30527.416223,13311.0,98676.506362,5615
"Boston-Cambridge-Newton, MA-NH",2015,Pre-COVID (2006-2019),38068596.0,32428102.172947265,0.1603642923980786,5640493.827052735,Structurally Balanced,0.1603642923980786,5640493.827052735,Structurally Balanced,0.18982302102084764,0.11830891071813476,1.386567954504949,1.2694713219848217,218330.32650220025,8.956,8.191,0.2819366811987305,0.4450325598761297,32727.806158,13396.878,103578.153422,5698
"Boston-Cambridge-Newton, MA-NH",2016,Pre-COVID (2006-2019),31670990.0,30017097.50828766,0.05363398366525729,1653892.4917123392,Structurally Balanced,0.05363398366525729,1653892.4917123392,Structurally Balanced,0.18812697359540864,0.11907064821315887,1.4048142169345894,1.299026419496052,216954.73276069795,9.639,7.449,0.2904989304003976,0.4494479137405734,31796.528775,13590.959,105024.922597,5716
"Boston-Cambridge-Newton, MA-NH",2017,Pre-COVID (2006-2019),29566730.0,28322357.692189228,0.042998225493875,1244372.3078107722,Structurally Balanced,0.042998225493875,1244372.3078107722,Structurally Balanced,0.19054590683207404,0.120994380748417,1.4338375392358476,1.3094619821112603,221929.8493697762,8.986,8.16,0.2963424057697261,0.4536253970979651,32175.0581,13625.724,106940.19646,6257
"Boston-Cambridge-Newton, MA-NH",2018,Pre-COVID (2006-2019),27780571.0,26142845.84506009,0.06076131984076838,1637725.1549399085,Structurally Balanced,0.06076131984076838,1637725.1549399085,Structurally Balanced,0.1982139211338835,0.12413869453484642,1.4479010757881245,1.3471770428259384,235759.03254592684,8.587,8.258,0.2978523547243926,0.4574420391955937,33397.15312,13619.468,116794.05448,6098
"Boston-Cambridge-Newton, MA-NH",2019,Pre-COVID (2006-2019),26190926.0,26837821.607911743,-0.02439913175924957,-646895.6079117432,Structurally Balanced,-0.02439913175924957,-646895.6079117432,Structurally Balanced,0.1969897708830287,0.12667797806446454,1.4626590853554469,1.3639815437997493,238606.8580509434,8.862,7.698,0.3003871868652674,0.4596310088016249,33197.11362,13661.168,113363.60385,7468
"Boston-Cambridge-Newton, MA-NH",2020,COVID (2020),24993222.0,27933842.329655778,-0.1112342723707691,-2940620.3296557777,Structurally Balanced,0.03658653996043171,897890.0154584236,Structurally Balanced,0.20591755218307578,0.13860820079280115,1.5371875434490534,1.4821009019674456,251017.79098120827,8.725,8.529,0.3026964153537062,0.4581791265729089,25607.34348,13582.0,93650.57172,7241
"Boston-Cambridge-Newton, MA-NH",2021,COVID (2021),21688102.0,28363472.120866813,-0.26833830913697554,-6675370.120866813,Moderate Structural Deficit,-0.14886661509400767,-3481334.731747806,Structurally Balanced,0.2170365962951956,0.13716491875925085,1.5266159752390216,1.503889964082413,280448.8252019174,8.93,10.817,0.3055424325717231,0.4568909981102903,30027.0,13690.0,102181.0,7142
"Boston-Cambridge-Newton, MA-NH",2022,Recovery (2022),24329473.0,26970985.230530914,-0.10307317103423941,-2641512.230530914,Structurally Balanced,0.03936802230925451,939194.8174723089,Structurally Balanced,0.21413066074829115,0.13743317682986986,1.5138980274492444,1.446278508639593,288111.6043430164,10.869,8.538,0.312556684910086,0.4492572322126661,29486.0,13709.0,98925.0,7008
"Boston-Cambridge-Newton, MA-NH",2023,Recovery (2023),28475610.0,20251052.69454569,0.3408411542868386,8224557.30545431,Moderate Structural Surplus,0.5147330979350215,11456874.363323689,Moderate Structural Surplus,0.20761229188358307,0.1344725581852735,1.4851625528502552,1.4213118387218677,296297.207800917,9.707,8.565,0.3150259495042252,0.4476727989351933,30398.63543,13619.0,104843.93631,6713
"Bridgeport-Stamford-Danbury, CT",2006,Pre-COVID (2006-2019),7362230.0,7813558.904650214,-0.059497669693776345,-451328.9046502141,Structurally Balanced,-0.059497669693776345,-451328.9046502141,Structurally Balanced,0.178473743067315,0.09429139242222971,1.104334497759855,1.1463453601606257,276230.2602366841,11.071,9.493,0.3038143382352941,0.3615808823529411,6290.0,2220.0,20545.0,1128
"Bridgeport-Stamford-Danbury, CT",2007,Pre-COVID (2006-2019),7923049.0,8350158.163931802,-0.05250437398156649,-427109.1639318019,Structurally Balanced,-0.05250437398156649,-427109.1639318019,Structurally Balanced,0.177448189208496,0.09468357574017607,1.1075268243461425,1.1434076719344393,289081.3799045123,10.51,10.855,0.3016609446042498,0.3759858958893941,6353.0,2222.0,20702.0,996
"Bridgeport-Stamford-Danbury, CT",2008,Pre-COVID (2006-2019),10160077.0,11095767.255779063,-0.08809768642419513,-935690.2557790633,Structurally Balanced,-0.08809768642419513,-935690.2557790633,Structurally Balanced,0.17802248859986308,0.09418328856440462,1.0954729696354129,1.1513010725211448,296937.7312407806,9.629,10.376,0.296557230754779,0.3874407026443098,6190.0,2222.0,20308.0,1001
"Bridgeport-Stamford-Danbury, CT",2009,Pre-COVID (2006-2019),11083515.0,11849821.438474141,-0.06685392970754833,-766306.4384741411,Structurally Balanced,-0.06685392970754833,-766306.4384741411,Structurally Balanced,0.14387943578357357,0.09276911844249107,1.107571943820856,0.9567595483025524,242294.4358103963,8.11,11.358,0.2827069862414312,0.4046380475472799,,,,1095
"Bridgeport-Stamford-Danbury, CT",2010,Pre-COVID (2006-2019),11731358.0,11849536.58093244,-0.010023332231750004,-118178.58093244024,Structurally Balanced,-0.010023332231750004,-118178.58093244024,Structurally Balanced,0.14290095153480747,0.0917671528240031,1.1019507525967926,0.9141585076687903,248930.82138984336,8.979,10.606,0.2749368843126578,0.4151279639621801,6165.11,2169.0,19998.836,1434
"Bridgeport-Stamford-Danbury, CT",2011,Pre-COVID (2006-2019),9559322.0,10418659.522856357,-0.08608157936404481,-859337.5228563566,Structurally Balanced,-0.08608157936404481,-859337.5228563566,Structurally Balanced,0.14014927613858966,0.09200514766552703,1.08789135488728,0.8806744044738688,241890.7932577604,8.92,10.054,0.2705693825429415,0.4218037958836196,6218.136,2088.0,19976.4278,1468
"Bridgeport-Stamford-Danbury, CT",2012,Pre-COVID (2006-2019),9455637.0,8739100.151544381,0.07880384472426094,716536.8484556191,Structurally Balanced,0.07880384472426094,716536.8484556191,Structurally Balanced,0.1386613181585774,0.08984759386714397,1.0539183571705197,0.8858176710718614,249607.80472514988,9.849,9.008,0.2706075370388784,0.4249776275231182,6234.078,2070.0,19885.1776,1578
"Bridgeport-Stamford-Danbury, CT",2013,Pre-COVID (2006-2019),8928394.0,9469424.756237779,-0.05883162606592762,-541030.7562377788,Structurally Balanced,-0.05883162606592762,-541030.7562377788,Structurally Balanced,0.1397983930178981,0.08681133253815038,1.0189841131787494,0.902486421223327,258768.18842609265,9.634,9.34,0.2768886679920477,0.4314612326043737,,,,1507
"Bridgeport-Stamford-Danbury, CT",2014,Pre-COVID (2006-2019),7983504.0,7630231.546232538,0.04525922117549719,353272.4537674617,Structurally Balanced,0.04525922117549719,353272.4537674617,Structurally Balanced,0.14076004571781897,0.08642569395132287,1.01524403194393,0.9119483927860247,265854.9951606556,9.309,8.962,0.2721887600179202,0.4380008960127433,6182.54,2226.0,20323.0256,1504
"Bridgeport-Stamford-Danbury, CT",2015,Pre-COVID (2006-2019),7858494.0,7162677.271081853,0.09271115340562197,695816.7289181473,Structurally Balanced,0.09271115340562197,695816.7289181473,Structurally Balanced,0.1352065471229435,0.08538935718876682,1.000754259464012,0.9042150588168937,268371.9087938086,9.029,9.171,0.2735948038970772,0.4442667999000749,6210.423,2207.62,20612.2655,1305
"Bridgeport-Stamford-Danbury, CT",2016,Pre-COVID (2006-2019),6392268.0,6268919.424002479,0.019485135871297743,123348.57599752117,Structurally Balanced,0.019485135871297743,123348.57599752117,Structurally Balanced,0.12473999677847587,0.08371202066186657,0.9876475732590825,0.8613360874638939,255679.46182755756,10.411,8.619,0.2795285298614193,0.4473541450904966,6147.157,2244.014,20581.202,1157
"Bridgeport-Stamford-Danbury, CT",2017,Pre-COVID (2006-2019),6315901.0,6368979.079889637,-0.008368764913400994,-53078.07988963742,Structurally Balanced,-0.008368764913400994,-53078.07988963742,Structurally Balanced,0.11810944978600565,0.0824830355807777,0.9774608707800877,0.8116670507079079,261007.03417394403,8.37,9.736,0.2780453542042946,0.4530403371462974,5950.363,2235.458,20355.8481,1077
"Bridgeport-Stamford-Danbury, CT",2018,Pre-COVID (2006-2019),5875271.0,5685182.420313325,0.03288897193239748,190088.57968667522,Structurally Balanced,0.03288897193239748,190088.57968667522,Structurally Balanced,0.1271219183270042,0.08269689264974237,0.9645414774221441,0.8639944612894237,284237.6446428522,8.874,9.284,0.2740437985669593,0.4580684226460793,5989.607,2244.936,20446.3887,942
"Bridgeport-Stamford-Danbury, CT",2019,Pre-COVID (2006-2019),5256079.0,5893127.911298241,-0.11440159974296371,-637048.9112982405,Structurally Balanced,-0.11440159974296371,-637048.9112982405,Structurally Balanced,0.13344695341175866,0.08535591565686929,0.9855430867456734,0.9240032145528292,295738.54044667014,8.608,8.898,0.2722704431247145,0.4623115577889447,6005.546,2265.392,20546.0657,1134
"Bridgeport-Stamford-Danbury, CT",2020,COVID (2020),5481751.0,5616691.859553754,-0.024318278030738938,-134940.85955375433,Structurally Balanced,-0.17972969423616014,-1079322.7417462738,Structurally Balanced,0.13006817681047725,0.08985395524435716,0.9964950121365993,0.9361715896694381,289585.78992200154,9.36,9.899,0.2758620689655172,0.4616289777959685,5309.428,1982.0,18806.398,1112
"Bridgeport-Stamford-Danbury, CT",2021,COVID (2021),4764137.0,7328894.135687981,-0.4307082278350727,-2564757.135687981,Moderate Structural Deficit,-0.6141624310378706,-4040502.8609940466,Significant Structural Deficit,0.135312708009003,0.08924138017931922,0.9932373223888883,0.9376088045113626,310552.27617066796,9.864,10.148,0.2847254268574065,0.4596215966774342,5897.0,1940.0,19156.0,840
"Bridgeport-Stamford-Danbury, CT",2022,Recovery (2022),3685602.0,8285635.856794585,-0.8100895185951256,-4600033.856794585,Significant Structural Deficit,-1.0448457500277772,-6792416.92678115,Significant Structural Deficit,0.1402849412779883,0.08912157960017597,0.9817206199554529,0.9475107158737003,340780.8105829305,10.555,8.921,0.2905561701699688,0.455244895906668,6040.0,2026.0,19612.0,715
"Bridgeport-Stamford-Danbury, CT",2023,Recovery (2023),4080649.0,6328610.228587865,-0.43882461451163834,-2247961.228587865,Moderate Structural Deficit,-0.6532300894359224,-3761290.0675770203,Significant Structural Deficit,0.1400269924026877,0.08803280124272274,0.9722654316434302,0.9586235007422251,363926.3853472335,9.386,8.704,0.2957091418283656,0.4544408881776355,5987.709,2026.0,19591.9531,797
"Buffalo-Cheektowaga, NY",2007,Pre-COVID (2006-2019),11047777.0,13102325.699904809,-0.1705605175391547,-2054548.6999048088,Structurally Balanced,-0.1705605175391547,-2054548.6999048088,Structurally Balanced,0.14543985084391142,0.08497555288093121,0.9939707440658223,0.9371582882963945,123399.64182394269,9.375,9.213,0.2865697177074423,0.3631057213304483,4734.0,2968.0,21216.0,73
"Buffalo-Cheektowaga, NY",2008,Pre-COVID (2006-2019),12389735.0,10821180.703218428,0.1353629174373303,1568554.2967815716,Structurally Balanced,0.1353629174373303,1568554.2967815716,Structurally Balanced,0.1477773272563785,0.0841566528279909,0.9788502800580506,0.9557005786330055,127366.01636356654,8.324,8.522,0.2832293726862417,0.3740554794867894,4579.0,2956.0,20787.0,83
"Buffalo-Cheektowaga, NY",2009,Pre-COVID (2006-2019),14938939.0,13708580.688058902,0.08594919541151924,1230358.3119410984,Structurally Balanced,0.08594919541151924,1230358.3119410984,Structurally Balanced,0.14174057051290861,0.07978013912880398,0.9524963183515083,0.9425366695492633,139598.52199082373,7.635,8.637,0.275832097755509,0.3843754793189836,,,,99
"Buffalo-Cheektowaga, NY",2010,Pre-COVID (2006-2019),14084038.0,14395748.349107299,-0.021890810065535504,-311710.349107299,Structurally Balanced,-0.021890810065535504,-311710.349107299,Structurally Balanced,0.13502590611713156,0.07897469265827371,0.9483373879735546,0.8637806782035118,137650.76808924487,7.673,7.726,0.2693685395558284,0.3925391464537918,4621.069,2959.0,20731.172,140
"Buffalo-Cheektowaga, NY",2011,Pre-COVID (2006-2019),15111558.0,15195580.662094692,-0.0055447581706644655,-84022.66209469177,Structurally Balanced,-0.0055447581706644655,-84022.66209469177,Structurally Balanced,0.13239836869122346,0.08028759427813041,0.9493401395039779,0.8319690098517001,134833.48299781003,7.966,8.215,0.2619255904904029,0.403334534040035,4615.25351,2968.0,20716.85422,135
"Buffalo-Cheektowaga, NY",2012,Pre-COVID (2006-2019),12343631.0,14586848.57570093,-0.1669801187311144,-2243217.5757009294,Structurally Balanced,-0.1669801187311144,-2243217.5757009294,Structurally Balanced,0.12441114482398617,0.08006748180683251,0.9391969807607244,0.7947825105580847,130562.05704112028,8.151,7.3,0.2601476954418131,0.4102368220015279,4586.95324,2975.0,20693.19616,149
"Buffalo-Cheektowaga, NY",2013,Pre-COVID (2006-2019),13895491.0,14545897.5164624,-0.045744597206414994,-650406.5164624006,Structurally Balanced,-0.045744597206414994,-650406.5164624006,Structurally Balanced,0.12198280784240438,0.0794288382073921,0.9323290162146641,0.7874756306130787,132017.93608806073,8.025,8.66,0.2566712941539411,0.4197645123142578,,,,134
"Buffalo-Cheektowaga, NY",2014,Pre-COVID (2006-2019),12390514.0,13467190.088202102,-0.08332518363028285,-1076676.088202102,Structurally Balanced,-0.08332518363028285,-1076676.088202102,Structurally Balanced,0.12408267390386739,0.08010092966583837,0.9409469230551449,0.8038999594108515,139117.80192860065,8.415,8.012,0.2562008935449083,0.4270528423971653,4725.56606,2974.0,20494.5931,184
"Buffalo-Cheektowaga, NY",2015,Pre-COVID (2006-2019),11342448.0,12207829.393621214,-0.07352535146070238,-865381.3936212137,Structurally Balanced,-0.07352535146070238,-865381.3936212137,Structurally Balanced,0.11878014308318939,0.07946115796804029,0.9312763898979232,0.7943608970842486,139557.52112523472,8.241,7.896,0.2591222119436736,0.4341145030321718,4778.63082,2970.0,21017.425,196
"Buffalo-Cheektowaga, NY",2016,Pre-COVID (2006-2019),9480722.0,8910765.203889683,0.06200035444021523,569956.7961103171,Structurally Balanced,0.06200035444021523,569956.7961103171,Structurally Balanced,0.11519407312581809,0.0779231549683993,0.9193496262154969,0.795420994129307,143235.70521546094,8.726,7.534,0.2692972643140445,0.4378114512356351,4812.13451,3955.0,22078.90385,138
"Buffalo-Cheektowaga, NY",2017,Pre-COVID (2006-2019),7217553.0,7185512.932880419,0.004449069402243211,32040.067119580694,Structurally Balanced,0.004449069402243211,32040.067119580694,Structurally Balanced,0.1174503179337058,0.07822587948205238,0.927011666552733,0.80713739107819,149840.29511969906,7.985,7.977,0.273885673672454,0.441973804447152,4766.95935,3798.0,22086.28674,129
"Buffalo-Cheektowaga, NY",2018,Pre-COVID (2006-2019),5878264.0,5820085.041585301,0.009946606631121568,58178.95841469895,Structurally Balanced,0.009946606631121568,58178.95841469895,Structurally Balanced,0.11749398550464893,0.0801590869632112,0.9349415883832092,0.7985574324775754,150145.16551510096,7.799,8.624,0.2769160118379426,0.4472905398510052,4834.75054,3899.0,22222.66033,135
"Buffalo-Cheektowaga, NY",2019,Pre-COVID (2006-2019),5753831.0,4390161.3884814335,0.27049990466220564,1363669.6115185665,Moderate Structural Surplus,0.27049990466220564,1363669.6115185665,Moderate Structural Surplus,0.11970475251106474,0.07971820933212287,0.9204485651686087,0.8288505154268175,159758.44620721656,7.803,7.271,0.2775576551864269,0.4501168342984862,4799.53983,3912.0,22213.89541,145
"Buffalo-Cheektowaga, NY",2020,COVID (2020),7909854.0,2813027.828178764,1.033847901797028,5096826.171821237,Significant Structural Surplus,0.9517241816236943,4856058.8079914525,Significant Structural Surplus,0.11473431179790122,0.08326252970631515,0.9233950283499517,0.8258054022082517,161763.37335285507,7.453,8.325,0.2776099534074036,0.4489785469254006,3251.805,3194.0,16728.62556,143
"Buffalo-Cheektowaga, NY",2021,COVID (2021),6328929.0,4676220.419307556,0.3026408465975763,1652708.580692444,Moderate Structural Surplus,0.17595141792955005,1021117.467126348,Structurally Balanced,0.12455496969901352,0.0834432972060194,0.9287059088695411,0.8630662851538738,183848.3834598478,8.082,10.12,0.2773963628740632,0.4497667837115455,3821.0,3612.0,18617.0,159
"Buffalo-Cheektowaga, NY",2022,Recovery (2022),4440589.0,3521638.5642490922,0.23186064279848395,918950.4357509078,Moderate Structural Surplus,0.03435000972331537,149944.23902612738,Structurally Balanced,0.12747244791405749,0.08497805771671296,0.9360775681774045,0.8609727407440064,193238.83092402917,9.396,7.959,0.2794238683127572,0.4471707818930041,4340.0,3524.0,19749.0,128
"Buffalo-Cheektowaga, NY",2023,Recovery (2023),5834777.0,2387114.1505689006,0.8937508793712006,3447662.8494310994,Significant Structural Surplus,0.75081337433698,3080864.3755632206,Significant Structural Surplus,0.13082701027803892,0.08781579373617299,0.9698687238930573,0.8956405078223013,202214.32746665788,8.509,8.354,0.277774924238533,0.4472751553752119,4978.19347,3722.0,21624.84927,124
"Cape Coral-Fort Myers, FL",2006,Pre-COVID (2006-2019),1228476.0,2041886.2063480741,-0.5080996148529273,-813410.2063480741,Moderate Structural Deficit,-0.5080996148529273,-813410.2063480741,Moderate Structural Deficit,0.050548923430532015,0.03696585473290426,0.43294162459628094,0.32467814503027154,98992.23710533182,18.353,11.392,0.4912602091443401,0.2618884054652317,1633.0,4362.0,13471.0,11
"Cape Coral-Fort Myers, FL",2007,Pre-COVID (2006-2019),2644560.0,1946518.5246106219,0.3064622949605038,698041.4753893781,Moderate Structural Surplus,0.3064622949605038,698041.4753893781,Moderate Structural Surplus,0.05135328553626134,0.037060230544973996,0.4334986202638172,0.33090075995201956,104209.45864447295,15.99,14.088,0.4818071558520315,0.2719072164948453,1567.0,4332.0,13569.0,6
"Cape Coral-Fort Myers, FL",2008,Pre-COVID (2006-2019),4393668.0,3632734.9779706835,0.19017861148655157,760933.0220293165,Moderate Structural Surplus,0.19017861148655157,760933.0220293165,Structurally Balanced,0.053346979011151076,0.03789785318619365,0.44080085124970814,0.34500379493823385,107192.92648466342,13.077,17.716,0.4576666398649192,0.2912277880517809,1379.0,4203.0,13074.0,13
"Cape Coral-Fort Myers, FL",2009,Pre-COVID (2006-2019),6138080.0,6473170.52269979,-0.05315403323149326,-335090.5226997901,Structurally Balanced,-0.05315403323149326,-335090.5226997901,Structurally Balanced,0.05440649917578641,0.03608833880931874,0.43085923673060494,0.3617885856492321,116960.87725141554,12.496,17.123,0.430041325799106,0.311545922240027,,,,10
"Cape Coral-Fort Myers, FL",2010,Pre-COVID (2006-2019),6313347.0,5585932.270453974,0.12241462124270441,727414.7295460263,Structurally Balanced,0.12241462124270441,727414.7295460263,Structurally Balanced,0.055848069711332715,0.03613824521442025,0.433952294324006,0.3572683562646458,120907.80141843972,12.954,13.936,0.4183968686181075,0.3156909462219197,1426.062,4210.0,12948.673,15
"Cape Coral-Fort Myers, FL",2011,Pre-COVID (2006-2019),5570963.0,5048463.350142825,0.09848401959797037,522499.6498571746,Structurally Balanced,0.09848401959797037,522499.6498571746,Structurally Balanced,0.06574664872675332,0.039958829769609634,0.4724829703638277,0.4131408474513209,124789.77929976064,13.665,12.719,0.4033670033670034,0.3214646464646464,1437.463,4231.0,12955.675586,21
"Cape Coral-Fort Myers, FL",2012,Pre-COVID (2006-2019),4674083.0,5034176.31917768,-0.0742169279926248,-360093.3191776797,Structurally Balanced,-0.0742169279926248,-360093.3191776797,Structurally Balanced,0.06399351406990755,0.03977673114974699,0.4665837485747615,0.4088132606115958,120497.44770293264,13.922,11.428,0.4012958254736324,0.321413926023128,1412.757,4323.0,12982.000609,15
"Cape Coral-Fort Myers, FL",2013,Pre-COVID (2006-2019),3563579.0,3496553.5640964694,0.01898758953836044,67025.43590353057,Structurally Balanced,0.01898758953836044,67025.43590353057,Structurally Balanced,0.06233733418823393,0.03947499672095798,0.463354188334366,0.4024266404331209,120810.66259489453,12.987,10.424,0.3971326164874552,0.3280764635603345,,,,21
"Cape Coral-Fort Myers, FL",2014,Pre-COVID (2006-2019),2845585.0,2946485.055100246,-0.034844282855347686,-100900.05510024587,Structurally Balanced,-0.034844282855347686,-100900.05510024587,Structurally Balanced,0.062008395078367314,0.03950027860289667,0.4640104149386415,0.40173655771837663,120651.7348813136,12.81,10.53,0.3898700692445343,0.339531626857543,1578.147988,4876.0,16227.517571,22
"Cape Coral-Fort Myers, FL",2015,Pre-COVID (2006-2019),2319313.0,2527036.912868322,-0.08577641455073959,-207723.91286832187,Structurally Balanced,-0.08577641455073959,-207723.91286832187,Structurally Balanced,0.06161564517824344,0.04037262143243256,0.4731628647223271,0.41206432243422064,122239.50568666612,13.102,9.97,0.3978753861222029,0.3468695848715437,1726.685436,4868.141,16478.333709,16
"Cape Coral-Fort Myers, FL",2016,Pre-COVID (2006-2019),1495536.0,1620249.4819716178,-0.08009546758958663,-124713.48197161779,Structurally Balanced,-0.08009546758958663,-124713.48197161779,Structurally Balanced,0.06054120267212599,0.041440037380847644,0.4889160724034928,0.4180401153334452,123584.17548396175,12.975,9.009,0.4022204484435092,0.3576663522240766,1897.119912,4862.61,17045.218308,25
"Cape Coral-Fort Myers, FL",2017,Pre-COVID (2006-2019),1473684.0,1387045.901354902,0.0605891533831624,86638.09864509804,Structurally Balanced,0.0605891533831624,86638.09864509804,Structurally Balanced,0.06293179317116367,0.041814809779069144,0.4955242019205918,0.4324773593607132,130426.63412219539,13.298,9.96,0.4085031623330991,0.3651440618411806,1946.91281,4899.743,17234.69721,26
"Cape Coral-Fort Myers, FL",2018,Pre-COVID (2006-2019),1480253.0,1378361.358359395,0.07131764696542042,101891.64164060494,Structurally Balanced,0.07131764696542042,101891.64164060494,Structurally Balanced,0.06482924340191532,0.04504530437478715,0.5253893228686233,0.44061722766608247,127028.71045479394,11.804,10.176,0.4033266891195271,0.3680665337823905,2039.01234,4873.523,17527.58934,28
"Cape Coral-Fort Myers, FL",2019,Pre-COVID (2006-2019),1764861.0,1715488.7358273163,0.028373916564550683,49372.2641726837,Structurally Balanced,0.028373916564550683,49372.2641726837,Structurally Balanced,0.06861909914944289,0.04687541658693509,0.5412365669099285,0.47512713158888553,134874.61751682925,12.099,9.775,0.3981294576772978,0.3751850356614183,2077.60787,4872.942,17874.08637,37
"Cape Coral-Fort Myers, FL",2020,COVID (2020),2278095.0,1463974.7117842801,0.4421844253853582,814120.2882157199,Moderate Structural Surplus,0.11127395331149259,239897.9580783802,Structurally Balanced,0.06998027678997076,0.04867320852450963,0.5397938175059291,0.5036862096055533,138776.376146789,12.575,10.411,0.3980518625773331,0.3732394366197183,1846.74683,4472.0,16807.22979,31
"Cape Coral-Fort Myers, FL",2021,COVID (2021),1461233.0,1183776.8828846992,0.21057052466679949,277456.11711530085,Moderate Structural Surplus,-0.20909209422400643,-339822.161677415,Moderate Structural Deficit,0.07624241712914206,0.05117577718284202,0.5695753673701657,0.5282989501086273,152177.33895088927,14.514,10.031,0.404990282740894,0.3637389505360165,2079.0,4694.0,17700.0,37
"Cape Coral-Fort Myers, FL",2022,Recovery (2022),2330784.0,1288437.4299194436,0.5927745021401876,1042346.5700805564,Significant Structural Surplus,0.26643398363994386,545155.0465780732,Moderate Structural Surplus,0.08170595505760357,0.0527666884780533,0.5812525581129674,0.5518572931813435,175450.23554655194,14.261,10.637,0.4149680376311663,0.3562296466047521,2288.0,4905.0,18596.0,23
"Cape Coral-Fort Myers, FL",2023,Recovery (2023),3002948.0,1394245.8026283577,0.7672408470380603,1608702.1973716423,Significant Structural Surplus,0.4915442490613984,1166101.5345633302,Moderate Structural Surplus,0.07841432260045701,0.052604178330833556,0.580979174001961,0.5368237305519493,177869.07330728407,14.224,11.762,0.4275294117647059,0.351235294117647,2392.28612,5184.0,19809.85022,22
"Charleston-North Charleston, SC",2007,Pre-COVID (2006-2019),6755560.0,6856314.575486035,-0.014804193951372113,-100754.57548603509,Structurally Balanced,-0.014804193951372113,-100754.57548603509,Structurally Balanced,0.1476557076130386,0.09194225087769947,1.0754611699208043,0.9514364144414346,121651.85103436491,12.881,9.786,0.3985273815002301,0.2991256327657616,3208.0,831.0,11964.0,7
"Charleston-North Charleston, SC",2008,Pre-COVID (2006-2019),8006198.0,6168108.572378552,0.26082375308416417,1838089.4276214484,Moderate Structural Surplus,0.26082375308416417,1838089.4276214484,Moderate Structural Surplus,0.15403022772498187,0.09963180158723457,1.1588461946755984,0.9961391270011951,120942.67237726452,10.989,10.673,0.3900354227629755,0.314415524410904,3164.0,823.0,11715.0,19
"Charleston-North Charleston, SC",2009,Pre-COVID (2006-2019),8726668.0,8730270.3943142,-0.00041271777260831755,-3602.394314199686,Structurally Balanced,-0.00041271777260831755,-3602.394314199686,Structurally Balanced,0.162622737079265,0.10112825768457291,1.207371836872132,1.081397460480213,131852.459460008,10.034,12.85,0.3625866050808314,0.3375009954606992,,,,14
"Charleston-North Charleston, SC",2010,Pre-COVID (2006-2019),9745694.0,9496045.038445836,0.025950146249833494,249648.96155416407,Structurally Balanced,0.025950146249833494,249648.96155416407,Structurally Balanced,0.17733980470850544,0.10261681242398588,1.2322347397719162,1.1344689414689728,145181.23731139457,9.883,11.285,0.3470282559272491,0.3546606040922377,3213.785,822.0,11619.859,26
"Charleston-North Charleston, SC",2011,Pre-COVID (2006-2019),9133088.0,10712083.955810169,-0.15946858285450816,-1578995.9558101688,Structurally Balanced,-0.15946858285450816,-1578995.9558101688,Structurally Balanced,0.18584141425318884,0.10675457893985492,1.2622922354899366,1.167796090949226,151552.97528131917,10.39,10.212,0.3326816552623004,0.3673835125448029,3192.59905,818.0,11560.46677,37
"Charleston-North Charleston, SC",2012,Pre-COVID (2006-2019),8592033.0,8049209.862129766,0.06526144570088022,542823.1378702344,Structurally Balanced,0.06526144570088022,542823.1378702344,Structurally Balanced,0.17324934078795373,0.10833303979164896,1.270753889005982,1.1067782248832396,137141.26333059886,10.635,9.615,0.3296641491242166,0.3695163104611924,3281.548,821.0,11659.95995,32
"Charleston-North Charleston, SC",2013,Pre-COVID (2006-2019),7689358.0,6878074.716166254,0.1114985199701426,811283.2838337459,Structurally Balanced,0.1114985199701426,811283.2838337459,Structurally Balanced,0.16127457209885057,0.10660496338680099,1.251320085766615,1.0411286443699024,131525.11415525115,10.347,9.286,0.3229646087922552,0.3750991906046659,,,,42
"Charleston-North Charleston, SC",2014,Pre-COVID (2006-2019),7305687.0,7298986.494908861,0.0009175837533934583,6700.505091139115,Structurally Balanced,0.0009175837533934583,6700.505091139115,Structurally Balanced,0.1588578768528315,0.10619967543266999,1.247529313888145,1.0291996193846125,133569.28169556396,11.351,9.42,0.3198374237924027,0.3835391589807722,3402.54455,778.0,11830.894062,37
"Charleston-North Charleston, SC",2015,Pre-COVID (2006-2019),7016074.0,6506861.165888875,0.07534661816610466,509212.8341111252,Structurally Balanced,0.07534661816610466,509212.8341111252,Structurally Balanced,0.15692492007516787,0.1071003163117653,1.2552044103341964,1.049460095350116,135683.90111795499,11.434,8.315,0.3297993184399848,0.3888678530859523,3600.84865,791.498,12420.815628,31
"Charleston-North Charleston, SC",2016,Pre-COVID (2006-2019),6527592.0,7412620.864101465,-0.1271459539260178,-885028.8641014649,Structurally Balanced,-0.1271459539260178,-885028.8641014649,Structurally Balanced,0.16338280393822122,0.10786791027919677,1.2726425545275046,1.1281666565451662,145658.31707304178,12.283,7.997,0.3466385024400903,0.3921625755699613,3844.9366,871.336,13420.453587,63
"Charleston-North Charleston, SC",2017,Pre-COVID (2006-2019),8012834.0,6353592.369169909,0.2320241258758955,1659241.6308300914,Moderate Structural Surplus,0.2320241258758955,1659241.6308300914,Moderate Structural Surplus,0.16442428749342874,0.10994480826879788,1.3028951622776308,1.1299500314017497,147975.87866236217,11.072,8.246,0.3571024335031126,0.3950905489530277,3914.98655,881.61,13745.41852,56
"Charleston-North Charleston, SC",2018,Pre-COVID (2006-2019),6426307.0,5730209.998303673,0.11464785524420584,696097.0016963268,Structurally Balanced,0.11464785524420584,696097.0016963268,Structurally Balanced,0.1732111054974344,0.11391283880878053,1.3286310322122368,1.1772433719780553,157941.99904017322,11.151,8.947,0.3581636175353814,0.4004142216085606,3809.0907,922.836,14091.28455,42
"Charleston-North Charleston, SC",2019,Pre-COVID (2006-2019),5597101.0,5177739.102675563,0.07788029080071901,419361.8973244373,Structurally Balanced,0.07788029080071901,419361.8973244373,Structurally Balanced,0.17955651682567966,0.11850772246776654,1.3683230471523016,1.2432715359856088,163964.84874070948,11.357,9.097,0.3695549720595166,0.3971588231333737,3905.3265,1100.449,14515.71834,51
"Charleston-North Charleston, SC",2020,COVID (2020),6437784.0,4183900.0394868846,0.4309405461804019,2253883.9605131154,Moderate Structural Surplus,0.30765949767798695,1704946.6565969447,Moderate Structural Surplus,0.1645121222484745,0.12065652873145909,1.3381005737103149,1.1840834459428002,155401.91860866363,10.82,9.784,0.3675099866844207,0.3968042609853529,3319.0161,1095.0,13290.13738,65
"Charleston-North Charleston, SC",2021,COVID (2021),5318063.0,5577906.607077323,-0.0477044066715937,-259843.6070773229,Structurally Balanced,-0.20917483809254023,-1237303.1737489654,Moderate Structural Deficit,0.1537119736856361,0.11289200991024688,1.2564637325985473,1.0651009946300254,164970.20778765588,12.474,9.163,0.376280737704918,0.3887679303278688,3806.0,1055.0,14554.0,47
"Charleston-North Charleston, SC",2022,Recovery (2022),10953389.0,5613796.37656484,0.6684216994640515,5339592.62343516,Significant Structural Surplus,0.6513621687342788,5243002.341723977,Significant Structural Surplus,0.15119354332206422,0.11474060699985113,1.2639275509176053,1.021189453148016,173217.65127270226,12.82,9.544,0.3799161632351128,0.3783134015534459,3837.0,1140.0,15185.0,68
"Charleston-North Charleston, SC",2023,Recovery (2023),14065057.0,5065368.424049065,1.021266620290989,8999688.575950935,Significant Structural Surplus,1.0541824208732962,9163705.057602027,Significant Structural Surplus,0.16201860313670913,0.12020178891933614,1.3275511234243698,1.10917786534774,190690.32403424685,12.137,9.112,0.3844453736335941,0.3729765246998387,4577.5109,1736.0,18143.60829,67
"Charlotte-Concord-Gastonia, NC-SC",2006,Pre-COVID (2006-2019),33672799.0,31772993.285336636,0.058073698903722715,1899805.714663364,Structurally Balanced,0.058073698903722715,1899805.714663364,Structurally Balanced,0.1272563826959684,0.0784773859359396,0.9191219087633323,0.8173738127928812,153605.06654875402,14.141,9.762,0.3883258499037845,0.304554201411161,10565.0,7545.0,30184.0,244
"Charlotte-Concord-Gastonia, NC-SC",2007,Pre-COVID (2006-2019),35946030.0,28572812.414059192,0.22956299610282116,7373217.585940808,Moderate Structural Surplus,0.22956299610282116,7373217.585940808,Moderate Structural Surplus,0.12885560538100757,0.0776375360507463,0.9081369506818999,0.8302958087179312,154479.59049281033,14.021,10.245,0.3931297709923664,0.3121289228159457,10462.0,7682.0,30430.0,233
"Charlotte-Concord-Gastonia, NC-SC",2008,Pre-COVID (2006-2019),38789644.0,35476982.24539894,0.0892692050528936,3312661.7546010613,Structurally Balanced,0.0892692050528936,3312661.7546010613,Structurally Balanced,0.12717001620572885,0.07815533674042122,0.9090472432732913,0.8224296671825068,158236.4781789014,11.82,10.695,0.392246095692828,0.3229384263403959,10223.0,7548.0,30021.0,205
"Charlotte-Concord-Gastonia, NC-SC",2009,Pre-COVID (2006-2019),54945758.0,43714941.982914716,0.22865651495208894,11230816.017085284,Moderate Structural Surplus,0.22865651495208894,11230816.017085284,Moderate Structural Surplus,0.131571737724453,0.07596259539754435,0.9069186045385493,0.8749166666457091,170774.7336299934,9.83,12.968,0.3713703120563715,0.3435975531063676,,,,249
"Charlotte-Concord-Gastonia, NC-SC",2010,Pre-COVID (2006-2019),51977258.0,57360476.321087524,-0.098549223556617,-5383218.321087524,Structurally Balanced,-0.098549223556617,-5383218.321087524,Structurally Balanced,0.13824087333793317,0.07647896016959696,0.9183683390323494,0.8843472986857848,184715.48709206973,10.709,12.275,0.3604910421530309,0.3530152401437452,10628.833,9309.0,33486.89,328
"Charlotte-Concord-Gastonia, NC-SC",2011,Pre-COVID (2006-2019),50003662.0,50211492.53865402,-0.004147692782776602,-207830.53865402192,Structurally Balanced,-0.004147692782776602,-207830.53865402192,Structurally Balanced,0.1404381698823331,0.07934454539239258,0.9381892989688382,0.8824897640157611,185422.17808800278,10.653,11.156,0.3482764073371284,0.3629295804343243,10860.28335,8852.0,32967.21509,390
"Charlotte-Concord-Gastonia, NC-SC",2012,Pre-COVID (2006-2019),45145773.0,47026980.96320842,-0.04082484582809798,-1881207.963208422,Structurally Balanced,-0.04082484582809798,-1881207.963208422,Structurally Balanced,0.13407325421004093,0.0810847785558632,0.951129940480032,0.8565074915957553,177377.35412500202,11.513,10.108,0.3421251137989335,0.3686825334894004,10767.03525,9403.0,33906.194023,526
"Charlotte-Concord-Gastonia, NC-SC",2013,Pre-COVID (2006-2019),40259539.0,38425518.13176975,0.04662519600501369,1834020.8682302535,Structurally Balanced,0.04662519600501369,1834020.8682302535,Structurally Balanced,0.14519477514402107,0.08353191834434419,0.9804906254471463,0.9373234568102435,188927.6928350153,10.929,9.35,0.3359757818312424,0.3758947125375202,,,,672
"Charlotte-Concord-Gastonia, NC-SC",2014,Pre-COVID (2006-2019),34854442.0,38928912.509338126,-0.11055663708804886,-4074470.5093381256,Structurally Balanced,-0.11055663708804886,-4074470.5093381256,Structurally Balanced,0.13554399539635698,0.08252287000409653,0.9693974955842558,0.8781549346843971,184235.5062695958,10.903,9.343,0.3321215793193982,0.3819297182671917,13435.88175,11581.0,42893.212677,592
"Charlotte-Concord-Gastonia, NC-SC",2015,Pre-COVID (2006-2019),32457708.0,29560248.672549587,0.09350744109946163,2897459.3274504133,Structurally Balanced,0.09350744109946163,2897459.3274504133,Structurally Balanced,0.13673093382614043,0.08700609435319163,1.0197022484991696,0.9144096347588231,181829.81723941606,11.184,9.184,0.3376254263259354,0.3912559932776432,14754.46715,12210.82,45430.830655,715
"Charlotte-Concord-Gastonia, NC-SC",2016,Pre-COVID (2006-2019),25314781.0,26749295.676595654,-0.055119688761468666,-1434514.6765956543,Structurally Balanced,-0.055119688761468666,-1434514.6765956543,Structurally Balanced,0.13506189006612943,0.08712085886809877,1.027865582039651,0.9326092910009764,183381.9404026926,11.336,7.953,0.3455725611362602,0.3948168906133985,15603.10125,13082.838,47304.270651,877
"Charlotte-Concord-Gastonia, NC-SC",2017,Pre-COVID (2006-2019),29137298.0,26943549.01519407,0.07827517162758824,2193748.9848059304,Structurally Balanced,0.07827517162758824,2193748.9848059304,Structurally Balanced,0.129215687950392,0.08586373304915065,1.0175236481501528,0.8879908977132065,182631.66365586384,11.662,8.814,0.3557582402202057,0.3977232965546199,16131.84455,13013.671,48297.4409,1148
"Charlotte-Concord-Gastonia, NC-SC",2018,Pre-COVID (2006-2019),28674128.0,27827227.4321249,0.02998030736178592,846900.5678750984,Structurally Balanced,0.02998030736178592,846900.5678750984,Structurally Balanced,0.12867201338771656,0.0873104846575102,1.018352457603021,0.8745298084943208,182907.12398150188,10.686,9.156,0.3622850880197273,0.3995022490124894,16250.9161,13105.651,48733.94957,1267
"Charlotte-Concord-Gastonia, NC-SC",2019,Pre-COVID (2006-2019),26901673.0,28868199.65120856,-0.07055215320786701,-1966526.651208561,Structurally Balanced,-0.07055215320786701,-1966526.651208561,Structurally Balanced,0.10956158742722313,0.08049952555691015,0.9294698590997383,0.7586179855443944,174265.8937565333,10.86,8.438,0.3670007365907011,0.4009285507019932,15942.28895,13714.444,49428.81229,1550
"Charlotte-Concord-Gastonia, NC-SC",2020,COVID (2020),28615697.0,30716904.3803362,-0.07085772091399178,-2101207.380336199,Structurally Balanced,0.10401505995649885,2826895.3414155096,Structurally Balanced,0.11026901751277762,0.08054900020661937,0.893301543824103,0.7936662444853205,182898.35480316653,10.937,9.305,0.3709468507826392,0.3981471317863493,13510.3108,11819.0,42449.15519999999,1963
"Charlotte-Concord-Gastonia, NC-SC",2021,COVID (2021),24902533.0,26435141.809920534,-0.059724728944466676,-1532608.8099205345,Structurally Balanced,0.08736954308397316,2083385.5920652002,Structurally Balanced,0.11118557005369695,0.08048801329261897,0.8958142360250974,0.7704270422998629,194158.95407553483,12.522,9.593,0.3839347931667969,0.3891504951749477,15164.0,13100.0,46968.0,2117
"Charlotte-Concord-Gastonia, NC-SC",2022,Recovery (2022),27664573.0,34724681.77714209,-0.2272980829470157,-7060108.777142093,Moderate Structural Deficit,-0.059181316006100104,-1686642.4467690513,Structurally Balanced,0.11501904118365842,0.08264501528904522,0.9103778906273914,0.7768601038587369,210519.50502201583,12.882,9.465,0.3949754055042888,0.3804422944022114,15628.0,13512.0,47607.0,2164
"Charlotte-Concord-Gastonia, NC-SC",2023,Recovery (2023),33457535.0,28742726.69263915,0.15189227215761036,4714808.30736085,Structurally Balanced,0.3580083775407452,10068469.069085125,Moderate Structural Surplus,0.11313995720830733,0.08248629176067085,0.9110078167594854,0.7745551053538972,219493.85046797415,11.546,9.798,0.3917887394120578,0.3801494768310912,12394.5135,13116.0,42076.6135,2353
"Chattanooga, TN-GA",2007,Pre-COVID (2006-2019),10296782.0,9170311.8874729,0.11586012182554128,1126470.1125271004,Structurally Balanced,0.11586012182554128,1126470.1125271004,Structurally Balanced,0.11530553460845838,0.07105067346737035,0.8310895119646553,0.7429843802627032,116528.200952345,10.399,9.531,0.3154347337676926,0.3480116827679173,3320.0,1369.0,11501.0,20
"Chattanooga, TN-GA",2008,Pre-COVID (2006-2019),9989327.0,10319098.274731718,-0.032479156732573955,-329771.274731718,Structurally Balanced,-0.032479156732573955,-329771.274731718,Structurally Balanced,0.11827523565703794,0.07027776913019115,0.8174209843581408,0.7649056404930161,122928.95230817788,9.303,9.74,0.310172570390554,0.3587647593097184,3209.0,1390.0,11233.0,18
"Chattanooga, TN-GA",2009,Pre-COVID (2006-2019),12998150.0,11472270.89719233,0.12487414229206806,1525879.1028076708,Structurally Balanced,0.12487414229206806,1525879.1028076708,Structurally Balanced,0.12354126872708042,0.0709962587750641,0.8476254345809299,0.8215162077911088,134553.29705790058,7.782,10.29,0.2945645821157218,0.3755698421975453,,,,21
"Chattanooga, TN-GA",2010,Pre-COVID (2006-2019),13009557.0,11793831.958623005,0.09810756177708413,1215725.041376995,Structurally Balanced,0.09810756177708413,1215725.041376995,Structurally Balanced,0.12568089964755172,0.07358287618757679,0.8835918223228117,0.8039992906295776,135789.00749748558,7.749,8.988,0.2838747784997046,0.3890135853514471,3203.743,1806.0,11597.558,21
"Chattanooga, TN-GA",2011,Pre-COVID (2006-2019),12198378.0,11011752.542364458,0.10233987668710043,1186625.4576355424,Structurally Balanced,0.10233987668710043,1186625.4576355424,Structurally Balanced,0.14077791795353767,0.07949273210728248,0.9399414949070909,0.8846246835709883,144716.6533640077,8.185,9.316,0.2746622025588903,0.4030850173382757,3352.7291,1727.0,11627.98763,25
"Chattanooga, TN-GA",2012,Pre-COVID (2006-2019),10869836.0,10945153.720544964,-0.006905162072492033,-75317.72054496408,Structurally Balanced,-0.006905162072492033,-75317.72054496408,Structurally Balanced,0.1478796667052549,0.08398286835980713,0.98512473003023,0.9447077505056073,147852.4211318321,7.815,8.131,0.2683365292425695,0.4067593480345158,3359.27439,1835.0,11746.93543,28
"Chattanooga, TN-GA",2013,Pre-COVID (2006-2019),10754587.0,11300348.480352353,-0.04950120297349159,-545761.4803523533,Structurally Balanced,-0.04950120297349159,-545761.4803523533,Structurally Balanced,0.1561565592241545,0.08720161795704437,1.0235652505698096,1.0080886571186327,154242.82867689265,8.315,7.941,0.2640946010511228,0.4166268514094601,,,,28
"Chattanooga, TN-GA",2014,Pre-COVID (2006-2019),8455109.0,9349866.698578006,-0.10059121231493151,-894757.6985780057,Structurally Balanced,-0.10059121231493151,-894757.6985780057,Structurally Balanced,0.15481981009703408,0.08450124433162721,0.9926374909739124,1.0030380160039596,162429.41068655162,8.346,7.878,0.2592680891643819,0.4253188699487424,3634.2545,1963.0,12453.52673,42
"Chattanooga, TN-GA",2015,Pre-COVID (2006-2019),7878011.0,8122616.130741718,-0.030576825031266353,-244605.13074171823,Structurally Balanced,-0.030576825031266353,-244605.13074171823,Structurally Balanced,0.1498962422882782,0.08361912462974794,0.9800073205947605,1.0024547066783793,166579.2194914654,8.353,8.296,0.2565970149253731,0.4334328358208955,3579.0243,1919.144,12605.70291,21
"Chattanooga, TN-GA",2016,Pre-COVID (2006-2019),7173585.0,7901397.219564579,-0.09663407741735952,-727812.2195645794,Structurally Balanced,-0.09663407741735952,-727812.2195645794,Structurally Balanced,0.14449164166180065,0.08252591617968137,0.9736537262082064,0.9977222103126223,164265.08063378627,9.114,7.454,0.2637609260571698,0.4394046775336641,3717.2411,2025.514,12984.73145,41
"Chattanooga, TN-GA",2017,Pre-COVID (2006-2019),6850811.0,6961960.779714946,-0.016094116467085584,-111149.7797149457,Structurally Balanced,-0.016094116467085584,-111149.7797149457,Structurally Balanced,0.15110225842527963,0.08471794409735851,1.0039455364977012,1.0383989145116022,175326.83788570474,9.178,8.07,0.2783951339337934,0.4393496315358521,3783.2509,2206.734,13428.12771,43
"Chattanooga, TN-GA",2018,Pre-COVID (2006-2019),4336455.0,4328122.992102377,0.0019232351473874587,8332.007897622883,Structurally Balanced,0.0019232351473874587,8332.007897622883,Structurally Balanced,0.147157780854581,0.08787907539184224,1.024984258742926,1.000169831192612,165583.6501740154,7.639,7.445,0.2838483965014577,0.4412827988338192,3782.3656,2232.707,13473.40694,53
"Chattanooga, TN-GA",2019,Pre-COVID (2006-2019),2739598.0,3240468.6383132376,-0.16790676649161007,-500870.6383132376,Structurally Balanced,-0.16790676649161007,-500870.6383132376,Structurally Balanced,0.1466970690878679,0.09124715918508668,1.0535650192255528,1.0157486547064518,162331.2450045615,8.661,6.558,0.2899347303332188,0.4437192259246536,3788.86472,2079.493,13543.52432,50
"Chattanooga, TN-GA",2020,COVID (2020),2577944.0,2495432.2226799163,0.03253023227275165,82511.7773200837,Structurally Balanced,-0.27366632609036934,-811474.9587601386,Moderate Structural Deficit,0.15453454835516484,0.09583405147677802,1.062815254261706,1.112269406246108,175436.7392061909,8.188,7.926,0.2912377030427819,0.4441775337451384,3338.99884,1848.0,11708.88751,51
"Chattanooga, TN-GA",2021,COVID (2021),1215728.0,1526575.2462300423,-0.2276837509704901,-310847.2462300423,Moderate Structural Deficit,-0.6841091681964091,-1193851.4796575783,Significant Structural Deficit,0.1609820267204346,0.10385144067541989,1.1558441460163151,1.1154766454834404,178443.2896112021,10.544,8.198,0.3035914702581369,0.4364758698092031,3799.0,1982.0,12973.0,45
"Chattanooga, TN-GA",2022,Recovery (2022),1763545.0,1426948.5076506317,0.21178773429900488,336596.4923493683,Moderate Structural Surplus,-0.17029106555215456,-327401.9580896173,Structurally Balanced,0.16633023827319326,0.10878413656074604,1.1983139264906317,1.1234255202443815,191447.6504094577,10.463,8.827,0.3161077515118197,0.4262781748213304,4072.0,2302.0,13724.0,49
"Chattanooga, TN-GA",2023,Recovery (2023),2419872.0,1393153.5655890473,0.5521447165751479,1026718.4344109527,Significant Structural Surplus,0.23330115058751133,503538.9394620713,Moderate Structural Surplus,0.171847792983697,0.11147205311117482,1.2311368297311232,1.1764684085416008,200788.74047365403,9.917,8.076,0.3134183232497839,0.4241573033707865,4107.72885,2080.0,13578.00476,50
"Chicago-Naperville-Elgin, IL-IN",2006,Pre-COVID (2006-2019),127641083.0,113982058.79620852,0.11318122914655149,13659024.203791484,Structurally Balanced,0.11318122914655149,13659024.203791484,Structurally Balanced,0.13201685072271938,0.08514853763753645,0.9972539924520859,0.847950525876109,149643.91551455553,12.391,9.901,0.3580153344496342,0.3374225199024706,51275.0,21079.0,171608.0,3123
"Chicago-Naperville-Elgin, IL-IN",2007,Pre-COVID (2006-2019),130250067.0,123642770.80747357,0.05205966773225512,6607296.19252643,Structurally Balanced,0.05205966773225512,6607296.19252643,Structurally Balanced,0.1364015233016361,0.08465416725848995,0.9902114521819836,0.8789187925912495,162491.37277942817,11.519,10.661,0.3603527782161205,0.3475181035540827,50967.0,21243.0,173065.0,2671
"Chicago-Naperville-Elgin, IL-IN",2008,Pre-COVID (2006-2019),145611302.0,136262268.045892,0.06635928618267428,9349033.954108,Structurally Balanced,0.06635928618267428,9349033.954108,Structurally Balanced,0.13592619191507646,0.08524787569019888,0.991542607620807,0.8790573132998145,160382.5330521277,10.6,10.914,0.3559858718917867,0.3599011740009788,52839.0,21220.0,172794.0,2471
"Chicago-Naperville-Elgin, IL-IN",2009,Pre-COVID (2006-2019),174576470.0,153865014.41378036,0.1262871808901842,20711455.58621964,Structurally Balanced,0.1262871808901842,20711455.58621964,Structurally Balanced,0.13209468099874674,0.08299808731186392,0.990915451615515,0.8783940987622331,166738.15012737774,9.351,12.075,0.3440906422307092,0.3740505141598223,,,,2628
"Chicago-Naperville-Elgin, IL-IN",2010,Pre-COVID (2006-2019),178449457.0,150425313.57510898,0.17083870136377044,28024143.424891025,Structurally Balanced,0.17083870136377044,28024143.424891025,Structurally Balanced,0.1406886949004294,0.08224803738641681,0.9876440960459287,0.9000063750080722,186235.38352188925,9.866,11.134,0.3332720103513193,0.3833483574639267,54410.573,23390.0,177999.706,3442
"Chicago-Naperville-Elgin, IL-IN",2011,Pre-COVID (2006-2019),163184064.0,144983086.1762698,0.11826170214682818,18200977.8237302,Structurally Balanced,0.11826170214682818,18200977.8237302,Structurally Balanced,0.14908995504982137,0.08345960530603479,0.9868467732350517,0.9368561222299766,199650.59420987032,10.588,10.326,0.3281063586361328,0.3887926973269622,52700.08031,22982.0,172708.04867,3642
"Chicago-Naperville-Elgin, IL-IN",2012,Pre-COVID (2006-2019),159212046.0,127601422.51332241,0.22132541730483624,31610623.486677587,Moderate Structural Surplus,0.22132541730483624,31610623.486677587,Moderate Structural Surplus,0.15441054700524895,0.08381074047269027,0.9831056582643052,0.9864293297767183,211653.24660243024,10.455,10.034,0.3238273875645718,0.3928881442767044,51496.467365,28697.0,175685.883405,4093
"Chicago-Naperville-Elgin, IL-IN",2013,Pre-COVID (2006-2019),147651376.0,124364396.20934288,0.17163799224686827,23286979.790657118,Structurally Balanced,0.17163799224686827,23286979.790657118,Structurally Balanced,0.1462324749464323,0.08416462104366194,0.9879172364680839,0.9440224607169792,200711.07903299245,10.252,9.753,0.3210556213589886,0.3996289492131789,,,,4452
"Chicago-Naperville-Elgin, IL-IN",2014,Pre-COVID (2006-2019),130226001.0,121411118.27476667,0.07008895205404286,8814882.725233331,Structurally Balanced,0.07008895205404286,8814882.725233331,Structurally Balanced,0.14943720470729074,0.0846457663587109,0.994335193575685,0.9681654901451786,210548.99213508502,10.214,9.54,0.3135651357596765,0.4071165511265164,52559.987272,28732.0,175531.780184,4878
"Chicago-Naperville-Elgin, IL-IN",2015,Pre-COVID (2006-2019),127378306.0,117744601.63537247,0.0786435602023019,9633704.364627525,Structurally Balanced,0.0786435602023019,9633704.364627525,Structurally Balanced,0.14180935498387534,0.08479756981171377,0.9938185738261209,0.9483723753475811,205969.64581719847,10.305,9.322,0.3151233502719299,0.4143569481964559,54114.738838,28512.037,176909.606223,4382
"Chicago-Naperville-Elgin, IL-IN",2016,Pre-COVID (2006-2019),122709884.0,108956221.00710188,0.11887674325712183,13753662.992898121,Structurally Balanced,0.11887674325712183,13753662.992898121,Structurally Balanced,0.13772210811883626,0.08434542464116357,0.9951205729322381,0.950978233349023,201322.51897197834,10.334,8.947,0.3193028086548702,0.4206274015970436,56701.219826,28131.602,181154.307371,4193
"Chicago-Naperville-Elgin, IL-IN",2017,Pre-COVID (2006-2019),116195835.0,105366048.97365789,0.09783653218461907,10829786.026342109,Structurally Balanced,0.09783653218461907,10829786.026342109,Structurally Balanced,0.1396577656409191,0.0840880294549178,0.9964807661896996,0.959750527596244,210838.19484114778,9.809,9.472,0.3185127344034381,0.4290771814050703,58460.75149,30432.383,185130.55267,4541
"Chicago-Naperville-Elgin, IL-IN",2018,Pre-COVID (2006-2019),110269522.0,98309383.7778269,0.11480808574098234,11960138.222173095,Structurally Balanced,0.11480808574098234,11960138.222173095,Structurally Balanced,0.1473993437458965,0.08542820755723132,0.9963983759314103,1.001811633038402,229805.68014160934,9.23,9.2,0.3179138933158338,0.4337911315271398,56411.79881,30655.087,184080.93162,4574
"Chicago-Naperville-Elgin, IL-IN",2019,Pre-COVID (2006-2019),107662130.0,97918596.56879938,0.09486141120905245,9743533.431200624,Structurally Balanced,0.09486141120905245,9743533.431200624,Structurally Balanced,0.1422914253660781,0.0858750211398401,0.9915368226935166,0.9852434325411509,227004.9421595302,9.471,8.867,0.3189071510284126,0.4395909695795298,55250.84991,30742.299,184660.60217,5540
"Chicago-Naperville-Elgin, IL-IN",2020,COVID (2020),120967178.0,121896350.59141184,-0.007651845713038341,-929172.5914118439,Structurally Balanced,0.45534006989581854,44245892.76576166,Moderate Structural Surplus,0.14014977140940985,0.08958167719488057,0.993475404179667,1.0087343231029808,221258.6795504305,9.382,9.831,0.3190133281687413,0.4425351104224988,44407.90025,30694.0,157592.47355,5339
"Chicago-Naperville-Elgin, IL-IN",2021,COVID (2021),87859022.0,119286701.47998129,-0.30579634450102233,-31427679.47998129,Moderate Structural Deficit,0.09328137613453436,7824975.050532281,Structurally Balanced,0.15338844258764844,0.0881604168123008,0.9812064331522978,1.0628591829741219,262750.3154011293,10.958,10.688,0.3248839596016141,0.4381487183075595,50211.0,27603.0,167500.0,4809
"Chicago-Naperville-Elgin, IL-IN",2022,Recovery (2022),90582120.0,101637829.28026283,-0.11515895870111592,-11055709.280262828,Structurally Balanced,0.2900193290803088,22804129.828846946,Moderate Structural Surplus,0.15822216465263692,0.0874842363114256,0.9636844307886628,1.0686620754256932,290952.54754218203,11.377,9.84,0.3262349280435628,0.4368121811151532,56127.0,27478.0,167492.0,4419
"Chicago-Naperville-Elgin, IL-IN",2023,Recovery (2023),99859484.0,90737091.27641964,0.09579781968572476,9122392.72358036,Structurally Balanced,0.5204644491980801,40518536.10926006,Moderate Structural Surplus,0.15224355042944884,0.08645918341274984,0.9548858390699532,1.042257944514007,293481.85363725235,10.06,9.563,0.3211568167515304,0.442325075805252,52726.83919,26416.0,166441.34457,4101
"Cincinnati, OH-KY-IN",2006,Pre-COVID (2006-2019),23332805.0,24142060.113983054,-0.034095242024775985,-809255.1139830537,Structurally Balanced,-0.034095242024775985,-809255.1139830537,Structurally Balanced,0.14368787742508016,0.08130054196482613,0.9521865238376038,0.922914086782185,143878.2397515542,10.798,9.031,0.308065547097449,0.3512406299029577,17358.0,6802.0,41011.0,476
"Cincinnati, OH-KY-IN",2007,Pre-COVID (2006-2019),24527622.0,28779846.92450703,-0.159875471578367,-4252224.924507029,Structurally Balanced,-0.159875471578367,-4252224.924507029,Structurally Balanced,0.14518221498067405,0.08077471080810243,0.9448329158402924,0.9354981821893383,153136.62430254187,10.406,10.022,0.3056902494596015,0.3633814336624408,17499.0,6806.0,41303.0,369
"Cincinnati, OH-KY-IN",2008,Pre-COVID (2006-2019),30197703.0,30241841.336726163,-0.0014605783368217828,-44138.33672616258,Structurally Balanced,-0.0014605783368217828,-44138.33672616258,Structurally Balanced,0.14151362181458257,0.08078775197508398,0.9396656234380224,0.915192152704273,151045.71666710675,8.72,10.237,0.2988211478923553,0.3791974279590379,16807.0,6839.0,40622.0,406
"Cincinnati, OH-KY-IN",2009,Pre-COVID (2006-2019),37068948.0,36792287.91309083,0.007491382383559397,276660.08690916747,Structurally Balanced,0.007491382383559397,276660.08690916747,Structurally Balanced,0.13495752034422,0.07834708587456378,0.9353870733242252,0.8974312103836458,153593.01237547174,7.743,10.363,0.2858456164005761,0.3952134342536696,,,,501
"Cincinnati, OH-KY-IN",2010,Pre-COVID (2006-2019),36810015.0,39532271.26878466,-0.07134737760665999,-2722256.268784657,Structurally Balanced,-0.07134737760665999,-2722256.268784657,Structurally Balanced,0.13848022999754284,0.07782222831984628,0.9344984607976545,0.8858784986141216,165070.14484249183,7.83,9.711,0.2732991174813794,0.4076797896976904,17099.368,6962.0,43543.015,836
"Cincinnati, OH-KY-IN",2011,Pre-COVID (2006-2019),37112088.0,38893499.606536336,-0.04688439278301715,-1781411.6065363362,Structurally Balanced,-0.04688439278301715,-1781411.6065363362,Structurally Balanced,0.14656276021139114,0.07926163983323516,0.9372090033726903,0.9209756562679327,176765.5788552927,8.251,8.977,0.2647972116603295,0.4178707224334601,16994.529191,6930.0,43560.634265,777
"Cincinnati, OH-KY-IN",2012,Pre-COVID (2006-2019),33815349.0,34925622.369692564,-0.03230591332439303,-1110273.369692564,Structurally Balanced,-0.03230591332439303,-1110273.369692564,Structurally Balanced,0.1385499599491668,0.0807606994521778,0.9473284706593214,0.8851062753414239,167442.99719265455,8.513,8.662,0.2625710675931775,0.4213202779532533,17043.490049,6855.0,44751.98575299999,941
"Cincinnati, OH-KY-IN",2013,Pre-COVID (2006-2019),29611055.0,31056235.73669403,-0.047651845761553346,-1445180.7366940305,Structurally Balanced,-0.047651845761553346,-1445180.7366940305,Structurally Balanced,0.14228688096291914,0.08158113097516012,0.9575924475333957,0.9185511736949231,174160.9659843911,8.62,8.759,0.2595461037930487,0.4292651960006348,,,,1075
"Cincinnati, OH-KY-IN",2014,Pre-COVID (2006-2019),27659585.0,29221547.32805646,-0.05493403682850584,-1561962.3280564584,Structurally Balanced,-0.05493403682850584,-1561962.3280564584,Structurally Balanced,0.14704505083614977,0.08343705447913934,0.9801364354752765,0.9526673360563602,183629.77646208502,8.504,7.899,0.2549555273189327,0.4366581956797967,16179.323401,6787.0,46000.29563,1108
"Cincinnati, OH-KY-IN",2015,Pre-COVID (2006-2019),25403881.0,26490941.04785777,-0.041900869670364216,-1087060.0478577688,Structurally Balanced,-0.041900869670364216,-1087060.0478577688,Structurally Balanced,0.14036307825356512,0.08425520143496965,0.9874620736591814,0.938700172140041,178528.38997869662,8.657,7.906,0.2582462804685027,0.4434314656536878,15635.236768,6964.52,46076.98140999999,1033
"Cincinnati, OH-KY-IN",2016,Pre-COVID (2006-2019),26949761.0,24475526.14932998,0.09630074343659345,2474234.850670021,Structurally Balanced,0.09630074343659345,2474234.850670021,Structurally Balanced,0.14202836424917972,0.08527317388465461,1.0060663042821956,0.9807131532040751,183378.25190031834,8.516,7.335,0.2645995157080411,0.4496053335010535,16958.606194,7133.039,48365.46769199999,1003
"Cincinnati, OH-KY-IN",2017,Pre-COVID (2006-2019),18325170.0,23456912.46076995,-0.24688970122756615,-5131742.460769951,Moderate Structural Deficit,-0.24688970122756615,-5131742.460769951,Moderate Structural Deficit,0.1417740093540368,0.0851843891454837,1.0094731189842234,0.9742936932474052,190425.47347008472,8.076,7.921,0.2687912087912087,0.455447409733124,17975.14545,7007.803,45723.96519,1062
"Cincinnati, OH-KY-IN",2018,Pre-COVID (2006-2019),15683673.0,20282710.137587734,-0.25714857083062626,-4599037.137587734,Moderate Structural Deficit,-0.25714857083062626,-4599037.137587734,Moderate Structural Deficit,0.13373829710441537,0.0869323166461008,1.0139416663295986,0.9089632179972258,179745.90859349063,7.843,7.988,0.2701243250031395,0.4589036795177696,17669.27763,5424.643,43668.35967999999,943
"Cincinnati, OH-KY-IN",2019,Pre-COVID (2006-2019),20932874.0,23567788.488347683,-0.11856004326286396,-2634914.488347683,Structurally Balanced,-0.11856004326286396,-2634914.488347683,Structurally Balanced,0.12619861100763766,0.08714383357694654,1.0061868831626009,0.8738147950321387,177684.87217302818,8.133,7.497,0.2759344549926371,0.4615722029012752,17603.2346,5605.069,43981.12051000002,926
"Cincinnati, OH-KY-IN",2020,COVID (2020),25405965.0,25851673.088614978,-0.01739133285083838,-445708.0886149779,Structurally Balanced,0.133703143557387,3179563.358056441,Structurally Balanced,0.12075815472429867,0.08828351224009683,0.9790785431972588,0.8691622843189436,175430.91410891848,7.808,8.35,0.2764498679079129,0.4604667253742609,14740.34358,5019.0,38402.43553,989
"Cincinnati, OH-KY-IN",2021,COVID (2021),15788325.0,26893727.59965532,-0.5326223418409839,-11105402.599655319,Moderate Structural Deficit,-0.47660661611515565,-9640347.067980424,Moderate Structural Deficit,0.12785281306213603,0.08726448890225182,0.9712349486611072,0.8859177010974326,197563.89137922655,9.146,8.334,0.2880195750480084,0.4531066096760205,16617.0,5953.0,42256.0,873
"Cincinnati, OH-KY-IN",2022,Recovery (2022),18114284.0,24020796.6422736,-0.2822191835811907,-5906512.642273601,Moderate Structural Deficit,-0.19873590658083629,-3982602.249100987,Structurally Balanced,0.13641267796802098,0.08810766015893311,0.9705517691910543,0.9213567256631039,220764.8508523862,9.299,8.303,0.295151496658835,0.4471973880938577,16652.0,6253.0,42536.0,770
"Cincinnati, OH-KY-IN",2023,Recovery (2023),23577710.0,24291618.083975803,-0.02982958183402218,-713908.0839758031,Structurally Balanced,0.10633848304951243,2378513.264113385,Structurally Balanced,0.13651985920584211,0.08879396205331742,0.980671961182601,0.9346136991672478,227558.54665194056,8.98,8.149,0.2993605479285995,0.4435251689547534,17259.59465,6376.0,43603.95991,850
"Cleveland, OH",2006,Pre-COVID (2006-2019),32117304.0,29662775.45034492,0.07950204244687598,2454528.54965508,Structurally Balanced,0.07950204244687598,2454528.54965508,Structurally Balanced,0.1414396338823892,0.09059570337985064,1.0610508342392588,0.9084735113262044,130211.17508147347,10.402,9.893,0.2943739434775362,0.357824813694912,15740.0,6293.0,39232.0,796
"Cleveland, OH",2007,Pre-COVID (2006-2019),33172811.0,30287389.732756488,0.09099914916888707,2885421.267243512,Structurally Balanced,0.09099914916888707,2885421.267243512,Structurally Balanced,0.14278551910620893,0.08981826239020535,1.0506165840872765,0.9200547986170374,137910.092680294,9.461,10.34,0.2930110123647604,0.3725125579598145,15671.0,6287.0,39143.0,682
"Cleveland, OH",2008,Pre-COVID (2006-2019),33624425.0,35395009.532888964,-0.051318099150762464,-1770584.5328889638,Structurally Balanced,-0.051318099150762464,-1770584.5328889638,Structurally Balanced,0.142368479699714,0.09057933214884327,1.0535543140313262,0.920720660971659,139176.71545628083,8.384,10.582,0.2844868144112913,0.388139160579423,14751.0,6281.0,38430.0,692
"Cleveland, OH",2009,Pre-COVID (2006-2019),40881162.0,39802484.3595421,0.02674003871270969,1078677.6404578984,Structurally Balanced,0.02674003871270969,1078677.6404578984,Structurally Balanced,0.12977176737075133,0.08510084029144235,1.0160202520498376,0.8629473479367029,138153.7174533701,7.459,10.785,0.2725244287143187,0.4038367828473237,,,,747
"Cleveland, OH",2010,Pre-COVID (2006-2019),41899418.0,37910054.89418848,0.10005555907621755,3989363.1058115214,Structurally Balanced,0.10005555907621755,3989363.1058115214,Structurally Balanced,0.13417793142136192,0.08380867995059085,1.0063844753124014,0.8583560587443694,150756.61726391513,7.886,9.713,0.2627253932113789,0.4146188270393342,15090.047,6280.0,39221.734,979
"Cleveland, OH",2011,Pre-COVID (2006-2019),41094288.0,37225105.61846408,0.0988857178763638,3869182.3815359175,Structurally Balanced,0.0988857178763638,3869182.3815359175,Structurally Balanced,0.150174786924096,0.08559777506395265,1.012129015087176,0.9436730226889296,172392.40542425824,8.358,8.996,0.2512466031712529,0.4233437986439068,14963.554847,6280.0,39726.334979,980
"Cleveland, OH",2012,Pre-COVID (2006-2019),37998602.0,34128134.25294038,0.10742727404842611,3870467.747059621,Structurally Balanced,0.10742727404842611,3870467.747059621,Structurally Balanced,0.1449110593771562,0.08743998678628478,1.025676963159198,0.9257432341961929,162716.58700879404,8.829,8.465,0.2457370265925203,0.428432121867011,15142.788652,6374.0,39877.655409,964
"Cleveland, OH",2013,Pre-COVID (2006-2019),36240874.0,31409930.957204424,0.14306348244873135,4830943.042795576,Structurally Balanced,0.14306348244873135,4830943.042795576,Structurally Balanced,0.1392986425506064,0.08873983409033126,1.0416207020486332,0.8992602181104413,156721.90312964024,8.081,8.352,0.2400574605623686,0.4413822457503126,,,,1059
"Cleveland, OH",2014,Pre-COVID (2006-2019),34146184.0,30257178.135292605,0.1209173874040097,3889005.8647073954,Structurally Balanced,0.1209173874040097,3889005.8647073954,Structurally Balanced,0.14159558618512658,0.08799399913290223,1.0336669384092454,0.917361646116422,167040.36304635264,7.912,7.852,0.2350880945378713,0.4482528139454054,15574.756229,6254.0,41246.76086,1180
"Cleveland, OH",2015,Pre-COVID (2006-2019),31385541.0,29841014.42560939,0.050463538900764604,1544526.5743906088,Structurally Balanced,0.050463538900764604,1544526.5743906088,Structurally Balanced,0.1334333090185246,0.08809303215403326,1.0324410448758659,0.8923562499721893,160520.42226138178,8.905,8.446,0.235945393958938,0.4575674513597764,15352.797653,6375.13,41435.18868,1115
"Cleveland, OH",2016,Pre-COVID (2006-2019),29930253.0,26748753.37720918,0.11238190535109283,3181499.622790821,Structurally Balanced,0.11238190535109283,3181499.622790821,Structurally Balanced,0.1296543364603283,0.08659007244682236,1.0216032804400992,0.8952698554882148,158770.0393860914,10.304,7.138,0.2379899714239499,0.4685124278859114,16179.623004,6566.383,42062.625831,1203
"Cleveland, OH",2017,Pre-COVID (2006-2019),26459926.0,25328892.33878165,0.04368562817423083,1131033.661218349,Structurally Balanced,0.04368562817423083,1131033.661218349,Structurally Balanced,0.12691498443609373,0.08533493205103253,1.0112571197610065,0.872180094772483,164575.15529792625,7.269,11.458,0.2398062503420721,0.4783810409939248,16594.857,6894.702,43383.65686,1407
"Cleveland, OH",2018,Pre-COVID (2006-2019),25613509.0,26746293.948338103,-0.04327601214074406,-1132784.9483381025,Structurally Balanced,-0.04327601214074406,-1132784.9483381025,Structurally Balanced,0.12789067559610198,0.08575916563267795,1.000258530537317,0.8692193826194173,168845.3268700404,6.897,8.218,0.2387173396674584,0.4863006131580401,16616.02623,6480.062,43324.45498,1224
"Cleveland, OH",2019,Pre-COVID (2006-2019),26365403.0,27812094.10311513,-0.05341830749278387,-1446691.1031151302,Structurally Balanced,-0.05341830749278387,-1446691.1031151302,Structurally Balanced,0.12307946571512772,0.08606019440073771,0.993674884545743,0.8522174471478178,166152.5895981845,7.468,9.033,0.2437539772570069,0.4902194062474061,16627.76334,6026.457,42904.12555,1193
"Cleveland, OH",2020,COVID (2020),25917132.0,29863410.588549916,-0.1417297876829835,-3946278.5885499157,Structurally Balanced,0.0133460586573797,343593.65339461714,Structurally Balanced,0.11374290615379108,0.08797866227480441,0.9756977073838795,0.8186697152122986,157259.57085478317,7.47,8.599,0.2470956210902591,0.4903094280607685,13534.06586,10969.0,42636.14274,1174
"Cleveland, OH",2021,COVID (2021),24763692.0,26614907.064741433,-0.0720929266104946,-1851215.0647414327,Structurally Balanced,0.0738839009998884,1763682.0814442858,Structurally Balanced,0.1238634427987233,0.08675908201671291,0.9656098789826588,0.8582745570168137,188113.6299665794,9.189,9.07,0.2602945262572937,0.4823284245623784,15435.0,11785.0,46657.0,1068
"Cleveland, OH",2022,Recovery (2022),20383687.0,24824086.319878027,-0.19707948032384337,-4440399.319878027,Moderate Structural Deficit,-0.09000523269479999,-1919735.8291955441,Structurally Balanced,0.13311805853156264,0.08944311702471441,0.9852625221655898,0.8991042501491132,209382.6713687912,9.712,9.05,0.2670967741935484,0.4779684282772821,15506.0,5089.0,39495.0,1062
"Cleveland, OH",2023,Recovery (2023),17793054.0,22757719.693691853,-0.2460962586122939,-4964665.693691853,Moderate Structural Deficit,-0.16618910662226227,-3216919.6994213983,Structurally Balanced,0.12856274718527305,0.08864033408964102,0.9789752395480763,0.8801393835365884,210742.8626837712,8.734,8.712,0.2715253677078169,0.4757340384509447,15994.47882,5977.0,41206.05343,1057
"Colorado Springs, CO",2007,Pre-COVID (2006-2019),3890929.0,4313206.45702172,-0.1030336384633408,-422277.4570217198,Structurally Balanced,-0.1030336384633408,-422277.4570217198,Structurally Balanced,0.1662738660338888,0.10850350062964509,1.2691803889256774,1.0714046444394203,122542.09076485304,13.952,11.912,0.4150329391221525,0.3041511231050083,2549.0,1075.0,10747.0,46
"Colorado Springs, CO",2008,Pre-COVID (2006-2019),5266302.0,4461263.461195798,0.16589639528390343,805038.5388042023,Structurally Balanced,0.16589639528390343,805038.5388042023,Structurally Balanced,0.15889401580968301,0.10883052395334253,1.265839185267142,1.0275940543110715,119563.71591990502,11.64,12.969,0.3998065452200548,0.3189585684346284,2455.0,1067.0,10671.0,34
"Colorado Springs, CO",2009,Pre-COVID (2006-2019),6204475.0,6383394.684617249,-0.028429232188679876,-178919.6846172493,Structurally Balanced,-0.028429232188679876,-178919.6846172493,Structurally Balanced,0.16184660688570762,0.11074382619249548,1.3221722584139672,1.0762364034509866,126798.21430366892,11.233,13.707,0.382185096352659,0.335290712099909,,,,48
"Colorado Springs, CO",2010,Pre-COVID (2006-2019),6051526.0,6252634.137950345,-0.03269236538745801,-201108.13795034494,Structurally Balanced,-0.03269236538745801,-201108.13795034494,Structurally Balanced,0.16162749584676764,0.10820265221527717,1.2993101602516561,1.0339549794077847,137195.58257865583,12.025,12.136,0.364923384410393,0.3481845436375749,2752.012,1108.0,11078.675,60
"Colorado Springs, CO",2011,Pre-COVID (2006-2019),6139714.0,6654573.434926245,-0.08052619159246888,-514859.43492624536,Structurally Balanced,-0.08052619159246888,-514859.43492624536,Structurally Balanced,0.15499884837289282,0.10550113653696627,1.247471226138276,0.9739866108901511,138252.27620545443,11.515,11.35,0.3530389955932485,0.3566974307807433,2800.024,1068.0,10675.59835,43
"Colorado Springs, CO",2012,Pre-COVID (2006-2019),5632920.0,5130310.35829815,0.09346180174163621,502609.6417018501,Structurally Balanced,0.09346180174163621,502609.6417018501,Structurally Balanced,0.15721023761038344,0.10351465275654605,1.21423388296379,1.0043147461602968,143809.56442927974,10.932,11.735,0.3364243943191312,0.368671679197995,2785.997,1068.0,10682.33407,60
"Colorado Springs, CO",2013,Pre-COVID (2006-2019),4781355.0,5235733.023998505,-0.09078287907064997,-454378.02399850544,Structurally Balanced,-0.09078287907064997,-454378.02399850544,Structurally Balanced,0.15454266735987257,0.10237430273579427,1.2016609472004398,0.9976699716001891,140645.2933681123,11.575,9.811,0.3253497942386831,0.3807407407407407,,,,44
"Colorado Springs, CO",2014,Pre-COVID (2006-2019),4233595.0,4164151.0133382496,0.01653909740304016,69443.98666175036,Structurally Balanced,0.01653909740304016,69443.98666175036,Structurally Balanced,0.14971980173602595,0.09970239881383157,1.171205699814768,0.969996364132516,139704.34314607218,12.036,10.095,0.3242871030460142,0.3873946856772521,3075.191,1153.0,11525.75705,60
"Colorado Springs, CO",2015,Pre-COVID (2006-2019),4857159.0,3989163.6328485766,0.1968721059828571,867995.3671514234,Moderate Structural Surplus,0.1968721059828571,867995.3671514234,Structurally Balanced,0.14260478538404997,0.09858558725517216,1.1554126839164625,0.9536919413107933,136463.2496774462,11.314,10.813,0.3256170350056461,0.3958703016615583,3223.77,1203.0,12026.88532,73
"Colorado Springs, CO",2016,Pre-COVID (2006-2019),4343629.0,4510764.7365977615,-0.03775652996807999,-167135.7365977615,Structurally Balanced,-0.03775652996807999,-167135.7365977615,Structurally Balanced,0.13659618986486743,0.0959840994120791,1.1324354866395203,0.9432037099505661,136315.3846689265,13.964,9.279,0.3346698113207547,0.4034591194968553,3341.543,1235.0,12348.98843,98
"Colorado Springs, CO",2017,Pre-COVID (2006-2019),4079280.0,4029152.197762666,0.012364521191537747,50127.802237334196,Structurally Balanced,0.012364521191537747,50127.802237334196,Structurally Balanced,0.1389045708717336,0.09548558860604277,1.131546940878625,0.9545744525402593,143665.79471468172,11.344,10.3,0.3441618142813362,0.4112779650628256,3478.109,1274.0,12739.723,116
"Colorado Springs, CO",2018,Pre-COVID (2006-2019),3023954.0,3965343.1235621455,-0.27102714288013097,-941389.1235621455,Moderate Structural Deficit,-0.27102714288013097,-941389.1235621455,Moderate Structural Deficit,0.1372971441736856,0.09838910618939394,1.1475687998109794,0.9331512116720538,141343.60899588134,11.684,9.862,0.3551716401166704,0.4136564206117717,3616.56,1294.0,12943.35665,97
"Colorado Springs, CO",2019,Pre-COVID (2006-2019),2490545.0,3130200.518205648,-0.22859550379570592,-639655.5182056478,Moderate Structural Deficit,-0.22859550379570592,-639655.5182056478,Moderate Structural Deficit,0.1381354797509221,0.09909339681271638,1.1441598560492838,0.956467150957097,147358.2071335355,11.585,10.222,0.3676751358496108,0.4084300190923777,3691.589,1303.0,13027.40909,82
"Colorado Springs, CO",2020,COVID (2020),2467310.0,2124176.652755551,0.14974421857908027,343133.34724444896,Structurally Balanced,-0.16521918667807434,-443256.32318072673,Structurally Balanced,0.13815997840328287,0.10455004219918972,1.1594770123010947,0.9944126978804385,149134.0040681924,10.991,10.535,0.3701803254654742,0.4074182671162586,3215.931,1155.0,11546.38658,88
"Colorado Springs, CO",2021,COVID (2021),2369709.0,3111092.2810874353,-0.2722067175148162,-741383.2810874353,Moderate Structural Deficit,-0.5952369664857837,-1927664.960510172,Moderate Structural Deficit,0.1395723013132134,0.10643185345239596,1.1845635839285464,0.9671243780626627,154005.94345990595,12.687,10.817,0.3771773906861002,0.3990046214006399,3638.0,1275.0,12753.0,69
"Colorado Springs, CO",2022,Recovery (2022),2685439.0,2782783.729876983,-0.035607552849651114,-97344.72987698298,Structurally Balanced,-0.33363919181921453,-1063539.5167640066,Moderate Structural Deficit,0.1418589125761641,0.1110281766768892,1.2230331972206652,0.9581416122330175,159026.38501949637,13.575,11.874,0.3833950660423509,0.3909427632958278,3702.0,1282.0,12820.0,100
"Colorado Springs, CO",2023,Recovery (2023),2184203.0,2857863.584120694,-0.2688233448489754,-673660.5841206941,Moderate Structural Deficit,-0.6081458765458265,-1828226.3419851088,Moderate Structural Deficit,0.1430292627259769,0.11296597054094142,1.2476361828607243,0.9791770157331731,167413.74922376845,12.472,11.666,0.3812844292587685,0.3916044906212956,3738.996,1295.0,12950.4532,103
"Columbia, SC",2007,Pre-COVID (2006-2019),4994108.0,6326739.437024198,-0.23652618903663125,-1332631.4370241975,Moderate Structural Deficit,-0.23652618903663125,-1332631.4370241975,Moderate Structural Deficit,0.12161184593052687,0.062341990563073525,0.7292228487568695,0.783619817453825,144878.88826187534,11.291,10.028,0.3407799785045294,0.3404729003531399,5528.0,1047.0,13473.0,30
"Columbia, SC",2008,Pre-COVID (2006-2019),6504815.0,5562474.300308388,0.15649964458584797,942340.6996916123,Structurally Balanced,0.15649964458584797,942340.6996916123,Structurally Balanced,0.12080705710413026,0.06305664869151426,0.7334300516605322,0.7812793513112103,146318.0555378286,9.764,10.041,0.3297995821403698,0.356728313859011,5361.0,1040.0,13042.0,26
"Columbia, SC",2009,Pre-COVID (2006-2019),7733886.0,8354340.388818273,-0.07716975788612856,-620454.3888182733,Structurally Balanced,-0.07716975788612856,-620454.3888182733,Structurally Balanced,0.1329838934192169,0.06377477752460717,0.7614080579353523,0.8843071221843835,170262.2632345799,8.911,10.958,0.3142132784027888,0.36895896054508,,,,31
"Columbia, SC",2010,Pre-COVID (2006-2019),8027029.0,8805047.517960116,-0.09251066668580421,-778018.5179601163,Structurally Balanced,-0.09251066668580421,-778018.5179601163,Structurally Balanced,0.1467141454184518,0.06388067168121941,0.767086610723482,0.9385520725309177,190962.21121233108,8.505,10.05,0.298159607811621,0.3855179619062926,5424.772,1059.0,13345.357,27
"Columbia, SC",2011,Pre-COVID (2006-2019),9115164.0,8431706.921451308,0.07794016698657913,683457.0785486922,Structurally Balanced,0.07794016698657913,683457.0785486922,Structurally Balanced,0.14712546783617464,0.06471997719489242,0.7652648299069719,0.9245116160388491,193634.03517528533,8.737,9.79,0.2871384213106717,0.39851282889361,5375.91824,1057.0,13223.14979,38
"Columbia, SC",2012,Pre-COVID (2006-2019),10587318.0,9995250.34344984,0.05754685524066261,592067.6565501597,Structurally Balanced,0.05754685524066261,592067.6565501597,Structurally Balanced,0.14672279634687768,0.06427657581725503,0.7539685847351355,0.9373172524186224,195600.28132793691,8.307,8.935,0.2771114032205061,0.4100394347683207,5397.93177,1065.0,13320.57336,59
"Columbia, SC",2013,Pre-COVID (2006-2019),9767553.0,9390495.571370231,0.039367905759252864,377057.428629769,Structurally Balanced,0.039367905759252864,377057.428629769,Structurally Balanced,0.1413992378862997,0.06267776092703872,0.7357062812761311,0.9128208801897655,195361.2277965778,8.58,8.178,0.2701596397871469,0.4180925092099877,,,,67
"Columbia, SC",2014,Pre-COVID (2006-2019),8787610.0,8321648.756257354,0.054482371819513986,465961.2437426457,Structurally Balanced,0.054482371819513986,465961.2437426457,Structurally Balanced,0.1424161453422905,0.06311689358716532,0.7414351751147135,0.9226778393639122,204916.68127666324,9.092,8.248,0.2647587898609975,0.4281275551921504,6233.14125,1163.0,15374.701703,66
"Columbia, SC",2015,Pre-COVID (2006-2019),8084017.0,6765664.853563928,0.1780283672369869,1318352.146436072,Moderate Structural Surplus,0.1780283672369869,1318352.146436072,Structurally Balanced,0.14538507067090767,0.06421725762972504,0.7526194858450048,0.972285536648287,213274.6498521288,9.214,8.53,0.2682175569425306,0.4362486828240253,6588.88997,1187.739,15857.539979,69
"Columbia, SC",2016,Pre-COVID (2006-2019),7671134.0,6931053.855827632,0.101452580023917,740080.1441723676,Structurally Balanced,0.101452580023917,740080.1441723676,Structurally Balanced,0.14473435380111896,0.06305303291989332,0.7439095897768181,0.9993981501062692,219298.96365424353,9.412,7.321,0.2775644103056489,0.4425508081293007,6795.21653,1170.098,16169.69942,83
"Columbia, SC",2017,Pre-COVID (2006-2019),6423533.0,7406058.323295696,-0.14233007973911604,-982525.3232956957,Structurally Balanced,-0.14233007973911604,-982525.3232956957,Structurally Balanced,0.13825533554231742,0.062450939557534876,0.7400715714586108,0.950112803400437,213474.04367204284,8.858,7.803,0.2777556387981191,0.4538136606360086,6903.00783,1335.344,16522.29141,114
"Columbia, SC",2018,Pre-COVID (2006-2019),4173471.0,5796477.454307398,-0.3285023339050177,-1623006.4543073978,Moderate Structural Deficit,-0.3285023339050177,-1623006.4543073978,Moderate Structural Deficit,0.12553285042484932,0.06386017270031576,0.7448379661093316,0.853194231996605,190716.86650928168,8.425,8.53,0.2855559952512861,0.4554016620498615,7114.52019,1380.86,17159.13764,106
"Columbia, SC",2019,Pre-COVID (2006-2019),3463089.0,4749259.837836312,-0.3158278169414519,-1286170.8378363121,Moderate Structural Deficit,-0.3158278169414519,-1286170.8378363121,Moderate Structural Deficit,0.1244903490758753,0.06492965661930397,0.7496958320167186,0.8619865780823198,194145.81322714736,8.853,7.533,0.2890087554721701,0.45864602876798,7254.48862,1351.532,17342.27359,102
"Columbia, SC",2020,COVID (2020),3197833.0,3139978.8785256306,0.018257319597314137,57854.12147436943,Structurally Balanced,-0.24487194035840432,-887263.4273878173,Moderate Structural Deficit,0.11557270499118077,0.06411600754532297,0.711056976215182,0.8318397751637842,190752.03731782158,8.817,8.344,0.2918130024194177,0.4575821431358776,6351.65957,1336.0,15897.57386,100
"Columbia, SC",2021,COVID (2021),2923266.0,3091309.523455403,-0.055893310749411285,-168043.5234554028,Structurally Balanced,-0.3369648941081156,-1171323.1331721074,Moderate Structural Deficit,0.11720849526078818,0.06396532710742131,0.7119203008093725,0.812161095118512,201349.02741890584,10.053,8.492,0.3047023854889109,0.4447831720143281,7012.0,1304.0,16592.0,92
"Columbia, SC",2022,Recovery (2022),3043850.0,3201017.5536260908,-0.05034558324863703,-157167.55362609075,Structurally Balanced,-0.3233382606829025,-1161936.9501334429,Moderate Structural Deficit,0.12087291897479982,0.06610990275732247,0.7282350134645187,0.816398288684508,211761.01533626928,10.548,8.76,0.3131200119340643,0.4382785112254792,7093.0,1388.0,17176.0,58
"Columbia, SC",2023,Recovery (2023),4897102.0,2895411.3671243577,0.5255164049268028,2001690.6328756423,Moderate Structural Surplus,0.34756394285977166,1437755.6372531261,Moderate Structural Surplus,0.11661875655383663,0.06461587039128229,0.7136405547720698,0.7983709336436365,221907.69104514358,9.885,8.641,0.3177494285082221,0.4352923825676572,7580.7252,1383.0,17882.79083,77
"Columbus, OH",2006,Pre-COVID (2006-2019),31684446.0,31683386.43324168,3.344178639963502e-05,1059.5667583197355,Structurally Balanced,3.344178639963502e-05,1059.5667583197355,Structurally Balanced,0.12452411756719386,0.08242548192415926,0.9653617455952503,0.7998243436145606,125285.66661268396,11.472,9.818,0.3282967032967033,0.3374313186813187,13183.0,3417.0,31527.0,179
"Columbus, OH",2007,Pre-COVID (2006-2019),33388458.0,36275949.34476871,-0.08294469780249969,-2887491.3447687104,Structurally Balanced,-0.08294469780249969,-2887491.3447687104,Structurally Balanced,0.12326121657328598,0.0850330624551351,0.9946434414749518,0.7942477255503022,125902.45052393357,11.266,11.092,0.3277438498430114,0.3499982748507746,12979.0,3414.0,31249.0,140
"Columbus, OH",2008,Pre-COVID (2006-2019),38412147.0,38604374.40650674,-0.004991858945761152,-192227.40650673956,Structurally Balanced,-0.004991858945761152,-192227.40650673956,Structurally Balanced,0.1209727895479818,0.08500547131151685,0.9887231324398588,0.7823511706181895,123308.95186245805,9.488,11.315,0.3185971324149564,0.3637897104301377,12557.0,3411.0,30553.0,141
"Columbus, OH",2009,Pre-COVID (2006-2019),41960766.0,47427550.52940799,-0.12246825580427156,-5466784.529407993,Structurally Balanced,-0.12246825580427156,-5466784.529407993,Structurally Balanced,0.1114907361541446,0.08369328642412914,0.9992154445985404,0.7413834074468669,119636.89421312677,9.624,10.714,0.3083183936894944,0.3787020437432771,,,,147
"Columbus, OH",2010,Pre-COVID (2006-2019),40044036.0,43764702.73731581,-0.08884787034654451,-3720666.737315811,Structurally Balanced,-0.08884787034654451,-3720666.737315811,Structurally Balanced,0.11950746970515795,0.08311168341911103,0.9980148590740664,0.7645069468577317,133441.2643345861,8.496,10.085,0.295013698630137,0.3918904109589041,12862.562,3411.0,31884.381,222
"Columbus, OH",2011,Pre-COVID (2006-2019),38796951.0,42610583.16746744,-0.09376099251538506,-3813632.1674674377,Structurally Balanced,-0.09376099251538506,-3813632.1674674377,Structurally Balanced,0.12099900820287936,0.0841745758919649,0.995300760203908,0.7603373519077233,136514.50582983755,9.239,10.061,0.2888110356908255,0.3984745639004452,12752.29541,3411.0,31612.98901,210
"Columbus, OH",2012,Pre-COVID (2006-2019),34935534.0,37238711.7351249,-0.0638443808138156,-2303177.735124901,Structurally Balanced,-0.0638443808138156,-2303177.735124901,Structurally Balanced,0.11226107968989135,0.07655747373887518,0.8980243485574971,0.7171635859482185,141517.88837189585,9.537,8.818,0.2872966298663568,0.4037623474723997,12931.20202,3438.0,31677.657272,221
"Columbus, OH",2013,Pre-COVID (2006-2019),29747716.0,30795806.82793928,-0.034626182826158924,-1048090.8279392794,Structurally Balanced,-0.034626182826158924,-1048090.8279392794,Structurally Balanced,0.11186969369286792,0.0775795330388648,0.9106220278290115,0.7221891276768851,143085.00226737617,9.453,8.432,0.2883212989905521,0.411287135826418,,,,278
"Columbus, OH",2014,Pre-COVID (2006-2019),30010710.0,29411519.678483862,0.020167894553093646,599190.3215161376,Structurally Balanced,0.020167894553093646,599190.3215161376,Structurally Balanced,0.109571229375605,0.07706899816992312,0.9053307744798788,0.7098840158448629,146021.24304994926,9.137,8.1,0.2844361736391941,0.4180653473141753,12669.986141,3166.0,33899.367091,218
"Columbus, OH",2015,Pre-COVID (2006-2019),29643078.0,24441680.371636916,0.19293875427325347,5201397.628363084,Moderate Structural Surplus,0.19293875427325347,5201397.628363084,Structurally Balanced,0.1052893803885962,0.07611634869816544,0.8920755780622964,0.704139298774485,148382.2762858489,9.483,8.074,0.2868997801262501,0.4243208738208384,12706.601767,3230.595,33806.243383,237
"Columbus, OH",2016,Pre-COVID (2006-2019),23710392.0,24482040.487002548,-0.03202637434862865,-771648.4870025478,Structurally Balanced,-0.03202637434862865,-771648.4870025478,Structurally Balanced,0.10463911796656639,0.07511026603957399,0.8861627206500076,0.72253848639306,150464.08834278875,9.614,7.487,0.2931360863773399,0.4314309752506485,14143.685323,3327.512,36711.631282,250
"Columbus, OH",2017,Pre-COVID (2006-2019),23516093.0,21702949.309304185,0.08023683110414126,1813143.6906958148,Structurally Balanced,0.08023683110414126,1813143.6906958148,Structurally Balanced,0.10007086179397566,0.07448221014345582,0.8826475101434594,0.6877029856737072,149077.9055893969,9.369,8.904,0.3002749069144309,0.433343772836413,14200.73158,4341.249,38132.4135,231
"Columbus, OH",2018,Pre-COVID (2006-2019),19390740.0,20835466.826641463,-0.07186103798133203,-1444726.8266414627,Structurally Balanced,-0.07186103798133203,-1444726.8266414627,Structurally Balanced,0.10197687508464773,0.07573380008936531,0.883326919408952,0.6930941289455244,153830.12989250605,9.154,8.024,0.3049036837933767,0.4341293635204521,14176.62755,2651.012,36492.23023,253
"Columbus, OH",2019,Pre-COVID (2006-2019),19005680.0,19566335.646933455,-0.02907263863062326,-560655.646933455,Structurally Balanced,-0.02907263863062326,-560655.646933455,Structurally Balanced,0.09805046229281747,0.0757482612712519,0.8746104432760471,0.6789135310373537,155053.12059888276,9.156,7.488,0.3106532935754947,0.4317565735971808,14000.19726,2631.267,36337.30258,328
"Columbus, OH",2020,COVID (2020),22065959.0,27965883.232476898,-0.23694920699699296,-5899924.232476898,Moderate Structural Deficit,-0.11402537518930345,-2665138.9851875864,Structurally Balanced,0.09530192510944485,0.07622338689658194,0.8453297870309631,0.6859399194798275,156825.36394513212,8.807,8.677,0.3144054620428581,0.4296964780639491,11483.72802,2588.0,31785.31276,273
"Columbus, OH",2021,COVID (2021),22588485.0,21402704.936879203,0.05392295019818505,1185780.0631207973,Structurally Balanced,0.18152447009956774,3749737.3679065295,Structurally Balanced,0.09801011590909633,0.07548711814517914,0.8401553511466922,0.6791316865924646,171535.7097548657,11.019,8.692,0.3280706361189522,0.4201076609991466,12975.0,2979.0,35048.0,298
"Columbus, OH",2022,Recovery (2022),25454113.0,28446107.252648477,-0.11113398259481144,-2991994.2526484765,Structurally Balanced,0.04033890988900524,1006357.0370621234,Structurally Balanced,0.09946309698429946,0.0762305827531621,0.8397195751661922,0.6717923489724992,185424.55827111256,10.792,8.893,0.3326374614594039,0.4174910071942446,13233.0,3677.0,35543.0,305
"Columbus, OH",2023,Recovery (2023),33088245.0,28209252.29005007,0.15952806383125662,4878992.709949929,Structurally Balanced,0.36342587215411726,10082310.34321146,Moderate Structural Surplus,0.09939981452778378,0.07787604930123825,0.8600906664300036,0.6804902150702983,189485.48206133812,10.122,8.608,0.3314857631520603,0.4192189529027967,13291.02851,3978.0,36289.16356,322
"Dallas-Fort Worth-Arlington, TX",2006,Pre-COVID (2006-2019),81137105.0,88339107.8947427,-0.08504252950616475,-7202002.8947426975,Structurally Balanced,-0.08504252950616475,-7202002.8947426975,Structurally Balanced,0.2011996462207022,0.09793236920738824,1.1469773749738033,1.2923149195345174,198434.154789837,13.988,11.014,0.4086877271812045,0.3144028909636192,34082.0,5231.0,114985.0,1683
"Dallas-Fort Worth-Arlington, TX",2007,Pre-COVID (2006-2019),87689896.0,90416979.47332455,-0.030625393998942485,-2727083.473324552,Structurally Balanced,-0.030625393998942485,-2727083.473324552,Structurally Balanced,0.20670568378066284,0.09846082097385274,1.1517097820104192,1.3319316794467913,211000.18697850776,13.639,11.536,0.4111851365299803,0.323991533994349,35114.0,5292.0,118058.0,1450
"Dallas-Fort Worth-Arlington, TX",2008,Pre-COVID (2006-2019),105494464.0,95054129.39214116,0.10421196519469689,10440334.607858837,Structurally Balanced,0.10421196519469689,10440334.607858837,Structurally Balanced,0.21616657995562544,0.09942924741797562,1.156490228763892,1.3979852618818565,220524.21384439216,12.082,11.257,0.410763231658754,0.3335195126239902,37109.0,5594.0,123087.0,1366
"Dallas-Fort Worth-Arlington, TX",2009,Pre-COVID (2006-2019),119294554.0,114601515.78416085,0.04013464750805085,4693038.215839148,Structurally Balanced,0.04013464750805085,4693038.215839148,Structurally Balanced,0.21173512644954356,0.09727442785072714,1.161360902717644,1.4079816398944849,225473.2297941813,11.259,11.704,0.4024582348795755,0.3452410562533681,,,,1265
"Dallas-Fort Worth-Arlington, TX",2010,Pre-COVID (2006-2019),115340592.0,110100761.52526765,0.04649346045157543,5239830.474732354,Structurally Balanced,0.04649346045157543,5239830.474732354,Structurally Balanced,0.21565608475797307,0.09583221614337191,1.150764510529581,1.379583848075518,243291.48017062055,10.956,10.981,0.3916231887064486,0.3539296123805869,35970.109,5237.0,123127.047,1715
"Dallas-Fort Worth-Arlington, TX",2011,Pre-COVID (2006-2019),108300461.0,108509737.9417139,-0.0019305088757910482,-209276.94171389937,Structurally Balanced,-0.0019305088757910482,-209276.94171389937,Structurally Balanced,0.21744669238960088,0.0975037417841774,1.152908075771856,1.3663983261365946,247141.14317979314,11.234,10.536,0.3835752388041186,0.3606562461233097,35468.34747,5403.0,125389.396204,1787
"Dallas-Fort Worth-Arlington, TX",2012,Pre-COVID (2006-2019),103164872.0,99700713.85339619,0.034155570549391,3464158.146603808,Structurally Balanced,0.034155570549391,3464158.146603808,Structurally Balanced,0.21221954201655402,0.0981660609959674,1.1514945396061913,1.3557336895503342,242103.1675354958,11.665,9.827,0.3805521844660194,0.3622775080906149,35903.60336,4979.0,126509.890779,2174
"Dallas-Fort Worth-Arlington, TX",2013,Pre-COVID (2006-2019),84675804.0,84121784.67988648,0.006564327297020611,554019.3201135248,Structurally Balanced,0.006564327297020611,554019.3201135248,Structurally Balanced,0.21531906774711373,0.09685054381844864,1.1368235300425926,1.3900198040714036,256023.3583890268,11.32,9.477,0.3767760755675504,0.3671515319892046,,,,2459
"Dallas-Fort Worth-Arlington, TX",2014,Pre-COVID (2006-2019),91186494.0,90936770.50352257,0.0027423586290602486,249723.4964774251,Structurally Balanced,0.0027423586290602486,249723.4964774251,Structurally Balanced,0.20580738493601505,0.09536403582712523,1.120242879277385,1.3333734935845811,253384.10689782182,11.779,9.279,0.3730594582007296,0.3717398897772258,36698.356411,7168.0,135974.883279,2910
"Dallas-Fort Worth-Arlington, TX",2015,Pre-COVID (2006-2019),89431520.0,89229820.71158452,0.0022578961212573745,201699.28841547668,Structurally Balanced,0.0022578961212573745,201699.28841547668,Structurally Balanced,0.19037367900666072,0.09551328827996296,1.11940566399019,1.2731539339117222,238400.87312024293,11.481,9.398,0.3786205459470723,0.3742067476178749,37720.770533,7193.0,140349.009625,3015
"Dallas-Fort Worth-Arlington, TX",2016,Pre-COVID (2006-2019),84530887.0,89498878.90967941,-0.05710910485175802,-4967991.909679413,Structurally Balanced,-0.05710910485175802,-4967991.909679413,Structurally Balanced,0.185603302545911,0.09496187883711839,1.120375167676806,1.281600341221571,236584.29988330544,11.869,8.857,0.3855607468006131,0.3775461210319292,39368.229546,7188.788,145317.263682,3216
"Dallas-Fort Worth-Arlington, TX",2017,Pre-COVID (2006-2019),85332835.0,79145283.62698208,0.07527411918196947,6187551.373017922,Structurally Balanced,0.07527411918196947,6187551.373017922,Structurally Balanced,0.1891490122343564,0.09364429691151689,1.109726810588575,1.2998622987638775,250409.85383961376,11.739,9.818,0.3932481916409618,0.3796110900662012,39302.07927,7202.0,145151.09548,3396
"Dallas-Fort Worth-Arlington, TX",2018,Pre-COVID (2006-2019),84633215.0,82314576.21667853,0.027778599078782662,2318638.78332147,Structurally Balanced,0.027778599078782662,2318638.78332147,Structurally Balanced,0.19207270049538908,0.09459111750499509,1.103270670830506,1.3054377370709187,261190.57565839528,11.166,9.759,0.3961196800282848,0.3815795288814248,40156.10282,7595.0,146135.95067,3336
"Dallas-Fort Worth-Arlington, TX",2019,Pre-COVID (2006-2019),81326166.0,73611098.15732844,0.09967200524299002,7715067.842671558,Structurally Balanced,0.09967200524299002,7715067.842671558,Structurally Balanced,0.17986804815580149,0.09652993679244846,1.1145614353460243,1.2454286174558638,244517.63955508228,11.424,9.172,0.4004165514380531,0.3834952295353982,40553.26946,6322.0,146119.69513,3663
"Dallas-Fort Worth-Arlington, TX",2020,COVID (2020),93212304.0,108481893.1154951,-0.15170354518029328,-15269589.1154951,Structurally Balanced,0.25919547544355837,21282963.53590645,Moderate Structural Surplus,0.16133150294915088,0.09977183682371574,1.1064859357182626,1.1611907945764344,217496.1981916852,11.479,9.747,0.4054102213812356,0.3798949521005337,37046.48982,6238.0,134032.70202,3704
"Dallas-Fort Worth-Arlington, TX",2021,COVID (2021),92655045.0,71992437.89717637,0.2523223191942918,20662607.10282363,Moderate Structural Surplus,0.6620228799226879,44862936.889973596,Significant Structural Surplus,0.17225210748096578,0.10114604099467735,1.12573363081033,1.1935692881044504,246858.9627707389,13.329,9.856,0.4189945497437566,0.3687301716423981,41821.0,6557.0,148765.0,3207
"Dallas-Fort Worth-Arlington, TX",2022,Recovery (2022),111496326.0,98439089.31374234,0.1245536653855801,13057236.68625766,Structurally Balanced,0.5712510093268506,48521149.15845024,Moderate Structural Surplus,0.1774625687004097,0.10470250761868995,1.153352657700289,1.1986153608384087,269690.32655440754,13.408,10.729,0.4235289480944311,0.3638434556418239,43314.0,7827.0,155054.0,3030
"Dallas-Fort Worth-Arlington, TX",2023,Recovery (2023),126643679.0,80739778.61616954,0.4501460925175458,45903900.38383046,Moderate Structural Surplus,0.9223034910601768,76289884.69357517,Significant Structural Surplus,0.17281903209325297,0.1067626465967299,1.1791244764614983,1.1831175025432972,267530.8321909955,12.507,9.895,0.4229782855738813,0.3629948708498418,45240.38235,6557.0,154569.46324,3175
"Dayton-Kettering-Beavercreek, OH",2006,Pre-COVID (2006-2019),12714825.0,10114468.322187385,0.22880172957270517,2600356.6778126154,Moderate Structural Surplus,0.22880172957270517,2600356.6778126154,Moderate Structural Surplus,0.17426355474007438,0.10797466677863202,1.2645920941947697,1.1193031198210237,128656.97124704953,10.497,8.871,0.2677446940838062,0.3590142268522118,6553.0,3081.0,19054.0,221
"Dayton-Kettering-Beavercreek, OH",2007,Pre-COVID (2006-2019),10867948.0,10417216.746780235,0.04235801305273412,450731.2532197647,Structurally Balanced,0.04235801305273412,450731.2532197647,Structurally Balanced,0.16009000622460062,0.10273851931107454,1.2017466085444612,1.0315582375549897,127455.45498774078,9.015,9.867,0.2678909205548549,0.3709804539722572,6464.0,3078.0,18830.0,196
"Dayton-Kettering-Beavercreek, OH",2008,Pre-COVID (2006-2019),11271291.0,12286077.256380437,-0.08620781748692963,-1014786.256380437,Structurally Balanced,-0.08620781748692963,-1014786.256380437,Structurally Balanced,0.14255301760606082,0.09858995659176488,1.1467281953098563,0.9219140983354936,118738.02423377005,7.597,9.91,0.2600664344162683,0.3886413351697318,6225.0,3075.0,18405.0,178
"Dayton-Kettering-Beavercreek, OH",2009,Pre-COVID (2006-2019),14310851.0,15094069.789172674,-0.05328387678568802,-783218.7891726736,Structurally Balanced,-0.05328387678568802,-783218.7891726736,Structurally Balanced,0.12724916633760625,0.08991481337570659,1.0734943513617234,0.8461727295774127,119133.28957975589,7.072,9.935,0.2494814568986974,0.4062888907325977,,,,184
"Dayton-Kettering-Beavercreek, OH",2010,Pre-COVID (2006-2019),14874711.0,18838636.98020198,-0.23624739673647355,-3963925.9802019782,Moderate Structural Deficit,-0.23624739673647355,-3963925.9802019782,Moderate Structural Deficit,0.1324080962163837,0.0901305269885854,1.0822979572821474,0.8470341613572236,127598.85668456616,6.962,9.091,0.2410517387616624,0.4156912637828668,6061.68,3075.0,19060.293,194
"Dayton-Kettering-Beavercreek, OH",2011,Pre-COVID (2006-2019),16192394.0,16450804.434347428,-0.015832751986799565,-258410.43434742838,Structurally Balanced,-0.015832751986799565,-258410.43434742838,Structurally Balanced,0.14198283184481725,0.09108666158278166,1.0770309509386282,0.8921961591638813,140063.0119908894,7.147,7.555,0.232703326776704,0.421876336269563,6029.728081,3075.0,19161.68138,153
"Dayton-Kettering-Beavercreek, OH",2012,Pre-COVID (2006-2019),14704271.0,15833959.278436314,-0.07401895916340706,-1129688.2784363143,Structurally Balanced,-0.07401895916340706,-1129688.2784363143,Structurally Balanced,0.13192004827061035,0.0912789352084111,1.07070808798033,0.84275204850655,129225.8244174117,7.824,8.123,0.2315338474721508,0.4269065981148243,6065.129704,3133.0,17918.587515,188
"Dayton-Kettering-Beavercreek, OH",2013,Pre-COVID (2006-2019),15542103.0,14581737.310829805,0.06378278736554321,960365.6891701948,Structurally Balanced,0.06378278736554321,960365.6891701948,Structurally Balanced,0.1301867250099175,0.09247139158859168,1.0854214098245378,0.8404370680422887,128550.30195392191,8.038,8.103,0.2280671396435369,0.4363211628309396,,,,157
"Dayton-Kettering-Beavercreek, OH",2014,Pre-COVID (2006-2019),14205494.0,13901450.940372769,0.021635572300141348,304043.0596272312,Structurally Balanced,0.021635572300141348,304043.0596272312,Structurally Balanced,0.13082604559892907,0.09236696189154607,1.0850362030300968,0.8475885426868073,132630.89459831052,7.298,7.194,0.2277382398889081,0.4463634785627495,6106.990183,105.0,15191.257324,162
"Dayton-Kettering-Beavercreek, OH",2015,Pre-COVID (2006-2019),12541139.0,13623136.637299307,-0.08275521020540921,-1081997.6372993067,Structurally Balanced,-0.08275521020540921,-1081997.6372993067,Structurally Balanced,0.12367725425251458,0.09311247663697779,1.0912684047697367,0.827111098596146,127095.16987712328,7.968,7.314,0.2327690447400242,0.4537916738642252,6352.495032,3104.647,18519.344354,160
"Dayton-Kettering-Beavercreek, OH",2016,Pre-COVID (2006-2019),11638913.0,12300661.07442925,-0.05529895375974192,-661748.0744292494,Structurally Balanced,-0.05529895375974192,-661748.0744292494,Structurally Balanced,0.12416757570199516,0.09230833578393847,1.0890682497898567,0.8573834905171955,129514.10798594794,6.8,6.859,0.2290855610346915,0.4644000346050696,6804.832445,3197.386,19926.277178,132
"Dayton-Kettering-Beavercreek, OH",2017,Pre-COVID (2006-2019),10830414.0,10997648.009214662,-0.015323145162987828,-167234.00921466202,Structurally Balanced,-0.015323145162987828,-167234.00921466202,Structurally Balanced,0.12716294726465477,0.09321561070126201,1.1046466872223974,0.8738841350343587,135127.5434732586,7.43,8.177,0.2352684797768479,0.4701882845188284,6967.24156,4253.716,21309.77765,142
"Dayton-Kettering-Beavercreek, OH",2018,Pre-COVID (2006-2019),10697263.0,9661049.656940784,0.1018856118942324,1036213.3430592157,Structurally Balanced,0.1018856118942324,1036213.3430592157,Structurally Balanced,0.12461466091551851,0.09478914236460644,1.1055803487946445,0.8469536822871899,133144.7014235781,6.766,7.801,0.2344341699691765,0.4738000880669308,7087.01442,1804.601,18905.21832,140
"Dayton-Kettering-Beavercreek, OH",2019,Pre-COVID (2006-2019),10163934.0,9960272.2409232,0.020241167281362493,203661.7590768002,Structurally Balanced,0.020241167281362493,203661.7590768002,Structurally Balanced,0.1270319750974399,0.09957021759029704,1.1496653610555263,0.8795851110879439,135309.70486410754,7.831,7.227,0.2423208191126279,0.4729150258160497,7125.12385,1756.662,18907.01604,161
"Dayton-Kettering-Beavercreek, OH",2020,COVID (2020),9095746.0,10986195.606418336,-0.1888327081285901,-1890449.6064183358,Moderate Structural Deficit,-0.2430356911414968,-2502368.2801017687,Moderate Structural Deficit,0.1204821603430068,0.10184033600221484,1.1294259288257162,0.8671758022676858,131390.94770916595,7.398,8.068,0.2465850004406451,0.4689345201374812,5908.99476,1850.0,16698.21285,215
"Dayton-Kettering-Beavercreek, OH",2021,COVID (2021),7234867.0,7851535.936677324,-0.08179719632509119,-616668.9366773237,Structurally Balanced,-0.18174840475343323,-1441998.811193306,Structurally Balanced,0.12132127002508072,0.10189801030219726,1.1341028870905325,0.8406593336558433,138098.8949047715,8.133,8.291,0.2540113985094256,0.4675142481367821,6760.0,2073.0,18515.0,235
"Dayton-Kettering-Beavercreek, OH",2022,Recovery (2022),8541610.0,7453252.491714544,0.1362990014331853,1088357.5082854563,Structurally Balanced,0.06953299809815228,573745.4847945254,Structurally Balanced,0.1263345533564825,0.10327085849499687,1.1375822969012994,0.8532871882034798,149220.62169451686,8.774,9.263,0.260193835676242,0.4635466689950231,6773.0,2038.0,18291.0,160
"Dayton-Kettering-Beavercreek, OH",2023,Recovery (2023),8239628.0,5988409.2582505,0.3191293866481253,2251218.7417495,Moderate Structural Surplus,0.2451693546556335,1791525.879563557,Moderate Structural Surplus,0.13276809934255215,0.10594093221681879,1.1700491718591932,0.9089291856861016,160613.79241908275,8.733,7.854,0.2658304498269896,0.4604671280276816,6970.68075,2221.0,18894.06258,115
"Deltona-Daytona Beach-Ormond Beach, FL",2007,Pre-COVID (2006-2019),1227856.0,1849004.1152565936,-0.4093776190632372,-621148.1152565936,Moderate Structural Deficit,-0.4093776190632372,-621148.1152565936,Moderate Structural Deficit,0.08999544198305191,0.06005908116599216,0.7025193431588374,0.579895907991748,91470.34191750817,13.705,14.212,0.4582591745063141,0.2954487668446478,848.0,924.0,4241.0,34
"Deltona-Daytona Beach-Ormond Beach, FL",2008,Pre-COVID (2006-2019),1732774.0,1700292.0673992082,0.01892355187724526,32481.9326007918,Structurally Balanced,0.01892355187724526,32481.9326007918,Structurally Balanced,0.0888293218518109,0.05733993053116808,0.666937255378518,0.574474013500531,96597.37123298382,11.375,15.44,0.4380224079672772,0.3154010314778588,849.0,897.0,4018.0,14
"Deltona-Daytona Beach-Ormond Beach, FL",2009,Pre-COVID (2006-2019),2332891.0,2643564.2949541965,-0.12501984731426496,-310673.29495419655,Structurally Balanced,-0.12501984731426496,-310673.29495419655,Structurally Balanced,0.08952437130548249,0.0545207627223636,0.6509242316928759,0.5953129895584583,104401.40402448339,11.787,16.71,0.4110074626865672,0.3380597014925373,,,,20
"Deltona-Daytona Beach-Ormond Beach, FL",2010,Pre-COVID (2006-2019),3114739.0,2884061.0801405534,0.07694596244166974,230677.91985944659,Structurally Balanced,0.07694596244166974,230677.91985944659,Structurally Balanced,0.07894127382647168,0.054142903914979765,0.6501543513212503,0.5049989961550602,94524.89583436426,11.634,13.676,0.3765762323270921,0.3534581581964081,925.002,891.0,4085.355,21
"Deltona-Daytona Beach-Ormond Beach, FL",2011,Pre-COVID (2006-2019),2714681.0,3122105.793049323,-0.13983325673892466,-407424.7930493229,Structurally Balanced,-0.13983325673892466,-407424.7930493229,Structurally Balanced,0.07931792660746835,0.055256468052528665,0.6533659846347334,0.4984204678307314,91303.81470074249,12.45,12.459,0.3609217474795967,0.3604416706673067,837.907021,891.0,3768.770691,22
"Deltona-Daytona Beach-Ormond Beach, FL",2012,Pre-COVID (2006-2019),2617384.0,2899359.9239746113,-0.10231465107621496,-281975.92397461133,Structurally Balanced,-0.10231465107621496,-281975.92397461133,Structurally Balanced,0.08003711653830517,0.055909402528201056,0.6558210757434054,0.5113054823998366,91807.44580584354,12.423,10.525,0.3511307122079384,0.3628600919583372,873.563772,890.0,3753.393172,12
"Deltona-Daytona Beach-Ormond Beach, FL",2013,Pre-COVID (2006-2019),2496651.0,2672208.2239123257,-0.06795494694110893,-175557.2239123257,Structurally Balanced,-0.06795494694110893,-175557.2239123257,Structurally Balanced,0.08244217990247506,0.056337537490068514,0.6612852723204511,0.5322160454913725,94621.90923606559,11.026,10.577,0.3495661908760145,0.3674783095438007,,,,19
"Deltona-Daytona Beach-Ormond Beach, FL",2014,Pre-COVID (2006-2019),2246364.0,2585757.277516593,-0.14070550666220427,-339393.2775165932,Structurally Balanced,-0.14070550666220427,-339393.2775165932,Structurally Balanced,0.09002277240000842,0.05821308689813576,0.683830078213229,0.5832345548459646,102140.50858721885,11.947,9.664,0.3442277762519454,0.3794745033415728,1327.596686,967.0,4582.949780999999,13
"Deltona-Daytona Beach-Ormond Beach, FL",2015,Pre-COVID (2006-2019),2090807.0,2349002.936666006,-0.11644084000130306,-258195.93666600622,Structurally Balanced,-0.11644084000130306,-258195.93666600622,Structurally Balanced,0.08349996692140213,0.05707821855602373,0.6689507009202899,0.5584191676190821,99658.85157096425,11.687,9.669,0.342744110771444,0.400197806149973,1388.839728,983.331,4763.688475,26
"Deltona-Daytona Beach-Ormond Beach, FL",2016,Pre-COVID (2006-2019),1476080.0,1695337.0672910223,-0.13849165556965737,-219257.06729102228,Structurally Balanced,-0.13849165556965737,-219257.06729102228,Structurally Balanced,0.08131020548027426,0.05773801933957686,0.6812022244195526,0.5614511469295583,98235.41045206586,11.566,9.123,0.3439725666051174,0.4137870394794689,1371.391,967.097,4982.957418,36
"Deltona-Daytona Beach-Ormond Beach, FL",2017,Pre-COVID (2006-2019),1395832.0,1431648.8312499875,-0.02533615563199554,-35816.831249987474,Structurally Balanced,-0.02533615563199554,-35816.831249987474,Structurally Balanced,0.07995513186979021,0.05634777372435108,0.6677463260573689,0.5494644686881258,100712.63814675916,11.282,9.417,0.3484194161340473,0.4218345137329418,1406.6835,971.142,5059.278130000001,22
"Deltona-Daytona Beach-Ormond Beach, FL",2018,Pre-COVID (2006-2019),1639163.0,1418273.8293270555,0.14474522669524603,220889.1706729445,Structurally Balanced,0.14474522669524603,220889.1706729445,Structurally Balanced,0.08228937450709953,0.057569010823156866,0.6714605225650171,0.5592864293804636,104252.16355696705,10.666,9.564,0.347236438075742,0.426560900716479,1433.9035,975.531,5197.1334,27
"Deltona-Daytona Beach-Ormond Beach, FL",2019,Pre-COVID (2006-2019),1679679.0,1758571.71703466,-0.04589925144361651,-78892.71703466005,Structurally Balanced,-0.04589925144361651,-78892.71703466005,Structurally Balanced,0.0847091584381338,0.05779162211669111,0.6672781049867346,0.5865366926541139,109766.28751925561,10.972,9.167,0.3526998744244454,0.4275429049811636,1450.9825,972.973,5222.98488,27
"Deltona-Daytona Beach-Ormond Beach, FL",2020,COVID (2020),2309416.0,1062452.3005930523,0.7764149514688707,1246963.6994069477,Significant Structural Surplus,0.4482336674820395,834264.0355420569,Moderate Structural Surplus,0.08197268737917351,0.05940290301607064,0.6587878786300392,0.5900021276153935,109857.6166785122,11.279,10.11,0.3526377101015144,0.4282742552837411,1365.8075,927.0,4971.94625,19
"Deltona-Daytona Beach-Ormond Beach, FL",2021,COVID (2021),2044931.0,1812836.8515038525,0.12047110850977383,232094.14849614748,Structurally Balanced,-0.2320199639862377,-534023.313887144,Moderate Structural Deficit,0.09024744201685533,0.061735271827474375,0.6871002663076314,0.6253425673367079,125432.33707832676,13.027,9.668,0.3637676508344031,0.4186456996148909,1437.0,974.0,5098.0,23
"Deltona-Daytona Beach-Ormond Beach, FL",2022,Recovery (2022),2025640.0,1311673.2454519232,0.43458209122713676,713966.7545480768,Moderate Structural Surplus,0.08019662226037028,156106.23220138717,Structurally Balanced,0.09003702858404433,0.06450971786671679,0.7106081434079464,0.6081269210481864,129950.61249857987,12.207,10.21,0.3720308321535315,0.4107283309737297,1606.0,998.0,5459.0,27
"Deltona-Daytona Beach-Ormond Beach, FL",2023,Recovery (2023),768000.0,1054961.8560017773,-0.31747015666031864,-286961.85600177734,Moderate Structural Deficit,-0.8656956028669747,-1057273.8982978945,Significant Structural Deficit,0.09109010469668274,0.06554961501597714,0.7239531610706081,0.6236020180751505,137841.60044199746,12.075,10.269,0.3754833720030935,0.4076566125290023,1717.839,1079.0,5816.69708,23
"Denver-Aurora-Centennial, CO",2006,Pre-COVID (2006-2019),21260239.0,20349303.761901982,0.04379191649022118,910935.2380980179,Structurally Balanced,0.04379191649022118,910935.2380980179,Structurally Balanced,0.1464091390142033,0.08438370245048288,0.9882962937643662,0.9403928797007494,161105.32642803184,14.499,11.99,0.411981220657277,0.3086572769953051,12148.0,5278.0,52777.0,369
"Denver-Aurora-Centennial, CO",2007,Pre-COVID (2006-2019),21282910.0,23238618.03248995,-0.08791106193186238,-1955708.0324899517,Structurally Balanced,-0.08791106193186238,-1955708.0324899517,Structurally Balanced,0.1507979287039524,0.08665046500230021,1.0135624218022974,0.9716836748856851,170641.45394608428,14.081,12.42,0.4100161430983615,0.3173510474458649,12555.0,5274.0,52735.0,307
"Denver-Aurora-Centennial, CO",2008,Pre-COVID (2006-2019),24308847.0,26743854.734252688,-0.0954643592277975,-2435007.7342526875,Structurally Balanced,-0.0954643592277975,-2435007.7342526875,Structurally Balanced,0.16264059903879133,0.089577434081716,1.0419009489004478,1.0518238318177626,181416.53562497706,12.387,12.477,0.4031129276076367,0.3298060952167665,12572.0,5078.0,50785.0,337
"Denver-Aurora-Centennial, CO",2009,Pre-COVID (2006-2019),27623190.0,28333162.585351855,-0.025377304075327345,-709972.5853518546,Structurally Balanced,-0.025377304075327345,-709972.5853518546,Structurally Balanced,0.16518566571996285,0.09075161996004844,1.083484998150031,1.0984402465826983,187317.49794980153,11.312,13.535,0.3868300971800599,0.3451133130954426,,,,368
"Denver-Aurora-Centennial, CO",2010,Pre-COVID (2006-2019),28233760.0,30024114.129717555,-0.06148243807210818,-1790354.129717555,Structurally Balanced,-0.06148243807210818,-1790354.129717555,Structurally Balanced,0.1676855025161921,0.09016063108156608,1.0826594507675118,1.0727089434429347,198306.07295625514,11.746,12.658,0.3741619788857209,0.3563805193804423,12864.198,5053.0,50533.531,533
"Denver-Aurora-Centennial, CO",2011,Pre-COVID (2006-2019),27361711.0,28591805.376450837,-0.04397552412194017,-1230094.3764508367,Structurally Balanced,-0.04397552412194017,-1230094.3764508367,Structurally Balanced,0.1702828588115467,0.09273344649589281,1.0965029382761766,1.0700287536816948,198903.46510297578,11.948,11.39,0.365902369704651,0.363674770518877,12892.556,4949.0,49491.81973,542
"Denver-Aurora-Centennial, CO",2012,Pre-COVID (2006-2019),24203899.0,26315098.62498957,-0.08362913077337808,-2111199.624989569,Structurally Balanced,-0.08362913077337808,-2111199.624989569,Structurally Balanced,0.16416267775482268,0.09396022001894155,1.1021597402838859,1.048729399207014,189457.50699270234,11.891,10.705,0.3629343629343629,0.3703156938451056,13054.823,4966.0,49659.24324,699
"Denver-Aurora-Centennial, CO",2013,Pre-COVID (2006-2019),18179130.0,21213827.267175008,-0.15437896583364363,-3034697.2671750076,Structurally Balanced,-0.15437896583364363,-3034697.2671750076,Structurally Balanced,0.16672915626588863,0.09468667402480467,1.1114242085687334,1.0763414106821831,195711.1305557494,12.025,10.446,0.3586346575495187,0.3756735664647516,,,,908
"Denver-Aurora-Centennial, CO",2014,Pre-COVID (2006-2019),15000041.0,15766122.32574733,-0.049810547007936634,-766081.3257473297,Structurally Balanced,-0.049810547007936634,-766081.3257473297,Structurally Balanced,0.17484727985283613,0.09491336955612203,1.1149488952650366,1.1327908784887317,211217.79700530594,12.392,9.83,0.3571493418066273,0.3810077167498865,15406.329,5568.0,55684.48166,983
"Denver-Aurora-Centennial, CO",2015,Pre-COVID (2006-2019),13859507.0,13617876.688701717,0.01758803114642049,241630.31129828282,Structurally Balanced,0.01758803114642049,241630.31129828282,Structurally Balanced,0.16305868967624593,0.0955250070079089,1.1195430062456362,1.09048064471423,199548.57340798553,12.681,10.106,0.3656633221850613,0.3834651660738617,16023.769,5752.0,57523.67490999999,959
"Denver-Aurora-Centennial, CO",2016,Pre-COVID (2006-2019),15175879.0,13119143.511665994,0.14563475922346214,2056735.4883340057,Structurally Balanced,0.14563475922346214,2056735.4883340057,Structurally Balanced,0.15828175414273715,0.0956468992421275,1.1284571460508914,1.092943645592204,194875.39422422857,12.794,9.713,0.3760220328771839,0.3851105947155521,16498.192,5916.0,59156.62575,955
"Denver-Aurora-Centennial, CO",2017,Pre-COVID (2006-2019),14457696.0,14746271.808198059,-0.019763424135025076,-288575.808198059,Structurally Balanced,-0.019763424135025076,-288575.808198059,Structurally Balanced,0.15998687162235198,0.09598125947332747,1.137420862396486,1.0994553990131726,205127.56595877273,12.213,10.155,0.3822204222143472,0.38827857371876,16897.825,6054.0,60536.0098,1141
"Denver-Aurora-Centennial, CO",2018,Pre-COVID (2006-2019),18083207.0,14258414.575639049,0.2376364885766833,3824792.4243609514,Moderate Structural Surplus,0.2376364885766833,3824792.4243609514,Moderate Structural Surplus,0.16246538484659193,0.09815075867245453,1.1447888154758685,1.1042092072401632,212337.03812074504,11.737,10.508,0.3875182384931688,0.3883141000132644,17232.023,6120.0,61201.27,1010
"Denver-Aurora-Centennial, CO",2019,Pre-COVID (2006-2019),19582137.0,18462401.682433847,0.058881450542582314,1119735.3175661527,Structurally Balanced,0.058881450542582314,1119735.3175661527,Structurally Balanced,0.1622947965480834,0.10105710693549631,1.1668333980174614,1.1237492492834436,215261.16861062046,12.148,10.454,0.3922506694533342,0.3878094180654431,17392.079,6190.0,61899.58056000001,1102
"Denver-Aurora-Centennial, CO",2020,COVID (2020),22574416.0,19534235.35095833,0.14464864441858438,3040180.6490416713,Structurally Balanced,0.2721256413040116,5378161.674336426,Moderate Structural Surplus,0.16127409273449678,0.10748966716185597,1.1920779323705886,1.160777581957991,212012.5851669142,11.909,11.168,0.393964495119297,0.3865419285679481,15035.664,5320.0,53197.41308,1218
"Denver-Aurora-Centennial, CO",2021,COVID (2021),23369768.0,24546288.256020337,-0.04911743036486271,-1176520.2560203373,Structurally Balanced,0.08528011382355771,1910360.9269258678,Structurally Balanced,0.17496433960421906,0.10891481447348796,1.21219840480682,1.2123628866958822,246133.73509739293,13.261,10.989,0.3997319880182878,0.3795364969257449,17112.0,5897.0,58966.0,1219
"Denver-Aurora-Centennial, CO",2022,Recovery (2022),25133197.0,20453952.648075312,0.20601341459148514,4679244.351924688,Moderate Structural Surplus,0.35495045551493476,7509593.589944247,Moderate Structural Surplus,0.17656198520857996,0.11283848934021198,1.2429747341427388,1.192532651594822,259262.87642815907,12.853,11.465,0.397104687427268,0.3763596021660538,17190.0,5890.0,58900.0,1195
"Denver-Aurora-Centennial, CO",2023,Recovery (2023),30569645.0,22333034.29230409,0.3139405824067545,8236610.707695909,Moderate Structural Surplus,0.5020149129999645,12065539.800500527,Moderate Structural Surplus,0.16825876728994452,0.11318474093629026,1.2500523605792793,1.1518979716867936,256734.44663515213,12.241,11.321,0.3940624324574675,0.3774045141569148,17491.381,5956.0,59556.9051,1468
"Des Moines-West Des Moines, IA",2007,Pre-COVID (2006-2019),5955679.0,6254438.030146178,-0.04894607844308929,-298759.03014617786,Structurally Balanced,-0.04894607844308929,-298759.03014617786,Structurally Balanced,0.06416117719177045,0.050484867103887006,0.5905284428055235,0.41342987250896546,125922.36685336332,10.593,9.512,0.3325518798298167,0.3313362854910133,3385.0,1157.0,10098.0,296
"Des Moines-West Des Moines, IA",2008,Pre-COVID (2006-2019),5715334.0,6306199.165297796,-0.09838040585023933,-590865.165297796,Structurally Balanced,-0.09838040585023933,-590865.165297796,Structurally Balanced,0.07031816879829998,0.04829318984569103,0.5617120075102184,0.4547593048043029,123478.00617126418,9.377,9.871,0.3255060019276264,0.3418032068693595,3388.0,1184.0,10154.0,196
"Des Moines-West Des Moines, IA",2009,Pre-COVID (2006-2019),7825811.0,10103864.184182534,-0.2554905699424257,-2278053.184182534,Moderate Structural Deficit,-0.2554905699424257,-2278053.184182534,Moderate Structural Deficit,0.06722089588033248,0.048402677913499545,0.5778803222758097,0.4470008770099892,129918.36084153855,8.483,9.742,0.3128432240921169,0.3549158547387068,,,,264
"Des Moines-West Des Moines, IA",2010,Pre-COVID (2006-2019),8144822.0,9733903.790404718,-0.17823263957482283,-1589081.7904047184,Moderate Structural Deficit,-0.17823263957482283,-1589081.7904047184,Structurally Balanced,0.07060630890434327,0.04922873747662567,0.5911444633767508,0.45167899364388947,139789.07723486758,8.286,9.006,0.2972125123241014,0.3644348839293717,3442.836,1208.0,10218.967,236
"Des Moines-West Des Moines, IA",2011,Pre-COVID (2006-2019),7759600.0,9563766.781742958,-0.20905087781170728,-1804166.7817429584,Moderate Structural Deficit,-0.20905087781170728,-1804166.7817429584,Moderate Structural Deficit,0.06943183475464856,0.05273074252999003,0.6235011886911748,0.43629793466511957,131107.19219829337,9.189,8.856,0.2903746191073669,0.3739917547947661,3424.1458,1205.0,10140.479954,386
"Des Moines-West Des Moines, IA",2012,Pre-COVID (2006-2019),7260168.0,8833485.012715522,-0.1961466463626209,-1573317.0127155222,Moderate Structural Deficit,-0.1961466463626209,-1573317.0127155222,Structurally Balanced,0.07604735591202366,0.05502055892552505,0.6453948801248672,0.48581747671057096,144472.02129388816,9.031,8.326,0.2801072865444792,0.3796155565489494,3580.3684,1213.0,10570.057596,499
"Des Moines-West Des Moines, IA",2013,Pre-COVID (2006-2019),5971296.0,7201248.444114651,-0.18729041673474,-1229952.4441146506,Moderate Structural Deficit,-0.18729041673474,-1229952.4441146506,Structurally Balanced,0.07482705130386523,0.05687268927430601,0.6675668389124353,0.48305560803745323,134994.00652090524,8.894,8.334,0.2733554698016692,0.3898411558826168,,,,501
"Des Moines-West Des Moines, IA",2014,Pre-COVID (2006-2019),5399789.0,5224431.805036301,0.03301383224268051,175357.1949636992,Structurally Balanced,0.03301383224268051,175357.1949636992,Structurally Balanced,0.07461976846256493,0.05847527951840438,0.6869100591862182,0.4834424255297534,146436.02811790555,8.853,7.473,0.2749933704587642,0.3935295677539114,4130.2861,1250.0,10981.561021,486
"Des Moines-West Des Moines, IA",2015,Pre-COVID (2006-2019),5110218.0,6210112.558601134,-0.19493695640594844,-1099894.5586011345,Moderate Structural Deficit,-0.19493695640594844,-1099894.5586011345,Structurally Balanced,0.06563898535871017,0.05731130762792583,0.6716824802569684,0.4389710429690857,142332.7179693906,9.254,7.5,0.2806197524452523,0.4007617069159526,4255.5232,1263.458,11744.556964,432
"Des Moines-West Des Moines, IA",2016,Pre-COVID (2006-2019),4454061.0,4666506.964794801,-0.046594554235932506,-212445.96479480062,Structurally Balanced,-0.046594554235932506,-212445.96479480062,Structurally Balanced,0.06003968562550305,0.05785333502529613,0.6825627369989751,0.41457711435628636,130726.22455400266,10.311,6.901,0.2935934084412309,0.4042374306372961,4271.2505,1162.0,11485.239473,328
"Des Moines-West Des Moines, IA",2017,Pre-COVID (2006-2019),5438918.0,4124527.0670195464,0.2766287812321053,1314390.9329804536,Moderate Structural Surplus,0.2766287812321053,1314390.9329804536,Moderate Structural Surplus,0.06615663565229694,0.05809048565825937,0.6883982420840121,0.4546389932553887,143616.37752769858,9.406,8.223,0.3010681460627639,0.4116916452761447,4388.2567,1221.0,11709.59863,347
"Des Moines-West Des Moines, IA",2018,Pre-COVID (2006-2019),5628863.0,4707565.915607571,0.17873648423287847,921297.0843924293,Moderate Structural Surplus,0.17873648423287847,921297.0843924293,Structurally Balanced,0.06763978711244516,0.05944130699824444,0.6932981909589144,0.4597193166769102,147236.17499916058,9.967,7.414,0.3130441792970009,0.4088197355691712,4296.3352,1186.0,11492.68515,280
"Des Moines-West Des Moines, IA",2019,Pre-COVID (2006-2019),4693546.0,4382348.525280867,0.06860359986044706,311197.4747191332,Structurally Balanced,0.06860359986044706,311197.4747191332,Structurally Balanced,0.06748770692836939,0.05993496000355513,0.6920256789621643,0.4672932318821886,150863.77512768362,9.0,7.978,0.3216855909163601,0.4091636014712937,4324.21255,1186.0,11485.06796,80
"Des Moines-West Des Moines, IA",2020,COVID (2020),5183875.0,4115222.997042007,0.23085982218247025,1068652.0029579932,Moderate Structural Surplus,0.06428156488168213,322743.2497541327,Structurally Balanced,0.06738184285326065,0.061760372717045715,0.6849326019412855,0.48498386373715974,157137.0551966499,9.74,8.07,0.3248342279760025,0.4104041679823176,3612.9619,1039.0,9926.69911,90
"Des Moines-West Des Moines, IA",2021,COVID (2021),5491661.0,4181279.5225747884,0.2726134542785097,1310381.4774252116,Moderate Structural Surplus,0.11756303234029275,609110.4964064034,Structurally Balanced,0.06861316643319261,0.06042561012762764,0.6725240139303459,0.47543434685295444,173432.55844962146,10.468,8.941,0.330344027831465,0.4064166988790104,4150.0,1154.0,11097.0,89
"Des Moines-West Des Moines, IA",2022,Recovery (2022),5847849.0,3728002.6051484277,0.4502013056916727,2119846.3948515723,Moderate Structural Surplus,0.3077110708583408,1548933.2898893617,Moderate Structural Surplus,0.07166643532605574,0.06001400111441435,0.6610854817022763,0.4840485002973163,188257.36085297857,10.224,9.543,0.3329261775708069,0.4011756622642949,4239.0,1124.0,11134.0,93
"Des Moines-West Des Moines, IA",2023,Recovery (2023),7375567.0,4636037.086223757,0.46431285556422885,2739529.913776243,Moderate Structural Surplus,0.3682112207094175,2271888.471059369,Moderate Structural Surplus,0.07733550650434803,0.06161424662864183,0.6804895589839396,0.5294381654907863,207190.08040613224,10.726,9.344,0.3382474614516735,0.3948852952237683,4340.9444,1107.0,11293.47718,111
"Detroit-Warren-Dearborn, MI",2006,Pre-COVID (2006-2019),86814713.0,68686559.20502445,0.23422257658241463,18128153.79497555,Moderate Structural Surplus,0.23422257658241463,18128153.79497555,Moderate Structural Surplus,0.22427219544704968,0.13966913893173977,1.6357956376765839,1.440511003160809,145501.5616054936,11.461,10.26,0.3344727985796433,0.3495905874870816,26136.0,10083.0,102221.0,2765
"Detroit-Warren-Dearborn, MI",2007,Pre-COVID (2006-2019),90986033.0,78065332.38769357,0.1531599404036541,12920700.612306431,Structurally Balanced,0.1531599404036541,12920700.612306431,Structurally Balanced,0.23221561005084188,0.13792395946925123,1.613315547475772,1.4963078026290506,160322.83932251876,10.766,11.91,0.3342320239411178,0.3638348925615378,25921.0,10150.0,103983.0,2434
"Detroit-Warren-Dearborn, MI",2008,Pre-COVID (2006-2019),95888100.0,100322585.67640121,-0.04520896424010701,-4434485.676401213,Structurally Balanced,-0.04520896424010701,-4434485.676401213,Structurally Balanced,0.2088460688423827,0.13204009101745612,1.5357963479785532,1.3506422977295969,145767.63522519355,9.972,11.737,0.3284389489953632,0.3776495915213071,23647.0,10148.0,99633.0,2154
"Detroit-Warren-Dearborn, MI",2009,Pre-COVID (2006-2019),112497080.0,105757491.48357123,0.061778608882608665,6739588.516428769,Structurally Balanced,0.061778608882608665,6739588.516428769,Structurally Balanced,0.17389593169433884,0.11988550421804958,1.4313148941373415,1.1563611724874587,132893.04920712052,8.837,12.792,0.3184453510843891,0.3919261327034571,,,,2225
"Detroit-Warren-Dearborn, MI",2010,Pre-COVID (2006-2019),110703464.0,103801171.00185156,0.06437787900839353,6902292.998148441,Structurally Balanced,0.06437787900839353,6902292.998148441,Structurally Balanced,0.2066643139211873,0.12269736998325248,1.4733644341565195,1.322062161052646,164717.56450987884,8.885,11.402,0.3096619705895315,0.4028293987160465,24208.335,10097.0,93176.996,2722
"Detroit-Warren-Dearborn, MI",2011,Pre-COVID (2006-2019),104439120.0,101526126.73691233,0.028288146271439274,2912993.263087675,Structurally Balanced,0.028288146271439274,2912993.263087675,Structurally Balanced,0.22119858259289785,0.12952599454008604,1.5315470195819663,1.3899745711339109,172208.34518064116,10.165,9.609,0.3074318381706244,0.4080768103195544,23877.838199,10144.0,90405.982567,2617
"Detroit-Warren-Dearborn, MI",2012,Pre-COVID (2006-2019),85367411.0,89998855.85869029,-0.05283253381858799,-4631444.858690292,Structurally Balanced,-0.05283253381858799,-4631444.858690292,Structurally Balanced,0.23184046974601305,0.135798088110495,1.592920764688919,1.481079133661155,175114.25492988757,9.624,9.169,0.3045748600272693,0.4125496794406892,23925.950294,10174.0,88595.00772,3043
"Detroit-Warren-Dearborn, MI",2013,Pre-COVID (2006-2019),65483130.0,70668957.06211565,-0.07621384451929103,-5185827.062115654,Structurally Balanced,-0.07621384451929103,-5185827.062115654,Structurally Balanced,0.23798210787867904,0.13910959994819108,1.6328567733430883,1.5363239606560823,176523.29745073497,9.504,9.325,0.3028545876786822,0.4181920463888528,,,,3512
"Detroit-Warren-Dearborn, MI",2014,Pre-COVID (2006-2019),55975348.0,51821440.23898385,0.07710741166848223,4153907.761016153,Structurally Balanced,0.07710741166848223,4153907.761016153,Structurally Balanced,0.2388640456407349,0.14399866911184583,1.691554707168568,1.5475391571918216,175541.31728005313,9.211,8.831,0.2977106925478797,0.4247377584643941,26454.997345,11134.0,95098.498763,3610
"Detroit-Warren-Dearborn, MI",2015,Pre-COVID (2006-2019),49401255.0,53859625.31568321,-0.08640530199560104,-4458370.315683208,Structurally Balanced,-0.08640530199560104,-4458370.315683208,Structurally Balanced,0.24022088822775478,0.14788203306771527,1.733161829097161,1.6065149891032655,178928.2543171512,9.919,8.798,0.3017215515393956,0.4298021287234802,26586.246742,10970.85,93666.74947,3976
"Detroit-Warren-Dearborn, MI",2016,Pre-COVID (2006-2019),43817943.0,48757671.0544958,-0.10681914899896938,-4939728.054495797,Structurally Balanced,-0.10681914899896938,-4939728.054495797,Structurally Balanced,0.23811598454765198,0.14904893087884027,1.7585027062475993,1.6442031087840914,178372.58022487155,9.832,8.28,0.3112573449631519,0.4331308918229599,27033.730782,10470.661,94820.7509,4169
"Detroit-Warren-Dearborn, MI",2017,Pre-COVID (2006-2019),37421400.0,48355928.55273035,-0.25634609851805124,-10934528.552730352,Moderate Structural Deficit,-0.25634609851805124,-10934528.552730352,Moderate Structural Deficit,0.2379182089860867,0.14745374273112702,1.7473928154426381,1.635012027804109,183343.9470375161,8.842,8.848,0.3075676894035443,0.4411996731749922,27325.30813,10470.661,96215.18721,4584
"Detroit-Warren-Dearborn, MI",2018,Pre-COVID (2006-2019),37693256.0,42950556.03348752,-0.13056840190104424,-5257300.033487521,Structurally Balanced,-0.13056840190104424,-5257300.033487521,Structurally Balanced,0.23297066035673364,0.14803232126153199,1.7265862027074892,1.5834040489648498,182953.45007307868,8.806,8.564,0.3096795933840667,0.4447642582348151,26412.39988,11261.523,96613.58499,4965
"Detroit-Warren-Dearborn, MI",2019,Pre-COVID (2006-2019),39474021.0,39893618.16901513,-0.010573606136912161,-419597.1690151319,Structurally Balanced,-0.010573606136912161,-419597.1690151319,Structurally Balanced,0.2231411287393637,0.14799311174060034,1.708769533306396,1.5450567808612927,178613.99894101755,8.632,8.522,0.3059998593233453,0.4518393472603221,26233.45899,11798.758,96680.88675,5753
"Detroit-Warren-Dearborn, MI",2020,COVID (2020),43229968.0,37160482.18947273,0.15128806855579668,6069485.8105272725,Structurally Balanced,0.40862114024083596,14500802.731687393,Moderate Structural Surplus,0.21212168358866063,0.14829297883617695,1.6445933108148714,1.5267554185672094,180264.7154017957,8.905,9.536,0.3056072509269651,0.4525720617692603,20851.92436,9443.0,78976.84908,4817
"Detroit-Warren-Dearborn, MI",2021,COVID (2021),36459128.0,50472573.847689845,-0.32523824428486137,-14013445.847689845,Moderate Structural Deficit,-0.10195071320484317,-3913117.8731639907,Structurally Balanced,0.21061800935209968,0.15253459331621022,1.6976771396032257,1.4594142919972164,179620.93269936478,10.42,11.129,0.3089849844691602,0.4481470348262979,23076.0,10838.0,88262.0,4089
"Detroit-Warren-Dearborn, MI",2022,Recovery (2022),31816159.0,42485123.20358417,-0.28917966700422326,-10668964.203584172,Moderate Structural Deficit,-0.09311734836433772,-3104955.7609696537,Structurally Balanced,0.2126086908930385,0.15033395219608192,1.6560067877207998,1.4359988397460444,194597.65388008356,11.487,9.648,0.31262181878933,0.4458846132427466,23132.0,10822.0,88109.0,3396
"Detroit-Warren-Dearborn, MI",2023,Recovery (2023),30427813.0,35561941.95179182,-0.15591892826157405,-5134128.951791823,Structurally Balanced,0.031225940648401007,935455.8295138404,Structurally Balanced,0.21322268432562264,0.14871874388357306,1.642502472649464,1.4597205337244639,210914.45353163267,10.583,9.089,0.315364698104892,0.446204275011018,24656.04041,11075.0,90024.41095,3361
"Durham-Chapel Hill, NC",2006,Pre-COVID (2006-2019),4700098.0,5479187.382968278,-0.15337344262223063,-779089.3829682777,Structurally Balanced,-0.15337344262223063,-779089.3829682777,Structurally Balanced,0.47864218150238735,0.1799431786084338,2.107482503641636,3.0743415502608276,308402.1956379732,13.529,9.852,0.3435527502254283,0.334761045987376,2573.0,2581.0,9794.0,206
"Durham-Chapel Hill, NC",2007,Pre-COVID (2006-2019),4789172.0,4294706.679345142,0.10897427676826688,494465.3206548579,Structurally Balanced,0.10897427676826688,494465.3206548579,Structurally Balanced,0.49312816248391295,0.17943519154326174,2.0988781455739405,3.1775276307189415,343480.2263332526,11.214,10.315,0.3450318542528222,0.345814239409858,2778.0,2718.0,10459.0,154
"Durham-Chapel Hill, NC",2008,Pre-COVID (2006-2019),4615301.0,5177102.16796785,-0.11486838477068417,-561801.1679678503,Structurally Balanced,-0.11486838477068417,-561801.1679678503,Structurally Balanced,0.4750763150258328,0.1810907848548813,2.1063191027028942,3.072397624145196,332390.2387384237,10.232,10.166,0.3399439775910364,0.3588795518207283,2670.0,2707.0,10517.0,193
"Durham-Chapel Hill, NC",2009,Pre-COVID (2006-2019),6331586.0,5598533.871496283,0.12304600289367862,733052.1285037166,Structurally Balanced,0.12304600289367862,733052.1285037166,Structurally Balanced,0.478616858195387,0.17539196541716565,2.094007395231147,3.1826733720711826,371765.2251901581,10.215,10.941,0.3333708750985471,0.3690730938168712,,,,190
"Durham-Chapel Hill, NC",2010,Pre-COVID (2006-2019),7146509.0,5643781.049384137,0.2360697460039365,1502727.9506158633,Moderate Structural Surplus,0.2360697460039365,1502727.9506158633,Moderate Structural Surplus,0.4721291808273178,0.17212394302922643,2.066884530293195,3.020280150247012,386255.7378403213,10.36,9.776,0.3293521126760563,0.3773521126760563,2865.34,2354.0,10179.998,292
"Durham-Chapel Hill, NC",2011,Pre-COVID (2006-2019),6864422.0,6847745.026079745,0.002432435677208744,16676.973920254968,Structurally Balanced,0.002432435677208744,16676.973920254968,Structurally Balanced,0.42855220377134057,0.1701278969158849,2.0116338376281147,2.692949740739827,323717.02917000075,9.61,9.893,0.3224383623614567,0.3819271657995928,2827.829,2151.0,10139.4668,295
"Durham-Chapel Hill, NC",2012,Pre-COVID (2006-2019),6424916.0,8115307.0962541755,-0.23356848652276696,-1690391.0962541755,Moderate Structural Deficit,-0.23356848652276696,-1690391.0962541755,Moderate Structural Deficit,0.40667006230231467,0.1689150797397284,1.981385317940299,2.597952567213508,304943.3905092602,9.847,9.05,0.3140737410071942,0.3846672661870504,2867.048,2215.0,10241.90826,343
"Durham-Chapel Hill, NC",2013,Pre-COVID (2006-2019),6238325.0,6829529.772765078,-0.09054410702634286,-591204.7727650777,Structurally Balanced,-0.09054410702634286,-591204.7727650777,Structurally Balanced,0.4133147860477007,0.15777256829698172,1.851921124691665,2.6682065082902544,344551.85535092064,9.995,9.473,0.3073384201077199,0.3960951526032316,,,,441
"Durham-Chapel Hill, NC",2014,Pre-COVID (2006-2019),5011594.0,4813018.821014965,0.04042952739880157,198575.17898503505,Structurally Balanced,0.04042952739880157,198575.17898503505,Structurally Balanced,0.40457790699545115,0.15700118699462093,1.8442954961307787,2.6211569494718425,344123.613691712,10.621,8.705,0.3061201944321697,0.4015687140963323,3605.116,2782.0,12689.035576,562
"Durham-Chapel Hill, NC",2015,Pre-COVID (2006-2019),5402801.0,5465681.172136117,-0.011571233727439179,-62880.17213611677,Structurally Balanced,-0.011571233727439179,-62880.17213611677,Structurally Balanced,0.3963744591560071,0.1560646783437267,1.8290615686343592,2.6508165656605573,347256.30789257766,10.419,8.889,0.3051140663855552,0.4084765920640069,3572.32,2802.026,12651.230876,509
"Durham-Chapel Hill, NC",2016,Pre-COVID (2006-2019),4875552.0,4585329.3536772905,0.061371392817255455,290222.6463227095,Structurally Balanced,0.061371392817255455,290222.6463227095,Structurally Balanced,0.3647844477830344,0.15301278369209922,1.805268864570125,2.5188553562263047,313466.2859403407,11.594,8.212,0.3145796158286973,0.4096777579510864,3870.384,2917.0,13182.141176,609
"Durham-Chapel Hill, NC",2017,Pre-COVID (2006-2019),5155613.0,4430879.644512363,0.15148789437706256,724733.3554876372,Structurally Balanced,0.15148789437706256,724733.3554876372,Structurally Balanced,0.32235296630615234,0.15282901150569192,1.811092155071303,2.215261199867696,265734.9377576129,10.728,9.331,0.3218104432679331,0.4154469012768608,3975.182,2907.0,13388.08547,639
"Durham-Chapel Hill, NC",2018,Pre-COVID (2006-2019),3528910.0,3957608.8724837946,-0.11465098142119778,-428698.8724837946,Structurally Balanced,-0.11465098142119778,-428698.8724837946,Structurally Balanced,0.3138802458667314,0.15341249605760252,1.7893382793613322,2.133312630158839,265441.56340521405,10.393,9.007,0.3322113423092615,0.4143206854345165,3938.2095,2960.0,13438.41269,562
"Durham-Chapel Hill, NC",2019,Pre-COVID (2006-2019),2827546.0,3702637.3675462822,-0.26963617010251184,-875091.3675462822,Moderate Structural Deficit,-0.26963617010251184,-875091.3675462822,Moderate Structural Deficit,0.29917896279538264,0.15308016327004081,1.7675060418210882,2.071552150737644,255651.74406213738,9.434,8.325,0.334779537887196,0.4176167894258904,3983.356,3060.0,13765.41796,598
"Durham-Chapel Hill, NC",2020,COVID (2020),3034281.0,3072819.288260386,-0.012620981480889526,-38538.28826038586,Structurally Balanced,-0.2862429695559108,-1005608.9972577514,Moderate Structural Deficit,0.32796318276959835,0.1749709101333918,1.940455918081311,2.3605298520777875,269267.0040549681,9.691,9.482,0.3341997400779766,0.4203738878336499,3175.864,2598.0,11339.8058,474
"Durham-Chapel Hill, NC",2021,COVID (2021),3937961.0,4931468.060777514,-0.2249736481538065,-993507.0607775142,Moderate Structural Deficit,-0.44649293572124904,-2216369.6970595447,Moderate Structural Deficit,0.32562970108124845,0.17956281361490356,1.998495404677888,2.256353296276265,270151.65420089016,11.385,10.737,0.342422446156886,0.4194823157478759,3418.0,2922.0,12211.0,415
"Durham-Chapel Hill, NC",2022,Recovery (2022),3502761.0,4954891.009283182,-0.34682365677772786,-1452130.0092831822,Moderate Structural Deficit,-0.591749526139834,-2827244.0933587914,Moderate Structural Deficit,0.29842219767039047,0.16730247482379146,1.8429239028408086,2.015599305038461,271988.0720105966,12.516,9.167,0.3488305761551625,0.4128161247385434,3676.0,3176.0,13206.0,456
"Durham-Chapel Hill, NC",2023,Recovery (2023),3385282.0,4020699.876238127,-0.17201877443505253,-635417.8762381268,Structurally Balanced,-0.4237629221198418,-1786411.1689237868,Moderate Structural Deficit,0.29526788344136784,0.16733616649810562,1.8481198809209403,2.021401211470128,286204.0889843582,10.821,8.908,0.3511400651465798,0.4091205211726384,3256.4265,2719.0,10720.1938,457
"El Paso, TX",2007,Pre-COVID (2006-2019),6846884.0,4610350.068033488,0.3954898674768952,2236533.9319665125,Moderate Structural Surplus,0.3954898674768952,2236533.9319665125,Moderate Structural Surplus,0.11199343451047224,0.046286743697471884,0.5414224151954228,0.7216424850360212,147537.70788616818,12.897,10.929,0.3569224439415758,0.3504422958239045,3865.0,883.0,14098.0,11
"El Paso, TX",2008,Pre-COVID (2006-2019),7830860.0,6658371.352928833,0.16219742489845856,1172488.647071167,Structurally Balanced,0.16219742489845856,1172488.647071167,Structurally Balanced,0.08750347581864613,0.0432538331005491,0.5030977970404084,0.5658995464655742,127219.14163421124,11.575,10.38,0.3585583735496457,0.3580449738166136,3769.0,922.0,13922.0,4
"El Paso, TX",2009,Pre-COVID (2006-2019),10325358.0,9000655.004150493,0.13730545844252973,1324702.995849507,Structurally Balanced,0.13730545844252973,1324702.995849507,Structurally Balanced,0.0810482320701881,0.04051553620757276,0.48371561512879524,0.5389489434948606,132317.74980304073,10.517,10.833,0.3511560693641618,0.370251857968621,,,,7
"El Paso, TX",2010,Pre-COVID (2006-2019),10139444.0,9871671.437656337,0.026763979950512606,267772.5623436626,Structurally Balanced,0.026763979950512606,267772.5623436626,Structurally Balanced,0.08887412290487126,0.03979917166855888,0.4779131292981121,0.5685408997805049,155782.47840945437,10.374,10.099,0.3462723351817621,0.374820291640994,3892.43,927.0,13990.656,7
"El Paso, TX",2011,Pre-COVID (2006-2019),10130019.0,9706686.3195585,0.04268823453769599,423332.6804415006,Structurally Balanced,0.04268823453769599,423332.6804415006,Structurally Balanced,0.11066020527730414,0.04173956809596628,0.49353885560192834,0.6953700587448971,199167.0511127726,11.738,9.434,0.3510232744783306,0.3738964686998395,4040.66504,925.0,14341.530254,4
"El Paso, TX",2012,Pre-COVID (2006-2019),9110381.0,7366681.678405988,0.21244717492458953,1743699.321594012,Moderate Structural Surplus,0.21244717492458953,1743699.321594012,Moderate Structural Surplus,0.10035079485523717,0.04346042772105401,0.5097937586779512,0.6410764629196448,177501.2308274948,10.704,9.987,0.3451309738052389,0.3782243551289742,3957.81537,808.0,14081.879493,12
"El Paso, TX",2013,Pre-COVID (2006-2019),9882048.0,9018916.213057525,0.09139560463562901,863131.7869424745,Structurally Balanced,0.09139560463562901,863131.7869424745,Structurally Balanced,0.10590578145974144,0.045150567509799594,0.5299735604596519,0.6836883288366922,181702.68731578303,10.309,9.769,0.338510553564317,0.3813221823974512,,,,9
"El Paso, TX",2014,Pre-COVID (2006-2019),9648316.0,8151260.013344037,0.16861087418334186,1497055.9866559627,Structurally Balanced,0.16861087418334186,1497055.9866559627,Structurally Balanced,0.08695856749115945,0.04208105886799042,0.4943268826706891,0.5633823536937017,159607.84914212217,10.448,9.121,0.3283582089552239,0.3879601990049751,4069.490642,953.0,14522.930342,8
"El Paso, TX",2015,Pre-COVID (2006-2019),8284921.0,6543618.922251564,0.23594675107573515,1741302.0777484355,Moderate Structural Surplus,0.23594675107573515,1741302.0777484355,Moderate Structural Surplus,0.09220504394291257,0.04207016981817448,0.49305795274743014,0.6166357399560215,176010.1483274747,9.914,8.802,0.3260998810939358,0.393380895759017,4159.269099,974.0,15955.038086,8
"El Paso, TX",2016,Pre-COVID (2006-2019),6265664.0,6744599.450208355,-0.07365753483141013,-478935.45020835474,Structurally Balanced,-0.07365753483141013,-478935.45020835474,Structurally Balanced,0.08157894419214337,0.040639229776363466,0.47946801845660597,0.5633068015440322,159240.83053397984,10.38,8.268,0.3273082559843673,0.3972642892037127,4312.958869,980.118,16281.61399,8
"El Paso, TX",2017,Pre-COVID (2006-2019),6054662.0,7320467.695142535,-0.1898456648992397,-1265805.6951425346,Moderate Structural Deficit,-0.1898456648992397,-1265805.6951425346,Structurally Balanced,0.08560599171535306,0.0384191353575562,0.45528394095581204,0.5882980823669798,181016.42726767718,10.449,9.698,0.3206775700934579,0.4032320872274143,4455.98341,1205.65,16854.2362,1
"El Paso, TX",2018,Pre-COVID (2006-2019),4651451.0,4884731.980509193,-0.048935204243004904,-233280.98050919268,Structurally Balanced,-0.048935204243004904,-233280.98050919268,Structurally Balanced,0.09276416219868044,0.037425167194892354,0.4365112751191709,0.6304791762160503,206680.9716728851,10.193,8.401,0.3239047619047619,0.4107619047619048,4445.26259,1219.894,17572.65779,1
"El Paso, TX",2019,Pre-COVID (2006-2019),4299080.0,4487636.458890452,-0.04292511569862789,-188556.45889045205,Structurally Balanced,-0.04292511569862789,-188556.45889045205,Structurally Balanced,0.09633951222937367,0.03793914069407246,0.4380558458118472,0.6670667011312157,216425.55503803756,9.913,8.426,0.3263986505482147,0.4158935432480555,4544.09226,1288.46,18342.48692,5
"El Paso, TX",2020,COVID (2020),4440837.0,3888040.2626673817,0.1329376300223064,552796.7373326183,Structurally Balanced,-0.06456184117677033,-296166.2658138033,Structurally Balanced,0.08145007348750713,0.04143810598100608,0.4595553507930141,0.5862405904758551,175853.79753393432,9.324,8.66,0.3279745770632769,0.4182633891017852,3986.45131,1184.0,16344.80881,4
"El Paso, TX",2021,COVID (2021),4928649.0,5077094.326916875,-0.029674201066816508,-148445.32691687532,Structurally Balanced,-0.2063432631732649,-1129523.440739288,Moderate Structural Deficit,0.09861160279962912,0.042885497644405926,0.47730634335836714,0.683299509501782,220676.05242117704,11.082,9.346,0.3415350716121924,0.4154425266250459,4121.0,1219.0,17321.0,4
"El Paso, TX",2022,Recovery (2022),5781855.0,2229229.474680597,0.9530685667372172,3552625.525319403,Significant Structural Surplus,0.8083099891905974,3205399.605333978,Significant Structural Surplus,0.1126665723424082,0.044176802829610215,0.48663049349104126,0.7609710895743983,263466.30766422406,11.73,9.03,0.3566111308046792,0.4108472172988302,4921.0,1056.0,18137.0,1
"El Paso, TX",2023,Recovery (2023),6015362.0,2558152.392266393,0.8550312543378737,3457209.607733607,Significant Structural Surplus,0.718185751744878,3082054.0518260673,Significant Structural Surplus,0.10806327104593773,0.04318412829239446,0.47694080549119167,0.739800158628019,266776.1517473662,11.626,8.99,0.3572172102706454,0.4107390700902151,4633.59317,1225.0,17926.1073,5
"Fresno, CA",2007,Pre-COVID (2006-2019),5532739.0,5581846.297418694,-0.008836608051868922,-49107.29741869401,Structurally Balanced,-0.008836608051868922,-49107.29741869401,Structurally Balanced,0.056905188802606775,0.03697850455551781,0.4325426601106293,0.36667508268189786,99660.10352304202,11.991,10.035,0.345482367670585,0.355707032065104,0.0,649.0,11967.0,22
"Fresno, CA",2008,Pre-COVID (2006-2019),6021711.0,4736105.271325846,0.24015631297432627,1285605.7286741538,Moderate Structural Surplus,0.24015631297432627,1285605.7286741538,Moderate Structural Surplus,0.06886082548708769,0.03776816766747861,0.43929244161068465,0.4453344229793922,122213.4358140566,10.155,10.978,0.3376185458377239,0.3642430628731998,0.0,1610.0,13200.0,12
"Fresno, CA",2009,Pre-COVID (2006-2019),8725526.0,8113807.698395061,0.07268548827683574,611718.3016049387,Structurally Balanced,0.07268548827683574,611718.3016049387,Structurally Balanced,0.06306746715918915,0.03480955967099267,0.4155918727658242,0.41938169317384005,126866.25692581719,8.98,11.884,0.3213975694444444,0.3795572916666667,,,,19
"Fresno, CA",2010,Pre-COVID (2006-2019),9474616.0,10339775.995103296,-0.08738198248637374,-865159.9951032959,Structurally Balanced,-0.08738198248637374,-865159.9951032959,Structurally Balanced,0.0707741123703733,0.03675884101524845,0.44140448161255147,0.4527524572173654,138100.35769449637,9.323,10.693,0.3095220561160615,0.3947271522203402,0.0,1610.0,12470.718,27
"Fresno, CA",2011,Pre-COVID (2006-2019),9550726.0,11986270.513282776,-0.2271446983398988,-2435544.513282776,Moderate Structural Deficit,-0.2271446983398988,-2435544.513282776,Moderate Structural Deficit,0.0682724902753825,0.035520788206607166,0.4200064821289217,0.4290128095685899,142562.79270740412,9.12,9.89,0.2988899649854727,0.4046785368397527,0.0,1382.0,12198.93201,37
"Fresno, CA",2012,Pre-COVID (2006-2019),8697505.0,9848536.734980568,-0.12428668640269613,-1151031.7349805683,Structurally Balanced,-0.12428668640269613,-1151031.7349805683,Structurally Balanced,0.051924384189271464,0.03203262223629032,0.3757448268793365,0.3317113791012653,120246.35693338285,9.47,8.903,0.2906280050299578,0.4097196538205488,0.0,1511.0,12223.735724,25
"Fresno, CA",2013,Pre-COVID (2006-2019),8057323.0,7606492.565824882,0.057579199779269175,450830.4341751179,Structurally Balanced,0.057579199779269175,450830.4341751179,Structurally Balanced,0.05053843121319045,0.0314165484667018,0.368764801120992,0.32625731194202034,122530.1738373315,9.2,8.672,0.2828617742410846,0.4161508989095196,,,,36
"Fresno, CA",2014,Pre-COVID (2006-2019),6244313.0,6247045.6893889075,-0.00043753277773106447,-2732.6893889075145,Structurally Balanced,-0.00043753277773106447,-2732.6893889075145,Structurally Balanced,0.043368929126740924,0.030774052778554193,0.361503298310241,0.2809762174507144,111151.14268672944,9.767,8.389,0.2783362470862471,0.4227855477855478,0.0,1296.0,10757.969039,45
"Fresno, CA",2015,Pre-COVID (2006-2019),5410010.0,6022815.9036603775,-0.10730396675362286,-612805.9036603775,Structurally Balanced,-0.10730396675362286,-612805.9036603775,Structurally Balanced,0.04013508563528385,0.02948562616525482,0.3455684285409296,0.2684097004957165,110954.34945849492,9.546,8.229,0.2790259457892448,0.428177996811132,0.0,1587.832,11757.653544,47
"Fresno, CA",2016,Pre-COVID (2006-2019),4395662.0,4356309.311520292,0.008992934801170804,39352.688479707576,Structurally Balanced,0.008992934801170804,39352.688479707576,Structurally Balanced,0.037786702896851335,0.02821124401988202,0.33284068971887376,0.2609191251554575,110332.5860373648,9.832,8.414,0.2883611130982187,0.4301452178267401,0.0,2046.997,13141.251467,55
"Fresno, CA",2017,Pre-COVID (2006-2019),3848388.0,3951794.694301261,-0.026515469392499824,-103406.6943012611,Structurally Balanced,-0.026515469392499824,-103406.6943012611,Structurally Balanced,0.03853235674942408,0.027854649556766527,0.3300900581473784,0.2648005254134687,117277.31698521458,9.732,9.234,0.302021993614757,0.4356154664774743,0.0,2074.0,13251.34125,41
"Fresno, CA",2018,Pre-COVID (2006-2019),3094907.0,3533880.5926714703,-0.1326387279550243,-438973.59267147025,Structurally Balanced,-0.1326387279550243,-438973.59267147025,Structurally Balanced,0.03976299211844832,0.028251537735298562,0.32951395238110226,0.2702524112817483,123533.52399110264,9.854,8.606,0.3064312736443884,0.4437438699733781,0.0,2144.165,13819.32586,29
"Fresno, CA",2019,Pre-COVID (2006-2019),3611464.0,3111684.051713986,0.1489491549386024,499779.94828601414,Structurally Balanced,0.1489491549386024,499779.94828601414,Structurally Balanced,0.04110279547240288,0.028369141257861795,0.3275579768365716,0.2846008408031682,130569.4663463664,10.376,8.151,0.3214774281805745,0.4400136798905609,0.0,1643.0,13393.66824,44
"Fresno, CA",2020,COVID (2020),3455919.0,2053800.449966128,0.5203964582955578,1402118.550033872,Moderate Structural Surplus,0.2727797770208298,825064.6636816105,Moderate Structural Surplus,0.03801556746793585,0.02888125004253764,0.32029777134898124,0.27361876749068503,127059.55240672607,10.271,8.637,0.3306446192108624,0.4330846272770047,0.0,906.0,11570.20385,46
"Fresno, CA",2021,COVID (2021),3352707.0,1949294.371156262,0.5423006330913189,1403412.628843738,Significant Structural Surplus,0.2886239577044005,840544.0339298202,Moderate Structural Surplus,0.040138253129489265,0.02905795615191899,0.3234087875426437,0.27812598007728084,140212.48204402768,11.24,9.731,0.3451870422906907,0.4243583822656198,0.0,899.0,11752.0,25
"Fresno, CA",2022,Recovery (2022),2417653.0,2042427.7601410474,0.1686580560893276,375225.2398589526,Structurally Balanced,-0.15036886893896373,-392295.35395931127,Structurally Balanced,0.04181890364016374,0.02897487406037769,0.3191733298859639,0.2824526921006175,154462.94742729305,12.609,8.419,0.3625767640055145,0.4077578643940343,0.0,1113.0,11727.0,27
"Fresno, CA",2023,Recovery (2023),2627706.0,1837383.394340263,0.3577687309892763,790322.605659737,Moderate Structural Surplus,0.055393412567392275,141599.5557476515,Structurally Balanced,0.04190333779504797,0.02925048007429176,0.32305266030097807,0.2868698647354641,160897.26144483572,11.479,9.3,0.3658716498647651,0.4042291615441357,0.0,1142.0,12359.90284,19
"Grand Rapids-Wyoming-Kentwood, MI",2006,Pre-COVID (2006-2019),14101688.0,13934237.008056598,0.01194560073372486,167450.99194340222,Structurally Balanced,0.01194560073372486,167450.99194340222,Structurally Balanced,0.14535262311419908,0.10310671028532421,1.2075789124922316,0.9336068277073816,98279.36449362268,10.606,9.593,0.3202475041597338,0.3478057404326123,2463.0,1235.0,15925.0,257
"Grand Rapids-Wyoming-Kentwood, MI",2007,Pre-COVID (2006-2019),17526691.0,16315479.602530507,0.07161059296382533,1211211.3974694926,Structurally Balanced,0.07161059296382533,1211211.3974694926,Structurally Balanced,0.14566556718576784,0.10025251872767074,1.1726675173722467,0.9386127173221894,104465.18435464118,9.314,9.94,0.3156702659994733,0.3612325520147484,2497.0,1249.0,16144.0,208
"Grand Rapids-Wyoming-Kentwood, MI",2008,Pre-COVID (2006-2019),17168744.0,18947109.830218192,-0.0985608829517517,-1778365.8302181922,Structurally Balanced,-0.0985608829517517,-1778365.8302181922,Structurally Balanced,0.13794596566310616,0.09759171051926126,1.135117307580823,0.8921195263979772,99754.57976799794,8.625,10.247,0.3025255239118753,0.3779688339602364,2456.0,1253.0,15859.0,272
"Grand Rapids-Wyoming-Kentwood, MI",2009,Pre-COVID (2006-2019),22955039.0,20079179.02286796,0.13385406800363953,2875859.977132041,Structurally Balanced,0.13385406800363953,2875859.977132041,Structurally Balanced,0.12367290403433127,0.08819019816583515,1.0529041436243884,0.8223915471780066,103220.75796060331,7.448,11.019,0.2868829651065724,0.3945684233958484,,,,249
"Grand Rapids-Wyoming-Kentwood, MI",2010,Pre-COVID (2006-2019),21953467.0,20280289.277083576,0.07927563415726979,1673177.7229164243,Structurally Balanced,0.07927563415726979,1673177.7229164243,Structurally Balanced,0.14426208280624309,0.0882418438812356,1.0596184286325827,0.9228658655867942,124487.3607919392,7.639,8.952,0.2742236551841167,0.4067537756660445,2579.142,1266.0,15382.316,302
"Grand Rapids-Wyoming-Kentwood, MI",2011,Pre-COVID (2006-2019),20942670.0,18263885.04052996,0.1368630895902072,2678784.959470041,Structurally Balanced,0.1368630895902072,2678784.959470041,Structurally Balanced,0.14594886124779138,0.09054664490276935,1.070645661717464,0.917118018761188,124254.06510279044,8.514,8.112,0.265058198666516,0.416318228048367,2619.256695,1266.0,15057.591019,333
"Grand Rapids-Wyoming-Kentwood, MI",2012,Pre-COVID (2006-2019),17599876.0,17095004.043642692,0.02910559693400927,504871.95635730773,Structurally Balanced,0.02910559693400927,504871.95635730773,Structurally Balanced,0.1485456283825959,0.09434925130924172,1.1067231036497136,0.9489621498570593,123042.62031523926,8.398,8.103,0.2588102621934028,0.4217648717225825,2612.069536,1277.0,14817.742352,367
"Grand Rapids-Wyoming-Kentwood, MI",2013,Pre-COVID (2006-2019),16570023.0,15086056.136399388,0.09382433697132342,1483966.8636006117,Structurally Balanced,0.09382433697132342,1483966.8636006117,Structurally Balanced,0.15194066614479682,0.09453443333785971,1.109637220201654,0.980872419683324,126972.83691006417,7.738,7.62,0.2551250281594954,0.4350078846587069,,,,374
"Grand Rapids-Wyoming-Kentwood, MI",2014,Pre-COVID (2006-2019),12793820.0,11808688.950232204,0.08012662962178396,985131.049767796,Structurally Balanced,0.08012662962178396,985131.049767796,Structurally Balanced,0.1519533042815063,0.09763963972388374,1.1469744352490807,0.9844666567943808,127308.24979418336,8.161,7.154,0.2541454971805036,0.4408464072357769,2735.906517,230.0,14392.129521,453
"Grand Rapids-Wyoming-Kentwood, MI",2015,Pre-COVID (2006-2019),10849757.0,11660496.992430773,-0.07206412029929155,-810739.9924307726,Structurally Balanced,-0.07206412029929155,-810739.9924307726,Structurally Balanced,0.15287749500330075,0.09803650558159899,1.1489775046187987,1.0223923033142208,133609.39202847407,8.86,6.938,0.261359265974397,0.4463491016977089,2835.494173,1420.709,15997.688851,424
"Grand Rapids-Wyoming-Kentwood, MI",2016,Pre-COVID (2006-2019),7270526.0,7563972.91630207,-0.039567929124386225,-293446.91630207,Structurally Balanced,-0.039567929124386225,-293446.91630207,Structurally Balanced,0.15980113501696078,0.09810954767159787,1.157511859172452,1.1034350486014195,139768.33409130544,8.783,6.672,0.2677799394725464,0.4535235624729788,2966.573634,1381.069,16244.169777,436
"Grand Rapids-Wyoming-Kentwood, MI",2017,Pre-COVID (2006-2019),5111209.0,6690298.104711626,-0.26922246175161924,-1579089.1047116257,Moderate Structural Deficit,-0.26922246175161924,-1579089.1047116257,Moderate Structural Deficit,0.1641590903797545,0.09960334112002854,1.1803441502640106,1.128127554373009,142974.33260629783,7.788,7.272,0.2718102800729692,0.458954823478914,3088.21136,1381.069,16743.76361,474
"Grand Rapids-Wyoming-Kentwood, MI",2018,Pre-COVID (2006-2019),4348788.0,6379543.566698181,-0.38319936793864073,-2030755.5666981814,Moderate Structural Deficit,-0.38319936793864073,-2030755.5666981814,Moderate Structural Deficit,0.1622837796410467,0.10256698578140763,1.1962978151953956,1.1029749126842177,142307.31871688715,8.17,6.72,0.2769831635615137,0.4590700374729509,3048.43982,1449.865,16825.7294,359
"Grand Rapids-Wyoming-Kentwood, MI",2019,Pre-COVID (2006-2019),7072533.0,7008240.713719095,0.009131988679385472,64292.2862809049,Structurally Balanced,0.009131988679385472,64292.2862809049,Structurally Balanced,0.15247962624129593,0.10269021449220221,1.1856897110221019,1.055787795814578,137323.40309016232,7.634,6.682,0.2774718069761342,0.4636768948334644,2938.43924,1437.443,16658.71842,437
"Grand Rapids-Wyoming-Kentwood, MI",2020,COVID (2020),7129135.0,6152362.459400922,0.1473537608978308,976772.5405990779,Structurally Balanced,0.044460116288634666,310019.35651001893,Structurally Balanced,0.1502915254705634,0.1038949501066627,1.1522119341983221,1.081730056988764,143838.99612922812,7.927,7.53,0.2804315943850827,0.4604022627278441,2464.46395,1227.0,14103.7494,444
"Grand Rapids-Wyoming-Kentwood, MI",2021,COVID (2021),5453019.0,5735591.463149853,-0.050521477202172704,-282572.46314985305,Structurally Balanced,-0.20698322256659019,-1253986.8063020585,Moderate Structural Deficit,0.14703137144599757,0.10459072121946882,1.164072179094579,1.0188097661749222,144821.95078058218,8.808,8.134,0.2816557598421107,0.4570998234133167,2747.0,1438.0,15990.0,403
"Grand Rapids-Wyoming-Kentwood, MI",2022,Recovery (2022),5320160.0,6216137.706080273,-0.15564538821850604,-895977.7060802728,Structurally Balanced,-0.31703702483826746,-1984703.8194495905,Moderate Structural Deficit,0.14830056073359563,0.10458205905743455,1.1520258540601507,1.0016497079805127,154466.46749067618,9.85,7.525,0.2873808074660174,0.4529823493609251,2765.0,1495.0,16128.0,354
"Grand Rapids-Wyoming-Kentwood, MI",2023,Recovery (2023),4930223.0,5991326.003016738,-0.19492853678330668,-1061103.0030167382,Moderate Structural Deficit,-0.37153378051772634,-2218387.490414382,Moderate Structural Deficit,0.14904897720253255,0.10575075565411547,1.1679487945541998,1.0203879256153856,158901.4066806108,9.107,7.363,0.2894526966404147,0.4512511215232778,2799.61425,1685.0,16674.97329,410
"Greensboro-High Point, NC",2006,Pre-COVID (2006-2019),10215653.0,11682740.47305735,-0.13419142759541458,-1467087.4730573501,Structurally Balanced,-0.13419142759541458,-1467087.4730573501,Structurally Balanced,0.13730760977907566,0.06809683938588183,0.7975456400674822,0.8819333235232356,150502.61603763115,10.926,9.473,0.3139941482908727,0.3421822593306216,2867.0,2273.0,9220.0,120
"Greensboro-High Point, NC",2007,Pre-COVID (2006-2019),13196458.0,9979948.544226505,0.2793705258302097,3216509.455773495,Moderate Structural Surplus,0.2793705258302097,3216509.455773495,Moderate Structural Surplus,0.13553251013417178,0.06974755292199937,0.8158467314921966,0.8733192070044771,149746.37948869515,10.664,10.098,0.3143569647310296,0.3560384752404703,2870.0,2370.0,9450.0,93
"Greensboro-High Point, NC",2008,Pre-COVID (2006-2019),17992970.0,16350066.633580286,0.09574915327063138,1642903.366419714,Structurally Balanced,0.09574915327063138,1642903.366419714,Structurally Balanced,0.13280406834195077,0.0704724333202653,0.8196851796483315,0.8588660203538854,152240.0724904095,9.586,10.069,0.3082398619499568,0.3705061834915156,2611.0,2413.0,9630.0,76
"Greensboro-High Point, NC",2009,Pre-COVID (2006-2019),24309247.0,18241035.548666153,0.287183056404789,6068211.451333847,Moderate Structural Surplus,0.287183056404789,6068211.451333847,Moderate Structural Surplus,0.13769307823446952,0.06960051650301032,0.8309616459486182,0.9156219345630731,169450.58790875046,8.136,11.287,0.2944370072884129,0.3840547374683921,,,,100
"Greensboro-High Point, NC",2010,Pre-COVID (2006-2019),22884572.0,23255120.099828668,-0.016062355412081786,-370548.09982866794,Structurally Balanced,-0.016062355412081786,-370548.09982866794,Structurally Balanced,0.1459807473333292,0.07025947528130935,0.8436840337825492,0.9338604165844594,184938.48723262973,8.347,10.297,0.286211330459118,0.3943725890628545,2884.721,1369.0,9793.026999999998,122
"Greensboro-High Point, NC",2011,Pre-COVID (2006-2019),24029880.0,20343329.460341457,0.1665449884712089,3686550.5396585427,Structurally Balanced,0.1665449884712089,3686550.5396585427,Structurally Balanced,0.15757933176299257,0.07204559246014774,0.8518846954092105,0.9902019331197397,195056.89654502578,8.707,9.272,0.2747101891397193,0.4031421598535692,2993.7594,1450.0,10123.8308,179
"Greensboro-High Point, NC",2012,Pre-COVID (2006-2019),22407712.0,18780924.74648127,0.17656347172804487,3626787.2535187304,Structurally Balanced,0.17656347172804487,3626787.2535187304,Structurally Balanced,0.14433773125086283,0.07411089810853527,0.8693258508232781,0.9220806108176066,173535.36301171948,8.754,8.791,0.2667738970588235,0.4127604166666667,3018.41713,1410.0,9949.47171,176
"Greensboro-High Point, NC",2013,Pre-COVID (2006-2019),21396715.0,17890148.522377055,0.17898720610821783,3506566.477622945,Moderate Structural Surplus,0.17898720610821783,3506566.477622945,Structurally Balanced,0.15134769574131293,0.07345514997921256,0.862210366683247,0.9770444233395963,187149.3890392091,8.609,8.89,0.2617118160067917,0.4239407270201435,,,,249
"Greensboro-High Point, NC",2014,Pre-COVID (2006-2019),17044630.0,16512515.53726085,0.031716587321394485,532114.4627391491,Structurally Balanced,0.031716587321394485,532114.4627391491,Structurally Balanced,0.14663240989319487,0.07136192199943428,0.8382896579202411,0.949993940755823,194391.76486418946,8.389,8.233,0.2532281759839171,0.436016392175056,3852.22993,370.0,10072.2372,188
"Greensboro-High Point, NC",2015,Pre-COVID (2006-2019),15407796.0,14921800.445522068,0.03205035430519132,485995.55447793193,Structurally Balanced,0.03205035430519132,485995.55447793193,Structurally Balanced,0.15256611918397245,0.0718905294297433,0.8425494219717938,1.0203099285270585,203265.4132378578,8.091,8.198,0.2527812113720643,0.4456118665018541,3924.60653,1773.997,11804.259408,214
"Greensboro-High Point, NC",2016,Pre-COVID (2006-2019),13834450.0,11941803.233762344,0.14711673703759232,1892646.7662376557,Structurally Balanced,0.14711673703759232,1892646.7662376557,Structurally Balanced,0.15468363133721416,0.07330348921204904,0.8648460837438979,1.0680984227321488,200297.66995025493,8.733,7.546,0.2578351933955052,0.4536768078275493,4119.14651,1880.0,12233.492296,181
"Greensboro-High Point, NC",2017,Pre-COVID (2006-2019),9406557.0,10701804.184591608,-0.1290053433459768,-1295247.1845916081,Structurally Balanced,-0.1290053433459768,-1295247.1845916081,Structurally Balanced,0.15038850479730986,0.07505983422803372,0.8894926139483762,1.0334938852933988,193211.33239951366,8.101,8.064,0.2598455303204098,0.4627972776630725,4336.0558,1996.0,12935.83703,229
"Greensboro-High Point, NC",2018,Pre-COVID (2006-2019),8690418.0,7844572.429270836,0.10239915701027158,845845.5707291644,Structurally Balanced,0.10239915701027158,845845.5707291644,Structurally Balanced,0.14866087733493039,0.07514890051978226,0.876504898932576,1.0103857487219938,192789.4489728917,8.582,8.378,0.2662613981762918,0.4661094224924012,4448.4712,1944.0,13419.57748,300
"Greensboro-High Point, NC",2019,Pre-COVID (2006-2019),8127510.0,7983748.873399379,0.017846518803875,143761.12660062127,Structurally Balanced,0.017846518803875,143761.12660062127,Structurally Balanced,0.13283587411765,0.07121364407723606,0.8222524948877247,0.9197720259219366,183982.98254459538,8.15,7.505,0.2694810107429263,0.4703434710243607,4991.64525,1905.0,13224.64205,271
"Greensboro-High Point, NC",2020,COVID (2020),6272455.0,6092492.627772128,0.02911052859294827,179962.3722278718,Structurally Balanced,-0.09937033661749162,-655316.313384016,Structurally Balanced,0.12265180899955272,0.07297105469598507,0.8092608927135972,0.8827919466746483,174286.7327243287,8.542,7.895,0.278157637688782,0.4686302502066271,4202.3081,1581.0,11100.68765,267
"Greensboro-High Point, NC",2021,COVID (2021),7510059.0,6345048.7557754675,0.16856853667473004,1165010.2442245325,Structurally Balanced,0.07607858281875401,550161.5564323589,Structurally Balanced,0.12244375638889934,0.07277034684422512,0.8099182722592919,0.8484372660699242,181655.23912592288,9.486,8.361,0.2905060953084595,0.4620613224972294,4644.0,1776.0,12131.0,250
"Greensboro-High Point, NC",2022,Recovery (2022),7849389.0,7245053.639066701,0.08011671502703166,604335.3609332992,Structurally Balanced,-0.003540700330535884,-27841.5945117753,Structurally Balanced,0.11748552078541238,0.07126104658302244,0.7849775457752443,0.7935191681307514,187839.06440914646,10.964,8.803,0.3027073732718894,0.451036866359447,4652.0,1788.0,12285.0,193
"Greensboro-High Point, NC",2023,Recovery (2023),8307623.0,5364447.238729334,0.43738018725242256,2943175.7612706656,Moderate Structural Surplus,0.3650627173139025,2540860.6238311864,Moderate Structural Surplus,0.11249489688030381,0.0679568086123355,0.7505390595990402,0.7701390282875387,198708.20320834868,9.812,9.02,0.3069321009598293,0.4491290437255599,4775.9196,2024.0,13064.09125,172
"Greenville-Anderson-Greer, SC",2006,Pre-COVID (2006-2019),15514616.0,12126109.259352472,0.2464216294059085,3388506.7406475283,Moderate Structural Surplus,0.2464216294059085,3388506.7406475283,Moderate Structural Surplus,0.16209373650079106,0.0972383958795631,1.138849605654089,1.041135797094236,104942.6375886141,11.797,9.443,0.3501985485416952,0.3232233328768999,2643.0,527.0,9290.0,79
"Greenville-Anderson-Greer, SC",2007,Pre-COVID (2006-2019),12557538.0,12092190.735404843,0.03776127223922643,465347.26459515654,Structurally Balanced,0.03776127223922643,465347.26459515654,Structurally Balanced,0.16887158613909098,0.09666271986732153,1.1306771457500968,1.0881433505996536,115560.14959373884,11.575,9.611,0.3527186761229314,0.3340087808172914,2719.0,532.0,9517.0,65
"Greenville-Anderson-Greer, SC",2008,Pre-COVID (2006-2019),12907443.0,11704769.85980568,0.0978076826747909,1202673.1401943192,Structurally Balanced,0.0978076826747909,1202673.1401943192,Structurally Balanced,0.1652353729339116,0.09898969054126587,1.1513776160659015,1.0686046665982294,114898.01329323355,9.969,9.686,0.3512455275771282,0.3456423411867954,2639.0,532.0,9247.0,51
"Greenville-Anderson-Greer, SC",2009,Pre-COVID (2006-2019),18551905.0,15772067.202950465,0.16233200228985467,2779837.7970495354,Structurally Balanced,0.16233200228985467,2779837.7970495354,Structurally Balanced,0.17009540436176496,0.09520604727064717,1.1366664748940074,1.131088687964413,129581.75827986821,8.559,11.977,0.3272880050416638,0.3641901827603109,,,,35
"Greenville-Anderson-Greer, SC",2010,Pre-COVID (2006-2019),17800242.0,15998645.771074725,0.10670797336139515,1801596.2289252747,Structurally Balanced,0.10670797336139515,1801596.2289252747,Structurally Balanced,0.16777858456456624,0.09247649811170795,1.1104686541507012,1.0733044030638716,136707.80836879517,8.609,10.144,0.3127630734108582,0.378968395519726,2645.462,519.0,9155.612,83
"Greenville-Anderson-Greer, SC",2011,Pre-COVID (2006-2019),16675128.0,14456931.227205196,0.14274429867765903,2218196.7727948036,Structurally Balanced,0.14274429867765903,2218196.7727948036,Structurally Balanced,0.17094913366891928,0.09382587972692993,1.1094201358242675,1.07421551246775,141598.76773334027,8.999,9.419,0.2967704811911098,0.390563187801194,2669.262,522.0,9132.8098,65
"Greenville-Anderson-Greer, SC",2012,Pre-COVID (2006-2019),15385902.0,14443992.106572947,0.06317307865948507,941909.8934270535,Structurally Balanced,0.06317307865948507,941909.8934270535,Structurally Balanced,0.17425573534134398,0.09415629003220817,1.10445965481001,1.113207430167759,142456.5431662669,8.915,8.238,0.2882386607526112,0.3960509371870082,2676.02325,526.0,9240.722,86
"Greenville-Anderson-Greer, SC",2013,Pre-COVID (2006-2019),13630826.0,13723142.567406122,-0.006749800685931007,-92316.56740612164,Structurally Balanced,-0.006749800685931007,-92316.56740612164,Structurally Balanced,0.17529519122252266,0.09671985533621213,1.135289519640023,1.1316405458524765,142860.1519290092,8.782,8.248,0.2812344449975112,0.4078788309748987,,,,102
"Greenville-Anderson-Greer, SC",2014,Pre-COVID (2006-2019),14129647.0,11442290.572726006,0.21095902327926552,2687356.4272739943,Moderate Structural Surplus,0.21095902327926552,2687356.4272739943,Moderate Structural Surplus,0.1665205809730526,0.096611196479355,1.1348932957353044,1.0788443226894073,139563.7078008373,8.786,8.526,0.2752573659921902,0.4204472843450479,2647.88417,187.0,9448.457716,111
"Greenville-Anderson-Greer, SC",2015,Pre-COVID (2006-2019),13241992.0,12623774.704175105,0.04781107504730642,618217.2958248947,Structurally Balanced,0.04781107504730642,618217.2958248947,Structurally Balanced,0.17018529820232967,0.09738396196750546,1.1413297622913035,1.1381409606138604,147623.49071119432,9.088,7.745,0.2798620398395157,0.4263391285985781,2784.614365,643.492,10424.765247,101
"Greenville-Anderson-Greer, SC",2016,Pre-COVID (2006-2019),10505185.0,9325799.984036509,0.11908419378047341,1179385.015963491,Structurally Balanced,0.11908419378047341,1179385.015963491,Structurally Balanced,0.17664102191803727,0.09877634705666428,1.1653788630902238,1.2197153329633519,156063.28281432984,9.868,7.345,0.2891974029562094,0.4338306395911037,2872.00773,639.102,10846.561292,116
"Greenville-Anderson-Greer, SC",2017,Pre-COVID (2006-2019),11443067.0,8659982.14550126,0.2786713835745527,2783084.8544987403,Moderate Structural Surplus,0.2786713835745527,2783084.8544987403,Moderate Structural Surplus,0.16016212478932618,0.10045091217948504,1.1903882464832025,1.100659766838295,141199.16772517868,9.233,7.972,0.2922371303395399,0.4461254107338445,2915.35607,649.509,11042.35445,112
"Greenville-Anderson-Greer, SC",2018,Pre-COVID (2006-2019),8567191.0,8099224.493754369,0.0561715920026451,467966.5062456308,Structurally Balanced,0.0561715920026451,467966.5062456308,Structurally Balanced,0.1594117615897443,0.10383415220711913,1.2110775068770674,1.0834550083144185,138777.48938966927,9.526,8.184,0.3009218760514097,0.4443846309131283,2870.87232,760.663,11378.01012,115
"Greenville-Anderson-Greer, SC",2019,Pre-COVID (2006-2019),8974141.0,5978110.131940661,0.4062427329213829,2996030.868059339,Moderate Structural Surplus,0.4062427329213829,2996030.868059339,Moderate Structural Surplus,0.15842973258532825,0.10356901528172813,1.1958365887877347,1.09698706824647,143503.8927478935,9.626,7.798,0.308896374083614,0.4481870418070141,2913.2925,813.436,11709.17604,156
"Greenville-Anderson-Greer, SC",2020,COVID (2020),9087511.0,7148882.197380834,0.23994504485931323,1938628.8026191657,Moderate Structural Surplus,0.18556102783533568,1539077.747679702,Structurally Balanced,0.14421433979025436,0.1019757139333966,1.130927292152563,1.0379892379924223,138284.15285119758,9.626,8.506,0.3169537979639781,0.4414643696162881,2660.1139,793.0,10872.32201,132
"Greenville-Anderson-Greer, SC",2021,COVID (2021),6816411.0,7039138.683930468,-0.032152729647600964,-222727.6839304678,Structurally Balanced,-0.14401171335642182,-1055845.9510858813,Structurally Balanced,0.14307996745124138,0.10369556073917233,1.154109235931088,0.9914296979597604,138491.74157917884,10.739,8.397,0.3307415133699981,0.4334660850875529,2996.0,793.0,11541.0,158
"Greenville-Anderson-Greer, SC",2022,Recovery (2022),9182921.0,4823631.059559898,0.6438183694318909,4359289.940440102,Significant Structural Surplus,0.5915218079999924,4100317.970475385,Moderate Structural Surplus,0.14572913359383147,0.10875017460135286,1.1979398178181873,0.9842818084196687,143704.43166385786,11.364,8.265,0.3452939384709108,0.4194943649101431,3065.0,849.0,11952.0,132
"Greenville-Anderson-Greer, SC",2023,Recovery (2023),12621434.0,6007128.28850018,0.7424496676770698,6614305.71149982,Significant Structural Surplus,0.7537206119371973,6681631.593747367,Significant Structural Surplus,0.14731780615146264,0.10855329189734798,1.1989009972758877,1.0085363445388762,153290.64913589708,10.814,8.312,0.3522308149910767,0.4157049375371802,2557.02754,989.0,11461.4678,157
"Harrisburg-Carlisle, PA",2006,Pre-COVID (2006-2019),9805437.0,9217018.741179066,0.06188538941562882,588418.2588209342,Structurally Balanced,0.06188538941562882,588418.2588209342,Structurally Balanced,0.09333763482284226,0.05790776453772822,0.6782118751710319,0.5995120781838251,121038.43364016224,10.464,8.613,0.2900120336943441,0.3394504612916165,3968.0,1225.0,11494.0,126
"Harrisburg-Carlisle, PA",2007,Pre-COVID (2006-2019),10754432.0,9424392.857085815,0.13201663576698408,1330039.1429141853,Structurally Balanced,0.13201663576698408,1330039.1429141853,Structurally Balanced,0.09488140202436365,0.056832759141127114,0.664780610135887,0.6113791494997062,133949.8421186789,9.738,8.711,0.2897057366491627,0.3488556425245219,4068.0,1235.0,11646.0,100
"Harrisburg-Carlisle, PA",2008,Pre-COVID (2006-2019),14076136.0,12406648.883896332,0.12624835202722196,1669487.1161036678,Structurally Balanced,0.12624835202722196,1669487.1161036678,Structurally Balanced,0.10466002235408531,0.05783637989329639,0.6727116009688443,0.676853789282654,147455.75821486893,8.73,8.495,0.2822757111597374,0.3595583847224985,4061.0,1242.0,11518.0,112
"Harrisburg-Carlisle, PA",2009,Pre-COVID (2006-2019),15819821.0,16394145.049197258,-0.03566061440781709,-574324.0491972584,Structurally Balanced,-0.03566061440781709,-574324.0491972584,Structurally Balanced,0.09040703927667813,0.055495107680960686,0.6625569512644693,0.6011824941532122,138028.2710331658,7.861,8.804,0.2679646728221598,0.3773584905660377,,,,109
"Harrisburg-Carlisle, PA",2010,Pre-COVID (2006-2019),16561967.0,15738075.079213591,0.05102598142621417,823891.9207864087,Structurally Balanced,0.05102598142621417,823891.9207864087,Structurally Balanced,0.09371057319799542,0.05463413732898541,0.6560531398703773,0.5994803871309424,148412.52127647583,7.106,7.716,0.2526315789473684,0.3887651821862348,3882.162,744.0,10789.997,100
"Harrisburg-Carlisle, PA",2011,Pre-COVID (2006-2019),17123767.0,13822230.14077144,0.2141892057020769,3301536.8592285607,Moderate Structural Surplus,0.2141892057020769,3301536.8592285607,Moderate Structural Surplus,0.0944049736483091,0.05737663599087718,0.678435368572071,0.5932249258631993,144938.66115242033,7.721,7.617,0.2449705344442186,0.4001219264377159,3684.054669,644.0,10390.68966,43
"Harrisburg-Carlisle, PA",2012,Pre-COVID (2006-2019),16928256.0,14994550.252771825,0.12129735982997758,1933705.7472281754,Structurally Balanced,0.12129735982997758,1933705.7472281754,Structurally Balanced,0.09504747981475732,0.056306604100691146,0.6604802770723059,0.607197005833093,154213.07015671273,7.536,7.965,0.2378818737270875,0.4106924643584521,3868.336081,1010.0,10869.828222,28
"Harrisburg-Carlisle, PA",2013,Pre-COVID (2006-2019),14500432.0,12815254.572844137,0.12354221724356051,1685177.4271558635,Structurally Balanced,0.12354221724356051,1685177.4271558635,Structurally Balanced,0.0926695574550127,0.055476831210435396,0.6511823744681009,0.5982401904520929,155239.7203447017,7.423,8.409,0.2331963001027749,0.4209660842754368,,,,33
"Harrisburg-Carlisle, PA",2014,Pre-COVID (2006-2019),10128483.0,11199293.482889079,-0.10049914058823006,-1070810.4828890786,Structurally Balanced,-0.10049914058823006,-1070810.4828890786,Structurally Balanced,0.0960470797854827,0.05508079993121075,0.647035052288445,0.6222645040749224,164925.76477231208,7.884,7.466,0.2277258246839996,0.4332545473229884,3842.267626,1133.0,10906.296388,30
"Harrisburg-Carlisle, PA",2015,Pre-COVID (2006-2019),12218104.0,10912509.966238843,0.11300895177098269,1305594.0337611567,Structurally Balanced,0.11300895177098269,1305594.0337611567,Structurally Balanced,0.09711533362289135,0.057139711516019855,0.6696713919252254,0.649474074831571,166424.1800589066,7.804,7.085,0.2291240278346295,0.4441260744985673,5104.722191,1389.623,13268.983592,48
"Harrisburg-Carlisle, PA",2016,Pre-COVID (2006-2019),11117632.0,11195161.747616258,-0.006949381642730401,-77529.74761625752,Structurally Balanced,-0.006949381642730401,-77529.74761625752,Structurally Balanced,0.09329017094824349,0.057532845175140686,0.6787815473889579,0.6441734240710124,157978.87026486857,8.533,6.587,0.2385822784810126,0.4460759493670886,5249.47248,1367.784,13472.62797,34
"Harrisburg-Carlisle, PA",2017,Pre-COVID (2006-2019),9927739.0,9386466.764814056,0.056063812241077926,541272.2351859435,Structurally Balanced,0.056063812241077926,541272.2351859435,Structurally Balanced,0.10036292204049777,0.05828159605782106,0.690662985812894,0.6897100704527247,171409.03632088326,7.908,7.395,0.2446572580645161,0.4502016129032258,5298.49237,1145.565,13391.92086,40
"Harrisburg-Carlisle, PA",2018,Pre-COVID (2006-2019),13769392.0,12269864.344978515,0.11530195497513773,1499527.655021485,Structurally Balanced,0.11530195497513773,1499527.655021485,Structurally Balanced,0.08963464589638773,0.05706700246419887,0.6656053100085013,0.6092091640318377,159098.7425734516,6.979,7.072,0.2444958278878053,0.458329144465668,5369.085,1147.402,13492.98705,26
"Harrisburg-Carlisle, PA",2019,Pre-COVID (2006-2019),11259091.0,10920636.350874096,0.030521648702809046,338454.64912590384,Structurally Balanced,0.030521648702809046,338454.64912590384,Structurally Balanced,0.08715244372742047,0.057741056395280495,0.6666942591363442,0.6034543022634135,157159.8001254193,7.036,6.826,0.2495482834772134,0.4633607709295322,5532.54048,1159.055,13681.74364,26
"Harrisburg-Carlisle, PA",2020,COVID (2020),8974141.0,9255415.926567502,-0.03086166627027609,-281274.9265675023,Structurally Balanced,-0.08775476380884228,-823111.4419022463,Structurally Balanced,0.08237141925110014,0.05946219042868432,0.659445385701279,0.5928720183107734,148679.06403308248,8.087,7.022,0.2553000895789788,0.4606350154274908,4651.25616,1168.0,11434.55069,22
"Harrisburg-Carlisle, PA",2021,COVID (2021),7610468.0,6745281.451178421,0.12068145184237444,865186.5488215787,Structurally Balanced,0.03084598323025567,231168.72600437514,Structurally Balanced,0.08177120562783745,0.057167776484561277,0.6362650278195782,0.5666090308906411,159398.5420463421,8.6,8.615,0.2543306298187644,0.4632021628116551,5469.0,1156.0,13627.0,30
"Harrisburg-Carlisle, PA",2022,Recovery (2022),5478160.0,5114653.31869657,0.06865965842872512,363506.68130343035,Structurally Balanced,-0.08688272921925133,-497245.77337534726,Structurally Balanced,0.08362921190741357,0.055497387680742125,0.6113326321668865,0.5648473294459015,175944.04091857164,9.786,7.855,0.2672557682866961,0.4536082474226804,4792.0,1161.0,12964.0,35
"Harrisburg-Carlisle, PA",2023,Recovery (2023),7269060.0,2983811.3002904477,0.890425541524845,4285248.699709552,Significant Structural Surplus,0.7914167012984041,3974705.376394226,Significant Structural Surplus,0.07779290742764897,0.05328366019886631,0.5884836123748267,0.5325695280003551,176544.04412476212,8.385,8.235,0.2701514411333659,0.452076209086468,4495.83537,932.0,12581.53169,26
"Hartford-West Hartford-East Hartford, CT",2006,Pre-COVID (2006-2019),12802219.0,11309226.198181534,0.12399964497870641,1492992.8018184658,Structurally Balanced,0.12399964497870641,1492992.8018184658,Structurally Balanced,0.15104067227042492,0.10212072367410015,1.1960311030778978,0.9701414386061159,151574.46135133793,10.427,9.194,0.2723906185708407,0.3694966396927719,7797.0,2026.0,22413.0,508
"Hartford-West Hartford-East Hartford, CT",2007,Pre-COVID (2006-2019),12663709.0,12954296.736837223,-0.022687183671433075,-290587.7368372232,Structurally Balanced,-0.022687183671433075,-290587.7368372232,Structurally Balanced,0.14956702410352826,0.10324185121579277,1.2076341511479896,0.9637522005222545,155205.6303175646,9.633,9.026,0.2752512505162682,0.381120646138314,7862.0,2056.0,22604.0,416
"Hartford-West Hartford-East Hartford, CT",2008,Pre-COVID (2006-2019),12631509.0,14767445.39302403,-0.15623071575153347,-2135936.393024029,Structurally Balanced,-0.15623071575153347,-2135936.393024029,Structurally Balanced,0.1632921365234693,0.10372809032947729,1.206491309444342,1.0560374332048519,160778.28660136848,8.78,9.018,0.2708729312502897,0.39400120532196,7820.0,1999.0,22379.0,419
"Hartford-West Hartford-East Hartford, CT",2009,Pre-COVID (2006-2019),14932401.0,17854810.31237508,-0.1787395414400379,-2922409.31237508,Moderate Structural Deficit,-0.1787395414400379,-2922409.31237508,Structurally Balanced,0.15004389856452108,0.10242339989638499,1.2228345598250336,0.9977515677228884,163270.24718811436,7.572,9.537,0.2650989280823535,0.4067620531708929,,,,429
"Hartford-West Hartford-East Hartford, CT",2010,Pre-COVID (2006-2019),16447646.0,16273672.563991562,0.010633744787789112,173973.43600843847,Structurally Balanced,0.010633744787789112,173973.43600843847,Structurally Balanced,0.16207747350453097,0.10178181261743081,1.222207963992829,1.0368335529910055,180088.26627101292,7.688,8.888,0.2549920988363741,0.4178997270507111,7855.548,1925.0,22333.083,595
"Hartford-West Hartford-East Hartford, CT",2011,Pre-COVID (2006-2019),16856294.0,14535036.019480582,0.14816210608203662,2321257.9805194177,Structurally Balanced,0.14816210608203662,2321257.9805194177,Structurally Balanced,0.1537248983900522,0.09993203921493186,1.181620858143734,0.9659813241460499,173752.81495556643,7.672,8.472,0.2485624546992027,0.4215510992993476,7694.444,1920.0,22238.7449,663
"Hartford-West Hartford-East Hartford, CT",2012,Pre-COVID (2006-2019),15170826.0,15220752.625117276,-0.003285559506196023,-49926.625117275864,Structurally Balanced,-0.003285559506196023,-49926.625117275864,Structurally Balanced,0.15660702202375162,0.0984615683002662,1.1549608602862864,1.0004611910866794,181924.58253970108,8.17,7.993,0.2416574105374994,0.4261360892451828,7803.906,1866.0,22283.1669,878
"Hartford-West Hartford-East Hartford, CT",2013,Pre-COVID (2006-2019),15604968.0,13392488.437144144,0.15289533970616276,2212479.5628558565,Structurally Balanced,0.15289533970616276,2212479.5628558565,Structurally Balanced,0.15323930412708073,0.09604880857537099,1.127412829252893,0.9892559434119983,180613.84276507777,8.193,8.278,0.2410159285159285,0.4318667443667444,,,,887
"Hartford-West Hartford-East Hartford, CT",2014,Pre-COVID (2006-2019),14771752.0,14109233.84349053,0.04588724277136791,662518.1565094702,Structurally Balanced,0.04588724277136791,662518.1565094702,Structurally Balanced,0.14425917490525922,0.09647043272848202,1.1332397416652809,0.9346183572803091,177421.42937501156,8.071,8.18,0.2341401522545383,0.4405621706031622,8079.267,2143.0,23305.6414,1009
"Hartford-West Hartford-East Hartford, CT",2015,Pre-COVID (2006-2019),13954050.0,14311909.715428898,-0.025322249161263244,-357859.7154288981,Structurally Balanced,-0.025322249161263244,-357859.7154288981,Structurally Balanced,0.139397382990104,0.09623813052076509,1.1279007385967195,0.9322419331121952,185617.83907431836,8.129,8.055,0.2352481055976533,0.4472256172085064,8154.659,2104.483,23475.3745,1029
"Hartford-West Hartford-East Hartford, CT",2016,Pre-COVID (2006-2019),10881923.0,13052088.161556304,-0.18184516121434413,-2170165.1615563035,Moderate Structural Deficit,-0.18184516121434413,-2170165.1615563035,Structurally Balanced,0.12805582405823557,0.09529353721238074,1.1242881253009207,0.884232045212925,171954.68670128332,9.537,7.637,0.2432772296382279,0.4552137744244535,8160.927,2056.246,23486.0325,972
"Hartford-West Hartford-East Hartford, CT",2017,Pre-COVID (2006-2019),9825170.0,11409970.013409054,-0.14954007536854874,-1584800.013409054,Structurally Balanced,-0.14954007536854874,-1584800.013409054,Structurally Balanced,0.13074780578167305,0.09573136278475888,1.1344594748445682,0.8985198567736883,179058.47496125274,7.4,8.294,0.2424612677777234,0.4670837202482772,8219.427,2052.602,23589.3175,1112
"Hartford-West Hartford-East Hartford, CT",2018,Pre-COVID (2006-2019),8529722.0,9195517.176977681,-0.0751593318149375,-665795.176977681,Structurally Balanced,-0.0751593318149375,-665795.176977681,Structurally Balanced,0.14433390750718145,0.09663771829464773,1.1271413543119977,0.9809771462202223,203548.98230211978,7.679,8.667,0.2443875541551792,0.4703131153997636,8379.268,1969.395,23668.29400000001,1739
"Hartford-West Hartford-East Hartford, CT",2019,Pre-COVID (2006-2019),10440413.0,8931639.798071258,0.15608413502466334,1508773.2019287422,Structurally Balanced,0.15608413502466334,1508773.2019287422,Structurally Balanced,0.1556882658072031,0.09717949920471465,1.122061463198719,1.078004813119511,223929.19424549877,8.131,7.312,0.2480149004999509,0.4725517106166062,8242.858,1962.557,23620.9085,2007
"Hartford-West Hartford-East Hartford, CT",2020,COVID (2020),10680237.0,10347339.715210257,0.03166556997100045,332897.2847897429,Structurally Balanced,0.009558655022370743,101602.33659959771,Structurally Balanced,0.14754688980536104,0.10118165619272483,1.122121062356935,1.0619754175622433,208554.5030852702,8.071,8.659,0.2487756616373979,0.4752906257729409,8280.207,1823.0,23032.074,1733
"Hartford-West Hartford-East Hartford, CT",2021,COVID (2021),9232624.0,12675766.40569714,-0.31694871511252387,-3443142.405697141,Moderate Structural Deficit,-0.3681664110602014,-4109279.340793213,Moderate Structural Deficit,0.15705467882297613,0.09807419179185652,1.0915446114242398,1.0882632667755718,236496.52736148707,8.798,9.98,0.2579065700724456,0.4726954783912065,7639.0,1868.0,21542.0,1236
"Hartford-West Hartford-East Hartford, CT",2022,Recovery (2022),7987679.0,10659240.792839482,-0.28852696654930554,-2671561.7928394824,Moderate Structural Deficit,-0.3686938207507957,-3561265.5312799644,Moderate Structural Deficit,0.15669321203305825,0.09810242128149446,1.0806492689163423,1.0583352436366475,248971.85269976544,9.559,8.416,0.2644311141705182,0.4663192054282624,7694.0,1786.0,21707.0,1176
"Hartford-West Hartford-East Hartford, CT",2023,Recovery (2023),8592766.0,9275857.12750941,-0.0764943304003598,-683091.1275094096,Structurally Balanced,-0.14206690141834777,-1311718.0398082435,Structurally Balanced,0.16334759205519003,0.09739044140653379,1.0756145233978374,1.118276111247488,275536.9534216619,8.147,8.418,0.270750307503075,0.4661254612546125,8942.031,1786.0,24773.9805,974
"Houston-Pasadena-The Woodlands, TX",2006,Pre-COVID (2006-2019),36984876.0,38653826.942584895,-0.04413671314016554,-1668950.9425848946,Structurally Balanced,-0.04413671314016554,-1668950.9425848946,Structurally Balanced,0.35224279907711253,0.11488552961485542,1.3455316587008588,2.2624722910626756,344731.8329825676,13.443,10.336,0.4000693506151878,0.3251706862123802,24295.0,4139.0,101171.0,3945
"Houston-Pasadena-The Woodlands, TX",2007,Pre-COVID (2006-2019),39309812.0,46178024.32475672,-0.1610298640331571,-6868212.324756719,Structurally Balanced,-0.1610298640331571,-6868212.324756719,Structurally Balanced,0.38786409551645323,0.11808980736814206,1.3813127389800337,2.4992465939471598,412037.81277155096,13.218,10.832,0.4034815702304602,0.3344139826626259,24788.0,4408.0,104390.0,3204
"Houston-Pasadena-The Woodlands, TX",2008,Pre-COVID (2006-2019),44859091.0,52385700.91657761,-0.1551074049699679,-7526609.916577607,Structurally Balanced,-0.1551074049699679,-7526609.916577607,Structurally Balanced,0.3611325945731613,0.12179848984556141,1.4166733334755617,2.3355046136274726,364803.40564464405,11.929,10.481,0.4024427055518146,0.3436041516706527,25274.0,3815.0,106872.0,3148
"Houston-Pasadena-The Woodlands, TX",2009,Pre-COVID (2006-2019),54841833.0,57484057.91200555,-0.04705437701395354,-2642224.912005551,Structurally Balanced,-0.04705437701395354,-2642224.912005551,Structurally Balanced,0.36731554327789245,0.1192834322427877,1.4241267474872874,2.4425495648988735,385458.2694078409,10.936,10.833,0.3939721379855229,0.3537592805604935,,,,3009
"Houston-Pasadena-The Woodlands, TX",2010,Pre-COVID (2006-2019),54548621.0,51478682.60412938,0.05792464043940271,3069938.3958706185,Structurally Balanced,0.05792464043940271,3069938.3958706185,Structurally Balanced,0.36985098769554015,0.1162985680089284,1.3965268682700913,2.365991432109036,417045.3930025243,10.855,10.282,0.3839982428355086,0.3623226940106123,25711.251,4754.0,107004.505,3977
"Houston-Pasadena-The Woodlands, TX",2011,Pre-COVID (2006-2019),52273544.0,50626843.83443097,0.03200844604042885,1646700.1655690297,Structurally Balanced,0.03200844604042885,1646700.1655690297,Structurally Balanced,0.38794440295712884,0.11881292411526868,1.4048730562747562,2.4377771720018684,455342.5205499016,11.0,9.859,0.3776066730830927,0.3672258123653696,26037.9142,4630.0,107746.194881,3750
"Houston-Pasadena-The Woodlands, TX",2012,Pre-COVID (2006-2019),49662525.0,50069365.213753045,-0.008158723747186514,-406840.2137530446,Structurally Balanced,-0.008158723747186514,-406840.2137530446,Structurally Balanced,0.37517289708832835,0.12176301763898034,1.4282884381295275,2.396737506620251,438768.4877307855,11.549,9.386,0.3776829322937671,0.3690124120625532,28504.10921,4643.0,106153.400236,4092
"Houston-Pasadena-The Woodlands, TX",2013,Pre-COVID (2006-2019),50115083.0,50737661.01551416,-0.012346434994903177,-622578.0155141577,Structurally Balanced,-0.012346434994903177,-622578.0155141577,Structurally Balanced,0.3926600462883629,0.12375897381112877,1.4526724160284616,2.534867191833895,471982.32695538684,11.162,9.129,0.3748112650167399,0.3731919735661612,,,,4585
"Houston-Pasadena-The Woodlands, TX",2014,Pre-COVID (2006-2019),49137625.0,51223723.787050374,-0.04157774531870473,-2086098.7870503739,Structurally Balanced,-0.04157774531870473,-2086098.7870503739,Structurally Balanced,0.3511852238497353,0.11950430201829601,1.4038189786943898,2.275239389322136,428360.1266805083,11.55,9.019,0.373622611635321,0.3765218135524317,31407.589977,4276.0,106983.075576,5079
"Houston-Pasadena-The Woodlands, TX",2015,Pre-COVID (2006-2019),51227373.0,51883738.7923194,-0.012731404921822786,-656365.7923194021,Structurally Balanced,-0.012731404921822786,-656365.7923194021,Structurally Balanced,0.3197864307066781,0.11529706934293883,1.3512694912738217,2.138622074176288,394940.6345219496,11.35,9.17,0.3784868888795951,0.3801702145456066,34850.693044,4297.0,120636.69532,4907
"Houston-Pasadena-The Woodlands, TX",2016,Pre-COVID (2006-2019),56601645.0,54905406.34203531,0.03042622854850663,1696238.6579646915,Structurally Balanced,0.03042622854850663,1696238.6579646915,Structurally Balanced,0.2992197376571458,0.10906192402044151,1.2867297162595301,2.0661276637939623,373256.26132015936,11.697,9.008,0.3822318504296759,0.3836281686670294,38177.244479,7403.163,134423.616574,4768
"Houston-Pasadena-The Woodlands, TX",2017,Pre-COVID (2006-2019),52159151.0,50091739.35734937,0.040443529236167564,2067411.6426506266,Structurally Balanced,0.040443529236167564,2067411.6426506266,Structurally Balanced,0.30175567424593563,0.10267160912156828,1.2167044986854094,2.073713310775198,414183.90462088585,11.522,9.916,0.3852336733140508,0.3875374232506216,36505.49817,7533.0,133013.72477,4987
"Houston-Pasadena-The Woodlands, TX",2018,Pre-COVID (2006-2019),51320590.0,52314616.54638084,-0.019183770925248922,-994026.5463808402,Structurally Balanced,-0.019183770925248922,-994026.5463808402,Structurally Balanced,0.31939153677327253,0.10264591450476067,1.1972184063445266,2.170770567235885,468248.39147240296,10.726,9.7,0.384439221961098,0.3912395619780989,37390.28644,8199.0,137364.94319,4861
"Houston-Pasadena-The Woodlands, TX",2019,Pre-COVID (2006-2019),59908983.0,51172476.72528071,0.1576246369417582,8736506.27471929,Structurally Balanced,0.1576246369417582,8736506.27471929,Structurally Balanced,0.2930259053181609,0.10400641432686462,1.200886919532429,2.0289476195518446,419873.9975132651,11.241,9.224,0.3894995208386302,0.3921300189708787,38192.94027,8302.0,139764.26311,6296
"Houston-Pasadena-The Woodlands, TX",2020,COVID (2020),85419084.0,68984289.80971166,0.21369074711574143,16434794.190288335,Moderate Structural Surplus,0.6071394577252427,38873595.38765972,Moderate Structural Surplus,0.24695175102803574,0.1036983203037445,1.1500312776283077,1.7774464054219354,342058.1747215758,11.036,9.9,0.3906707228741127,0.3914819643633203,32467.96619,8464.0,126767.49458,5713
"Houston-Pasadena-The Woodlands, TX",2021,COVID (2021),68780078.0,72771701.28114823,-0.056413021912334216,-3991623.281148225,Structurally Balanced,0.2937337096244761,17506250.878051996,Moderate Structural Surplus,0.2959350853734187,0.09906313471455082,1.1025513329536314,2.050593367708506,485525.09295985673,12.745,10.042,0.402279643770654,0.3818543343104124,37052.0,7747.0,130578.0,5048
"Houston-Pasadena-The Woodlands, TX",2022,Recovery (2022),72557469.0,73576776.20363797,-0.013950511508834751,-1019307.2036379725,Structurally Balanced,0.3468819954883031,21267411.204773143,Moderate Structural Surplus,0.31644288168643353,0.09962055340653807,1.097372285021514,2.1373143733631457,575619.4798305708,13.138,10.226,0.4094226820907536,0.3763012942847064,37125.0,8045.0,136234.0,5299
"Houston-Pasadena-The Woodlands, TX",2023,Recovery (2023),74244087.0,80482635.27265312,-0.08068331210882818,-6238548.272653118,Structurally Balanced,0.28474195116985257,18397065.87784815,Moderate Structural Surplus,0.2974158330916029,0.10149595482258933,1.1209572674344996,2.036106054999188,544131.3932856696,12.392,9.911,0.4087684111009993,0.3776849062105161,39221.01433,7747.0,142175.84677,4382
"Indianapolis-Carmel-Greenwood, IN",2006,Pre-COVID (2006-2019),29862388.0,24504447.15156287,0.19774514465276738,5357940.84843713,Moderate Structural Surplus,0.19774514465276738,5357940.84843713,Structurally Balanced,0.22827009899421896,0.09425065937649957,1.103857435045613,1.4661897282376886,217970.25089367141,12.254,9.578,0.3477906612347226,0.332528987778126,10682.0,5961.0,29442.0,238
"Indianapolis-Carmel-Greenwood, IN",2007,Pre-COVID (2006-2019),29129602.0,27756638.04039559,0.04827988773799774,1372963.9596044086,Structurally Balanced,0.04827988773799774,1372963.9596044086,Structurally Balanced,0.2437935677779665,0.09085159641523101,1.0627036344788459,1.5709116954587055,254250.72985298108,11.881,10.657,0.3531370596290302,0.3403771940744429,13060.0,5934.0,32252.0,252
"Indianapolis-Carmel-Greenwood, IN",2008,Pre-COVID (2006-2019),31954220.0,30616434.66917995,0.04276730800444284,1337785.33082005,Structurally Balanced,0.04276730800444284,1337785.33082005,Structurally Balanced,0.27447638988477746,0.09066264780032188,1.0545233823823423,1.7750845106224362,297873.8667250406,10.325,11.083,0.3472462491743465,0.3517440946120215,12784.0,5770.0,33581.0,237
"Indianapolis-Carmel-Greenwood, IN",2009,Pre-COVID (2006-2019),37342316.0,36212250.926725805,0.030729675858921723,1130065.0732741952,Structurally Balanced,0.030729675858921723,1130065.0732741952,Structurally Balanced,0.274927650323079,0.08804876896380838,1.0512156181879964,1.8281949265818698,321223.93797796196,9.075,11.693,0.3297009794382824,0.3703703703703703,,,,298
"Indianapolis-Carmel-Greenwood, IN",2010,Pre-COVID (2006-2019),39290407.0,35783798.56337248,0.09348515550925285,3506608.436627522,Structurally Balanced,0.09348515550925285,3506608.436627522,Structurally Balanced,0.2777099760498916,0.08741678327036823,1.0497110038830435,1.776551762208995,339036.8886106924,8.764,10.425,0.3172406961001222,0.3807416702440313,12422.049,12348.0,44021.724,435
"Indianapolis-Carmel-Greenwood, IN",2011,Pre-COVID (2006-2019),36841827.0,32148526.86342388,0.13626717409078992,4693300.13657612,Structurally Balanced,0.13626717409078992,4693300.13657612,Structurally Balanced,0.2696407889927951,0.08502238760789839,1.0053254931643854,1.694377222706957,341116.0016949195,9.854,9.545,0.3113048647577529,0.3882558869183262,12887.25925,12292.0,46424.03655,456
"Indianapolis-Carmel-Greenwood, IN",2012,Pre-COVID (2006-2019),35465337.0,29071677.16573153,0.19879138998897972,6393659.834268469,Moderate Structural Surplus,0.19879138998897972,6393659.834268469,Structurally Balanced,0.25069916642337026,0.08606577406000442,1.0095573548697894,1.6015551755164794,310863.63164088083,10.093,9.52,0.3058033509990454,0.392409230060239,13305.684601,13043.0,47588.50691899999,562
"Indianapolis-Carmel-Greenwood, IN",2013,Pre-COVID (2006-2019),32893849.0,26748837.771512933,0.2067946552014881,6145011.228487067,Moderate Structural Surplus,0.2067946552014881,6145011.228487067,Moderate Structural Surplus,0.2690540711084825,0.08645725144663706,1.0148279391346462,1.7369129966978483,340814.9323325641,9.212,9.066,0.3033405526022182,0.3987661613178447,,,,698
"Indianapolis-Carmel-Greenwood, IN",2014,Pre-COVID (2006-2019),33013249.0,29589217.97962464,0.10949892821444607,3424031.02037536,Structurally Balanced,0.10949892821444607,3424031.02037536,Structurally Balanced,0.2595188516864676,0.08777957464986422,1.0311480905209123,1.6813563713072082,338979.7976804829,9.397,8.889,0.2950432730133753,0.4101757146603724,13323.920061,13829.0,48016.867145,799
"Indianapolis-Carmel-Greenwood, IN",2015,Pre-COVID (2006-2019),30530319.0,29335679.038795646,0.03991576558658494,1194639.9612043537,Structurally Balanced,0.03991576558658494,1194639.9612043537,Structurally Balanced,0.21735101489913733,0.08872055583434589,1.039795556218528,1.4535691126127799,274183.7139800836,10.188,8.469,0.297027773266201,0.4169563098911807,14047.10686,13568.275,49228.934936,716
"Indianapolis-Carmel-Greenwood, IN",2016,Pre-COVID (2006-2019),21597042.0,22699972.00798319,-0.04980733049017516,-1102930.007983189,Structurally Balanced,-0.04980733049017516,-1102930.007983189,Structurally Balanced,0.2172402445868285,0.0872443261753186,1.0293222687303838,1.5000550516641153,282304.1534345941,10.132,7.758,0.3065852176416029,0.4210189656826686,14469.932214,13324.617,49525.554418,744
"Indianapolis-Carmel-Greenwood, IN",2017,Pre-COVID (2006-2019),20641918.0,21135891.81355284,-0.023648766527667675,-493973.81355284154,Structurally Balanced,-0.023648766527667675,-493973.81355284154,Structurally Balanced,0.22116288095334105,0.08725867132738743,1.034054290779018,1.5198667306867093,298370.90630653297,9.232,8.332,0.3091179354185774,0.4271166071033239,14495.71183,13420.031,50303.3483,865
"Indianapolis-Carmel-Greenwood, IN",2018,Pre-COVID (2006-2019),21485140.0,22922851.937016796,-0.0647727807877736,-1437711.9370167963,Structurally Balanced,-0.0647727807877736,-1437711.9370167963,Structurally Balanced,0.22124814253291783,0.08889597929890612,1.0368449945636788,1.5037310027629351,305179.6244059498,8.978,8.686,0.3114867412341334,0.4313183360563026,14221.12077,13537.577,50260.4253,740
"Indianapolis-Carmel-Greenwood, IN",2019,Pre-COVID (2006-2019),18005667.0,19707292.41259465,-0.09030219879500834,-1701625.41259465,Structurally Balanced,-0.09030219879500834,-1701625.41259465,Structurally Balanced,0.21405091185160416,0.09024466105170763,1.0419898976042354,1.4821149945519763,294531.5552518186,9.18,7.664,0.3163472027427146,0.4337540906965872,14771.03682,13584.14,51730.10014,987
"Indianapolis-Carmel-Greenwood, IN",2020,COVID (2020),25317619.0,24283022.59193631,0.04172310911669186,1034596.4080636911,Structurally Balanced,0.19212136693426274,4425349.929968417,Structurally Balanced,0.22573706151339754,0.0932215250435887,1.0338419102094787,1.6247527174324332,313115.37335135054,9.553,9.475,0.3198002605297438,0.4314248495750884,12489.21842,17642.0,50337.26482,839
"Indianapolis-Carmel-Greenwood, IN",2021,COVID (2021),30038595.0,23717139.315609697,0.23628509018230304,6321455.684390303,Moderate Structural Surplus,0.42085688102676144,10318736.497811459,Moderate Structural Surplus,0.23613344020687457,0.09404788819862608,1.0467327204379135,1.6362158132463962,343204.1783532373,10.78,8.981,0.333706268331771,0.4217290072873514,14030.0,15631.0,50464.0,703
"Indianapolis-Carmel-Greenwood, IN",2022,Recovery (2022),33748037.0,24570582.04512805,0.3173723771511412,9177454.954871949,Moderate Structural Surplus,0.5252163672681327,13788523.728394061,Moderate Structural Surplus,0.23478328169248158,0.0955430062315295,1.0524559790212655,1.585770170946533,365558.61310363567,11.1,8.855,0.3456601107054528,0.4134966435048875,9651.0,16061.0,33788.0,641
"Indianapolis-Carmel-Greenwood, IN",2023,Recovery (2023),41768383.0,26514647.492249854,0.4544423499187573,15253735.507750146,Moderate Structural Surplus,0.7049011829613008,21128227.328594048,Significant Structural Surplus,0.23992993864408488,0.0963513516810916,1.0641384485011884,1.6425581508915221,385369.1540434646,11.047,9.405,0.3506780103951915,0.4116553906907866,15549.94592,16166.0,55072.29946,552
"Jackson, MS",2007,Pre-COVID (2006-2019),4234335.0,5602272.65914477,-0.2799460564227658,-1367937.6591447704,Moderate Structural Deficit,-0.2799460564227658,-1367937.6591447704,Moderate Structural Deficit,0.10932834935472073,0.06496808425048785,0.7599406282589729,0.7044697044794138,117253.29793151216,11.261,9.937,0.3419857235561324,0.3309539260220636,4868.0,3360.0,15695.0,16
"Jackson, MS",2008,Pre-COVID (2006-2019),6007405.0,5503063.312336648,0.08768797186718658,504341.6876633521,Structurally Balanced,0.08768797186718658,504341.6876633521,Structurally Balanced,0.10393363422340347,0.061906634746922026,0.7200539080770227,0.6721561163060654,119770.24003535618,9.438,9.995,0.3268869695831768,0.3464138190011265,4757.0,3558.0,16114.0,10
"Jackson, MS",2009,Pre-COVID (2006-2019),6744386.0,8489846.829848878,-0.23016050379442277,-1745460.829848878,Moderate Structural Deficit,-0.23016050379442277,-1745460.829848878,Moderate Structural Deficit,0.09376257491563336,0.05843086581097995,0.6976070131087996,0.6234959036043664,117921.37256312495,8.859,10.379,0.310466558534491,0.3594122698215819,,,,14
"Jackson, MS",2010,Pre-COVID (2006-2019),5132088.0,6918507.931084512,-0.298687535568245,-1786419.9310845118,Moderate Structural Deficit,-0.298687535568245,-1786419.9310845118,Moderate Structural Deficit,0.11118462790615642,0.056862191106136724,0.6828078713947034,0.7112644977569962,148036.43361446453,8.666,9.52,0.2940215301806997,0.3734140715109573,4620.051,3432.0,15902.744,12
"Jackson, MS",2011,Pre-COVID (2006-2019),5893515.0,6255424.8673564885,-0.059596472191465466,-361909.8673564885,Structurally Balanced,-0.059596472191465466,-361909.8673564885,Structurally Balanced,0.11552284185956939,0.05724961818274274,0.6769334789616273,0.7259260465762188,156024.06169791787,8.731,9.38,0.2825579131788981,0.3847576406462916,4579.151589,2637.0,15077.971756,16
"Jackson, MS",2012,Pre-COVID (2006-2019),5501744.0,6357806.029456037,-0.1446182210314646,-856062.0294560371,Structurally Balanced,-0.1446182210314646,-856062.0294560371,Structurally Balanced,0.11579173595380537,0.05892302666115647,0.6911710907925593,0.739718670167733,155332.55535678318,8.324,8.568,0.278254928752684,0.3939098184657427,4628.047835,2432.0,14710.038763,20
"Jackson, MS",2013,Pre-COVID (2006-2019),4467258.0,5736313.226090411,-0.2500419112794745,-1269055.2260904107,Moderate Structural Deficit,-0.2500419112794745,-1269055.2260904107,Moderate Structural Deficit,0.11685964183942528,0.060118177242307,0.7056621034615935,0.7544023766825441,157431.7456293001,8.316,8.34,0.2730109204368174,0.406688767550702,,,,15
"Jackson, MS",2014,Pre-COVID (2006-2019),4542582.0,5571732.189722694,-0.20421041832186937,-1029150.1897226945,Moderate Structural Deficit,-0.20421041832186937,-1029150.1897226945,Moderate Structural Deficit,0.11617734572557477,0.06266569045147215,0.7361348845441236,0.7526833567884541,154323.15364573375,8.664,7.888,0.2684113240587605,0.417550345364335,4628.115744,2684.0,15154.291753,22
"Jackson, MS",2015,Pre-COVID (2006-2019),3888293.0,4451319.796283218,-0.13523039179933782,-563026.7962832181,Structurally Balanced,-0.13523039179933782,-563026.7962832181,Structurally Balanced,0.11625613301574755,0.0666605357894433,0.781254448162242,0.7774811826018494,148976.69828610556,8.412,8.279,0.2660353412086302,0.4336620130821048,5055.729985,3411.079,16369.033515,17
"Jackson, MS",2016,Pre-COVID (2006-2019),3886849.0,3657477.3963458166,0.06082512986544053,229371.60365418345,Structurally Balanced,0.06082512986544053,229371.60365418345,Structurally Balanced,0.11556185409073494,0.06465501963825335,0.762810080796769,0.7979605405903171,152790.70005738173,8.401,8.3,0.2638156610037102,0.4462995508689709,5189.387167,3339.029,16292.987462,17
"Jackson, MS",2017,Pre-COVID (2006-2019),3860255.0,3631057.0647918084,0.06120943516334698,229197.93520819163,Structurally Balanced,0.06120943516334698,229197.93520819163,Structurally Balanced,0.11336688290708245,0.06465933223900414,0.7662420126681773,0.7790753717323896,151897.26772606772,8.667,8.115,0.2660031225604996,0.4528688524590163,5039.37248,1956.007,14727.62171,28
"Jackson, MS",2018,Pre-COVID (2006-2019),3400943.0,3400073.9415861834,0.00025556719708497155,869.0584138166159,Structurally Balanced,0.00025556719708497155,869.0584138166159,Structurally Balanced,0.10743953191267527,0.06475705411011028,0.7552988104331885,0.7302215205508008,146265.4766659498,7.943,8.222,0.2668624571708272,0.4545276554087126,5033.01827,1840.24,14665.5521,20
"Jackson, MS",2019,Pre-COVID (2006-2019),3102454.0,3319259.024129609,-0.06754816128158758,-216805.0241296091,Structurally Balanced,-0.06754816128158758,-216805.0241296091,Structurally Balanced,0.10304525700471334,0.06391891059459867,0.7380254779535224,0.7134981075438158,145009.89627050495,7.952,7.378,0.2714729887291099,0.458997279440342,5293.72343,1796.119,14944.3194,27
"Jackson, MS",2020,COVID (2020),3911365.0,2646108.134247965,0.3907964860132349,1265256.8657520348,Moderate Structural Surplus,0.1679227769511602,604622.251501333,Structurally Balanced,0.08993210309648814,0.05913412507237782,0.6558070874168551,0.6472903824955689,143713.44389158743,8.703,8.726,0.276454509957048,0.4574385005857087,4910.9917,1708.0,14050.55772,15
"Jackson, MS",2021,COVID (2021),3458486.0,4419536.377823564,-0.24520387764032314,-961050.3778235642,Moderate Structural Deficit,-0.4926721570727697,-2201962.2099980284,Moderate Structural Deficit,0.09331024560369172,0.060979494305398674,0.6786886254204129,0.6465653456829642,152103.76736466362,9.306,8.582,0.2870111057460164,0.4544664413326895,4954.0,1894.0,14259.0,15
"Jackson, MS",2022,Recovery (2022),3325565.0,3929140.0817388645,-0.16678100873694213,-603575.0817388645,Structurally Balanced,-0.42208229124174323,-1746367.332825346,Moderate Structural Deficit,0.09426233967608486,0.06404926845782252,0.7055360533351971,0.6366654619716561,157558.72250549356,9.797,8.758,0.2911815231914487,0.4525672838327925,4921.0,1716.0,13971.0,16
"Jackson, MS",2023,Recovery (2023),3835508.0,3696547.1709988695,0.03690270326922551,138960.82900113054,Structurally Balanced,-0.18988528071681365,-802046.4583704993,Structurally Balanced,0.09222468533054164,0.061559971820282645,0.6798901287802908,0.6313693466483182,167960.50608443524,9.513,9.073,0.2944878886133892,0.4530802975395765,4948.56081,1646.0,14220.21057,20
"Jacksonville, FL",2006,Pre-COVID (2006-2019),8126142.0,7646766.882724085,0.060803343389119746,479375.1172759151,Structurally Balanced,0.060803343389119746,479375.1172759151,Structurally Balanced,0.08262578409950527,0.061502987644334296,0.7203188883540552,0.5307093503181405,106452.5592132954,16.082,10.891,0.4586945335075011,0.2746308831096861,8463.0,8067.0,34672.0,92
"Jacksonville, FL",2007,Pre-COVID (2006-2019),10372477.0,8424366.924531905,0.20802752489434972,1948110.075468095,Moderate Structural Surplus,0.20802752489434972,1948110.075468095,Moderate Structural Surplus,0.08494389896525438,0.059972938912918015,0.7015117253619447,0.5473457136650537,116125.89269767478,15.123,12.533,0.456770934524966,0.2804352049737711,8497.0,7876.0,34283.0,86
"Jacksonville, FL",2008,Pre-COVID (2006-2019),13348832.0,10774196.097351925,0.21427486530993178,2574635.9026480746,Moderate Structural Surplus,0.21427486530993178,2574635.9026480746,Moderate Structural Surplus,0.08790622747992598,0.062361499083098515,0.7253445662471476,0.5685042085127011,114022.90087821809,12.621,14.195,0.4443210219383504,0.2920220573650176,7868.0,7655.0,32813.0,82
"Jacksonville, FL",2009,Pre-COVID (2006-2019),19049640.0,15163405.644409712,0.22816320204255192,3886234.3555902876,Moderate Structural Surplus,0.22816320204255192,3886234.3555902876,Moderate Structural Surplus,0.10159226240347591,0.06440706025868093,0.7689568913033934,0.6755612194253617,131701.43804771645,11.872,14.998,0.4208919509880771,0.3088823796361236,,,,65
"Jacksonville, FL",2010,Pre-COVID (2006-2019),21186364.0,21796549.2871202,-0.028393900500205405,-610185.2871202007,Structurally Balanced,-0.028393900500205405,-610185.2871202007,Structurally Balanced,0.10266319068100378,0.06455133768489955,0.7751400468904925,0.6567516043628513,136116.68200057212,12.121,13.528,0.3988890745071834,0.3197043100567992,9308.601,7761.0,32542.234,113
"Jacksonville, FL",2011,Pre-COVID (2006-2019),21272174.0,23006630.754736762,-0.07838263439062487,-1734456.7547367625,Structurally Balanced,-0.07838263439062487,-1734456.7547367625,Structurally Balanced,0.09875181226096187,0.06403467397329074,0.757161637105552,0.6205397262818361,131967.9617336474,12.226,12.384,0.3852187408246298,0.3293486011492806,9151.374319,7769.0,31468.033473,118
"Jacksonville, FL",2012,Pre-COVID (2006-2019),21652635.0,21260398.821671095,0.018281024060879503,392236.17832890525,Structurally Balanced,0.018281024060879503,392236.17832890525,Structurally Balanced,0.10227983841548292,0.06492609220559967,0.7615874559313048,0.6533998772404206,135626.94269396906,11.917,10.954,0.370824331061991,0.3358816686056174,8814.586667,7780.0,31074.848496,122
"Jacksonville, FL",2013,Pre-COVID (2006-2019),19037591.0,20853325.688375473,-0.09109794271359206,-1815734.688375473,Structurally Balanced,-0.09109794271359206,-1815734.688375473,Structurally Balanced,0.10573726764902763,0.0675947779890932,0.7934218136147287,0.6826004663607741,136279.77178594217,12.052,10.434,0.367789834380354,0.3405808925511952,,,,155
"Jacksonville, FL",2014,Pre-COVID (2006-2019),17082149.0,18273874.19526158,-0.06743840007788293,-1191725.195261579,Structurally Balanced,-0.06743840007788293,-1191725.195261579,Structurally Balanced,0.105281843536714,0.06653471596973713,0.7815843902092982,0.6820941802997855,140607.85796743762,11.967,10.457,0.3598393574297189,0.3514859437751004,9460.292639,8140.0,33091.52091199999,164
"Jacksonville, FL",2015,Pre-COVID (2006-2019),15149221.0,16995316.165083427,-0.1149886749012623,-1846095.165083427,Structurally Balanced,-0.1149886749012623,-1846095.165083427,Structurally Balanced,0.10024390626931871,0.06623384898004618,0.7762537237626274,0.6703968966896718,138341.8955028711,12.232,10.016,0.3618744348783268,0.3649015214058261,9838.315559,8183.041,34474.639231,165
"Jacksonville, FL",2016,Pre-COVID (2006-2019),12223109.0,11698179.15054208,0.04389513883610263,524929.8494579196,Structurally Balanced,0.04389513883610263,524929.8494579196,Structurally Balanced,0.0991530805457767,0.06455851560743038,0.7616715110776482,0.6846571161049467,144920.55120712367,12.254,8.97,0.3699186991869919,0.3699946812552238,10282.38346,8201.5,35688.32577,184
"Jacksonville, FL",2017,Pre-COVID (2006-2019),10071450.0,10050218.373692147,0.0021103254256154003,21231.626307852566,Structurally Balanced,0.0021103254256154003,21231.626307852566,Structurally Balanced,0.10172489240107634,0.06541663241586379,0.775216358545521,0.6990697488503915,150177.2613233497,11.709,9.61,0.3750649929436233,0.3792616801604397,10711.38247,8230.322,36287.57758,193
"Jacksonville, FL",2018,Pre-COVID (2006-2019),7059449.0,7533936.448610103,-0.0650506708218721,-474487.44861010276,Structurally Balanced,-0.0650506708218721,-474487.44861010276,Structurally Balanced,0.10107398514774861,0.06512753794815504,0.7596199767679653,0.6869575640250036,153865.65948901413,11.079,10.084,0.3767027977149553,0.3849787608026951,10826.94425,8275.718,36760.21882,178
"Jacksonville, FL",2019,Pre-COVID (2006-2019),9028869.0,7789447.573578,0.1476571678637324,1239421.426422,Structurally Balanced,0.1476571678637324,1239421.426422,Structurally Balanced,0.10033327088143346,0.06737003281451774,0.7778730927225861,0.6947199801181472,150686.7857627714,11.796,9.625,0.3830790667762335,0.3868662688913502,11474.79007,8328.227,37758.91242,223
"Jacksonville, FL",2020,COVID (2020),9301414.0,7778410.4258166,0.17881442974527673,1523003.5741833998,Moderate Structural Surplus,0.1290803633394333,1126370.251453464,Structurally Balanced,0.10246503706976487,0.06946631085269056,0.7703927121292066,0.7374967420271609,157233.88620826305,11.8,10.682,0.3797306421235919,0.3892541132155929,10107.97983,7664.0,34418.72409,207
"Jacksonville, FL",2021,COVID (2021),7897057.0,8578047.32033736,-0.08271614413594541,-680990.3203373607,Structurally Balanced,-0.16516347992852687,-1418200.4170168135,Structurally Balanced,0.10163517521239232,0.0706062872550803,0.7858327555685684,0.7042504472000788,162328.2685525667,13.533,9.459,0.3943795496868122,0.3791433891992551,10397.0,8109.0,35493.0,226
"Jacksonville, FL",2022,Recovery (2022),11057264.0,8256362.68975558,0.29210344933320975,2800901.3102444196,Moderate Structural Surplus,0.27693038707662154,2674671.7826224947,Moderate Structural Surplus,0.11119207495917537,0.07324434621047055,0.8068246242106889,0.7510120586305684,186368.23865417435,13.322,10.569,0.4006892024942566,0.3721037085658024,11711.0,8533.0,38051.0,219
"Jacksonville, FL",2023,Recovery (2023),11145963.0,10426390.783360451,0.06673720230273616,719572.2166395485,Structurally Balanced,0.05316102324871608,577056.4476264417,Structurally Balanced,0.11084904487686838,0.07222196991399006,0.7976450114197524,0.7588715406255913,199116.1283300884,12.447,10.28,0.4009691290674539,0.3715743533791156,11845.80538,9001.0,39095.28437,254
"Kansas City, MO-KS",2006,Pre-COVID (2006-2019),21609541.0,22521662.03166259,-0.04134267289328619,-912121.0316625908,Structurally Balanced,-0.04134267289328619,-912121.0316625908,Structurally Balanced,0.12782653985857736,0.08498959583249098,0.9953924766345874,0.8210359594296143,123622.89970356737,12.259,10.952,0.3672159953142888,0.3173238199195974,14909.0,7549.0,43717.0,346
"Kansas City, MO-KS",2007,Pre-COVID (2006-2019),20496189.0,23174380.707260072,-0.12280842222320487,-2678191.707260072,Structurally Balanced,-0.12280842222320487,-2678191.707260072,Structurally Balanced,0.12754375776134816,0.08485873289414098,0.9926042845930095,0.8218427687662805,129255.14003362905,11.31,11.168,0.3628782208916925,0.3308029509248369,15332.0,7138.0,43987.0,350
"Kansas City, MO-KS",2008,Pre-COVID (2006-2019),21230120.0,23495318.164751366,-0.10138024619201502,-2265198.164751366,Structurally Balanced,-0.10138024619201502,-2265198.164751366,Structurally Balanced,0.12133849208519436,0.08683179536073307,1.0099656337392624,0.7847162298117102,124852.1650470525,9.973,10.756,0.3525816136099315,0.3454683147161442,15034.0,6162.0,42066.0,346
"Kansas City, MO-KS",2009,Pre-COVID (2006-2019),25463143.0,28204113.325512987,-0.10223579585714049,-2740970.3255129866,Structurally Balanced,-0.10223579585714049,-2740970.3255129866,Structurally Balanced,0.11959834262614044,0.08555139866174133,1.0213994754204483,0.7952968097598275,128733.98253769017,8.774,11.523,0.3330828741581789,0.3630823175822341,,,,348
"Kansas City, MO-KS",2010,Pre-COVID (2006-2019),27769623.0,30177373.43362343,-0.0831496940946792,-2407750.4336234294,Structurally Balanced,-0.0831496940946792,-2407750.4336234294,Structurally Balanced,0.1313508369306649,0.08507205748370548,1.0215552611610106,0.8402707174440022,145857.79133230104,9.113,10.719,0.3179526399274869,0.375878087468842,14820.247,8451.0,43661.649,543
"Kansas City, MO-KS",2011,Pre-COVID (2006-2019),26603435.0,29112542.31629498,-0.09012874596449194,-2509107.3162949793,Structurally Balanced,-0.09012874596449194,-2509107.3162949793,Structurally Balanced,0.13474660586756562,0.08576620842849333,1.0141206123598039,0.8467249360599348,148274.1223997028,9.564,9.748,0.3061556927297668,0.3882315957933241,14814.656699,7614.0,43996.707715,654
"Kansas City, MO-KS",2012,Pre-COVID (2006-2019),25761441.0,28333467.720684223,-0.09516487178133559,-2572026.720684223,Structurally Balanced,-0.09516487178133559,-2572026.720684223,Structurally Balanced,0.13648914042668212,0.08790286454247492,1.0311065505680277,0.8719410294448063,149092.10529247785,10.138,9.584,0.3011774719818414,0.3918570009930486,15752.840696,7226.0,43886.862324,887
"Kansas City, MO-KS",2013,Pre-COVID (2006-2019),23475204.0,27247393.11932889,-0.1490131360348883,-3772189.11932889,Structurally Balanced,-0.1490131360348883,-3772189.11932889,Structurally Balanced,0.1365374051948131,0.08991241568896514,1.0553843661403988,0.8814346969039206,149614.8766585413,10.062,9.685,0.2990754615623851,0.4000678560321185,,,,776
"Kansas City, MO-KS",2014,Pre-COVID (2006-2019),28467524.0,25142124.31987209,0.12421922957957321,3325399.6801279113,Structurally Balanced,0.12421922957957321,3325399.6801279113,Structurally Balanced,0.1396361775314509,0.09140415428460541,1.0737260864181635,0.9046671377890184,154108.4600910824,11.228,8.652,0.3065951683343468,0.4049422300845818,16810.080662,8074.0,46341.482203,715
"Kansas City, MO-KS",2015,Pre-COVID (2006-2019),29385950.0,29593578.73887046,-0.007040734336900556,-207628.73887046054,Structurally Balanced,-0.007040734336900556,-207628.73887046054,Structurally Balanced,0.14868730317485832,0.09749843189418443,1.1426713377578017,0.994369736129187,159244.39989814963,10.663,8.858,0.3182818485614149,0.4090254571141359,17259.239084,8266.953,47893.693589,730
"Kansas City, MO-KS",2016,Pre-COVID (2006-2019),24558924.0,29720922.124203406,-0.19077595518327328,-5161998.124203406,Moderate Structural Deficit,-0.19077595518327328,-5161998.124203406,Structurally Balanced,0.14740189175614843,0.10143894073920973,1.1967925617245334,1.0178176367559832,154166.3719235342,11.05,8.325,0.3342966989261567,0.4108444915815988,17761.457266,8731.228,49749.87246499999,759
"Kansas City, MO-KS",2017,Pre-COVID (2006-2019),28752485.0,27384149.398777228,0.04875984138177003,1368335.6012227722,Structurally Balanced,0.04875984138177003,1368335.6012227722,Structurally Balanced,0.14106905550798723,0.10174825650587134,1.2057623571235567,0.9694491375395854,149767.76151074134,9.797,9.873,0.3393992371265099,0.4182294977749523,17950.20338,8329.358,50011.64479,696
"Kansas City, MO-KS",2018,Pre-COVID (2006-2019),22312591.0,18679096.463951707,0.17774607549950971,3633494.536048293,Structurally Balanced,0.17774607549950971,3633494.536048293,Structurally Balanced,0.14196415598925266,0.1024136173831678,1.1945089912542755,0.9648709372118286,153861.27172663625,9.514,9.642,0.3277798779499919,0.4311713560511962,17944.51001,8737.876,50590.17824000001,672
"Kansas City, MO-KS",2019,Pre-COVID (2006-2019),18835646.0,21703420.4834378,-0.1417187356840266,-2867774.483437799,Structurally Balanced,-0.1417187356840266,-2867774.483437799,Structurally Balanced,0.13790443581269307,0.10044646966767928,1.1597828106835313,0.9548673741456486,157780.55262796133,9.749,9.223,0.32846656231446,0.4332595671182598,17855.6218,9169.389,51121.44951000001,634
"Kansas City, MO-KS",2020,COVID (2020),19814620.0,27495139.472522523,-0.3275891935296613,-7680519.472522523,Moderate Structural Deficit,-0.2261741176072789,-5028830.7543694675,Moderate Structural Deficit,0.13947661672228792,0.10719233316625261,1.1887804498863548,1.0038892617744544,156848.33228881372,9.695,9.266,0.3285156775669492,0.4302247342215045,14623.50068,8356.0,44462.29697,642
"Kansas City, MO-KS",2021,COVID (2021),21384852.0,20048808.884879936,0.06451307616609725,1336043.1151200645,Structurally Balanced,0.18117046272397275,3543616.875487935,Structurally Balanced,0.13792950854405403,0.10551616696487871,1.1743721907297657,0.955741138550163,164110.69902546954,10.695,9.039,0.335014123920906,0.4223712347210855,17106.0,9059.0,49862.0,574
"Kansas City, MO-KS",2022,Recovery (2022),20748543.0,19192060.292157065,0.07797936028597618,1556482.7078429349,Structurally Balanced,0.1885994455529385,3566298.02459801,Structurally Balanced,0.1407480877465251,0.10449176435882898,1.1510312109233096,0.9506388936949256,183176.29167756235,11.034,9.824,0.3424222713672434,0.4144139456224795,17284.0,8642.0,49374.0,605
"Kansas City, MO-KS",2023,Recovery (2023),24275636.0,21227042.18126065,0.1341972702165748,3048593.818739351,Structurally Balanced,0.2761957046340129,5858574.157806847,Moderate Structural Surplus,0.14183800574893154,0.10595267173079402,1.1701788272088047,0.9710216814363771,191879.04167267864,10.866,9.398,0.3402660719379684,0.415212261092814,18093.45051,8083.0,48109.70329,597
"Kiryas Joel-Poughkeepsie-Newburgh, NY",2006,Pre-COVID (2006-2019),5123853.0,4594617.214586536,0.10902124752973918,529235.7854134636,Structurally Balanced,0.10902124752973918,529235.7854134636,Structurally Balanced,0.1306101756843325,0.0814252299493302,0.953646861194034,0.838915385043654,112114.21911421911,11.585,9.229,0.3532735628719958,0.3271302644466209,3778.0,1098.0,15269.0,42
"Kiryas Joel-Poughkeepsie-Newburgh, NY",2007,Pre-COVID (2006-2019),6166744.0,5221240.282154764,0.1664360082610461,945503.717845236,Structurally Balanced,0.1664360082610461,945503.717845236,Structurally Balanced,0.1319015121336556,0.07870062464953119,0.9205720444202453,0.8499224567243676,121456.5984140135,11.401,10.071,0.3533902110462505,0.3370004490345756,3730.0,1098.0,14255.0,36
"Kiryas Joel-Poughkeepsie-Newburgh, NY",2008,Pre-COVID (2006-2019),6402145.0,5760958.797676397,0.105529171678171,641186.2023236034,Structurally Balanced,0.105529171678171,641186.2023236034,Structurally Balanced,0.13698793535802312,0.07686238941286924,0.8940086003241552,0.8859237849137144,133615.75970353032,9.825,10.19,0.3452318328699181,0.3518448936649883,3621.0,1094.0,13666.0,26
"Kiryas Joel-Poughkeepsie-Newburgh, NY",2009,Pre-COVID (2006-2019),8247734.0,7450662.729290714,0.10163551056531794,797071.2707092864,Structurally Balanced,0.10163551056531794,797071.2707092864,Structurally Balanced,0.13185983609827287,0.07168205686013843,0.8558131885545246,0.876832443340978,146452.4229453896,9.336,11.409,0.3342280849758417,0.3658256001227088,,,,24
"Kiryas Joel-Poughkeepsie-Newburgh, NY",2010,Pre-COVID (2006-2019),7981855.0,7896213.430856936,0.010787508572084548,85641.56914306432,Structurally Balanced,0.010787508572084548,85641.56914306432,Structurally Balanced,0.13293361576984805,0.06953854694115523,0.8350270415739667,0.8503959876123045,157763.68014984613,9.517,10.191,0.3226404885212955,0.3797634691195795,3469.633,1111.0,13307.611,30
"Kiryas Joel-Poughkeepsie-Newburgh, NY",2011,Pre-COVID (2006-2019),7225411.0,7245129.225315748,-0.002725293902374304,-19718.225315747783,Structurally Balanced,-0.002725293902374304,-19718.225315747783,Structurally Balanced,0.13500150666643437,0.06759945136677152,0.7993124363473907,0.848326689671717,167459.33739244775,9.506,9.975,0.3090739444833216,0.3879169582458596,3435.318,1121.0,13108.99145,46
"Kiryas Joel-Poughkeepsie-Newburgh, NY",2012,Pre-COVID (2006-2019),6787171.0,6428313.357520771,0.05432201710685369,358857.6424792288,Structurally Balanced,0.05432201710685369,358857.6424792288,Structurally Balanced,0.13137489878895645,0.06586286525307955,0.7725758671813768,0.8392694403023468,169155.40659109256,10.259,9.408,0.3065373065373065,0.3964733964733964,3439.00738,1125.0,13158.47057,39
"Kiryas Joel-Poughkeepsie-Newburgh, NY",2013,Pre-COVID (2006-2019),7022948.0,5306917.749066448,0.28017186775486813,1716030.2509335522,Moderate Structural Surplus,0.28017186775486813,1716030.2509335522,Moderate Structural Surplus,0.13178280473431134,0.06501625233839357,0.7631552965982765,0.8507407650116159,174253.0565085653,9.112,10.043,0.2970050563982886,0.407856865033061,,,,37
"Kiryas Joel-Poughkeepsie-Newburgh, NY",2014,Pre-COVID (2006-2019),6313234.0,5934700.83855653,0.06183144458726275,378533.16144347005,Structurally Balanced,0.06183144458726275,378533.16144347005,Structurally Balanced,0.12104977024304762,0.06161866494158094,0.7238354588570264,0.78425055105172,170779.62885378418,10.069,9.358,0.2959696758722054,0.4121605941053609,3527.37822,1113.0,13536.45806,31
"Kiryas Joel-Poughkeepsie-Newburgh, NY",2015,Pre-COVID (2006-2019),5281875.0,5804849.557969868,-0.09441255055769204,-522974.5579698682,Structurally Balanced,-0.09441255055769204,-522974.5579698682,Structurally Balanced,0.11676332700685245,0.05996305411353795,0.7027606693646405,0.7808731222250207,172838.66423134704,9.64,8.735,0.3016067329762815,0.4184391736801836,3351.97242,1102.0,13117.01722,104
"Kiryas Joel-Poughkeepsie-Newburgh, NY",2016,Pre-COVID (2006-2019),4520630.0,4265136.566867294,0.05817716386406957,255493.4331327062,Structurally Balanced,0.05817716386406957,255493.4331327062,Structurally Balanced,0.10685705418984731,0.057867659905062464,0.682731744181296,0.737853449982468,166418.5000802955,10.515,8.314,0.3097179621455824,0.4246278147677115,3467.1979,2946.0,15280.13757,27
"Kiryas Joel-Poughkeepsie-Newburgh, NY",2017,Pre-COVID (2006-2019),3747882.0,3615574.0612167935,0.03594023763599452,132307.9387832065,Structurally Balanced,0.03594023763599452,132307.9387832065,Structurally Balanced,0.11004035669093985,0.05487516947578543,0.6502953069358942,0.75621495092905,187052.37157448512,9.249,9.327,0.3145119127642094,0.4301292105459706,3750.28948,2904.0,15693.84325,27
"Kiryas Joel-Poughkeepsie-Newburgh, NY",2018,Pre-COVID (2006-2019),2857244.0,2783634.4687601393,0.02610008716091805,73609.53123986069,Structurally Balanced,0.02610008716091805,73609.53123986069,Structurally Balanced,0.10728896599290697,0.05470998697965535,0.6381140811977951,0.729198187026175,188447.0066752856,9.206,8.844,0.3141011361104923,0.437142644984035,3494.44141,2881.0,15492.83995,32
"Kiryas Joel-Poughkeepsie-Newburgh, NY",2019,Pre-COVID (2006-2019),2596951.0,2895362.7746963715,-0.10877234937208691,-298411.7746963715,Structurally Balanced,-0.10877234937208691,-298411.7746963715,Structurally Balanced,0.09789084609644304,0.05332357563717625,0.6156888005400915,0.6778083287470504,182514.89080079418,9.374,8.243,0.317406645104381,0.4415613054983828,3459.86837,2960.0,15718.36723,35
"Kiryas Joel-Poughkeepsie-Newburgh, NY",2020,COVID (2020),2287389.0,2070871.2952354879,0.09944155811015243,216517.70476451213,Structurally Balanced,-0.23065517584463002,-593405.6270022341,Moderate Structural Deficit,0.08949630284848112,0.054532423979216246,0.604773472099548,0.6441536904855814,179539.5197348685,9.342,10.015,0.316829484902309,0.4410153937240971,2804.12153,2639.0,13248.98987,25
"Kiryas Joel-Poughkeepsie-Newburgh, NY",2021,COVID (2021),2358098.0,2398465.4477648432,-0.016973774191789914,-40367.44776484324,Structurally Balanced,-0.3409857235824312,-958173.4197570835,Moderate Structural Deficit,0.09526325532793546,0.05300170552091379,0.5898975561321081,0.6600981404935256,206575.5661247959,9.933,10.65,0.3170568063217533,0.4419263456090651,3001.0,2905.0,13792.0,20
"Kiryas Joel-Poughkeepsie-Newburgh, NY",2022,Recovery (2022),3087104.0,1806442.3582651452,0.5358740714852246,1280661.6417348548,Significant Structural Surplus,0.26570155335718937,720320.4505251846,Moderate Structural Surplus,0.09587985768184663,0.05132732831661558,0.5653972562167808,0.6475904809338904,223082.1157693096,11.894,8.898,0.3200750739911932,0.4351404028008374,3247.0,2680.0,14707.0,26
"Kiryas Joel-Poughkeepsie-Newburgh, NY",2023,Recovery (2023),3582155.0,2828435.3441641955,0.23624089777864832,753719.6558358045,Moderate Structural Surplus,-0.004205370147856158,-15096.007603948005,Structurally Balanced,0.08437629000712299,0.05080774847045341,0.5611387664610953,0.5776393045253819,204749.1517123168,10.648,8.827,0.3221409810463548,0.4318165684673812,3402.39024,2878.0,15417.32653,22
"Knoxville, TN",2007,Pre-COVID (2006-2019),5930783.0,6399326.429373138,-0.07603649465125883,-468543.42937313765,Structurally Balanced,-0.07603649465125883,-468543.42937313765,Structurally Balanced,0.1698170418833226,0.09765668856354319,1.1423037344696307,1.0942355026596486,121755.41891647506,10.736,9.191,0.3201464675473865,0.3587018954623779,5127.0,3421.0,16050.0,109
"Knoxville, TN",2008,Pre-COVID (2006-2019),5638328.0,7066594.912924207,-0.2257911714687122,-1428266.9129242068,Moderate Structural Deficit,-0.2257911714687122,-1428266.9129242068,Moderate Structural Deficit,0.17444349330545406,0.09562216675108048,1.112208976459209,1.1281551140896637,133239.69850303498,9.575,9.352,0.317684331797235,0.3714717741935484,5068.0,3356.0,15741.0,86
"Knoxville, TN",2009,Pre-COVID (2006-2019),8633849.0,8436407.830591803,0.023133802463322084,197441.16940819658,Structurally Balanced,0.023133802463322084,197441.16940819658,Structurally Balanced,0.16526118758991695,0.09189792804193771,1.097170788117548,1.0989424467045625,136733.75669454373,8.282,11.024,0.2977658223118882,0.3917656728685646,,,,98
"Knoxville, TN",2010,Pre-COVID (2006-2019),7467645.0,10053556.151861664,-0.2973467294774146,-2585911.151861664,Moderate Structural Deficit,-0.2973467294774146,-2585911.151861664,Moderate Structural Deficit,0.14506856916269772,0.09353432052119594,1.1231711099246602,0.9280250780073793,118506.57943520097,8.186,9.886,0.2831532980923925,0.4056538726729487,5314.49,3251.0,16342.027,154
"Knoxville, TN",2011,Pre-COVID (2006-2019),8104677.0,9498285.252618738,-0.15866998013983213,-1393608.2526187375,Structurally Balanced,-0.15866998013983213,-1393608.2526187375,Structurally Balanced,0.1523532098021588,0.09419481564457347,1.1137825242937789,0.9573618644988087,127722.7465726465,8.183,9.062,0.2724167378309137,0.4102165980902104,5294.80183,3233.0,16317.14097,133
"Knoxville, TN",2012,Pre-COVID (2006-2019),9606335.0,9212266.129688565,0.04188690567230324,394068.8703114353,Structurally Balanced,0.04188690567230324,394068.8703114353,Structurally Balanced,0.14800081931492404,0.09078765352379602,1.064945320568627,0.9454817163380874,131801.27851135252,8.475,8.655,0.2663966349898738,0.415952640598224,5434.40931,3241.0,16470.82035,128
"Knoxville, TN",2013,Pre-COVID (2006-2019),9512975.0,9667529.447280798,-0.016116134264411386,-154554.4472807981,Structurally Balanced,-0.016116134264411386,-154554.4472807981,Structurally Balanced,0.14851477587411818,0.09143245684064512,1.073226481215169,0.9587561465048996,134818.20994373847,8.394,8.678,0.2549096622152396,0.4276512175962293,,,,152
"Knoxville, TN",2014,Pre-COVID (2006-2019),7956801.0,9347728.919768266,-0.161106382858053,-1390927.9197682664,Structurally Balanced,-0.161106382858053,-1390927.9197682664,Structurally Balanced,0.145957516282243,0.08980586776706193,1.054950988711845,0.9456214773861893,137731.55918189356,8.409,8.44,0.2476521190119169,0.4365085628600741,6005.91519,3924.0,19852.72895,173
"Knoxville, TN",2015,Pre-COVID (2006-2019),6376096.0,8695408.792498281,-0.31023916352819647,-2319312.792498281,Moderate Structural Deficit,-0.31023916352819647,-2319312.792498281,Moderate Structural Deficit,0.14404982840286393,0.08960845504140208,1.050201641270461,0.963355893878576,142077.18574654058,8.72,7.538,0.2508461235733963,0.4453364817001181,6403.74813,4184.432,20969.22017,129
"Knoxville, TN",2016,Pre-COVID (2006-2019),5176433.0,5679970.854547864,-0.092829892446332,-503537.8545478638,Structurally Balanced,-0.092829892446332,-503537.8545478638,Structurally Balanced,0.14749203216118406,0.09209166340568564,1.0865119150259634,1.0184400608845785,144686.25568590537,8.89,7.012,0.2607412011498718,0.4540439748271307,6450.10563,4592.331,22104.02483,167
"Knoxville, TN",2017,Pre-COVID (2006-2019),3455181.0,3883893.0280293054,-0.11696316465662271,-428712.0280293054,Structurally Balanced,-0.11696316465662271,-428712.0280293054,Structurally Balanced,0.14829673975126642,0.09324131276166399,1.1049512681360905,1.0191189409619152,149280.51198182613,8.146,7.644,0.2649922720247295,0.4591962905718701,6636.96514,4818.646,22774.76616,168
"Knoxville, TN",2018,Pre-COVID (2006-2019),2976105.0,3359340.644443139,-0.12112931933877746,-383235.64444313897,Structurally Balanced,-0.12112931933877746,-383235.64444313897,Structurally Balanced,0.14877497213958613,0.09570555293367487,1.1162689729483757,1.0111612033452546,150574.55111614364,7.596,7.87,0.2681832250077375,0.4651036830702569,6768.08751,4914.756,22889.71669,153
"Knoxville, TN",2019,Pre-COVID (2006-2019),2425271.0,3078209.375898704,-0.23840478573919555,-652938.3758987039,Moderate Structural Deficit,-0.23840478573919555,-652938.3758987039,Moderate Structural Deficit,0.14682242644378968,0.09682188632305669,1.1179323656366233,1.0166166445471951,149733.89148205775,8.51,7.268,0.2766544117647059,0.4662990196078431,7073.5377,4739.151,23338.14561,158
"Knoxville, TN",2020,COVID (2020),2784704.0,2770734.831089472,0.005029017068299169,13969.168910528067,Structurally Balanced,-0.28574802371206154,-921060.6020493056,Moderate Structural Deficit,0.14663967628125318,0.10081068836687364,1.1180069686910683,1.055445707160665,151590.16728859962,8.287,7.93,0.2811640696608616,0.4625725633974946,5951.79358,4817.0,21453.27949,173
"Knoxville, TN",2021,COVID (2021),1356447.0,2100903.7260340257,-0.4374988166731075,-744456.7260340257,Moderate Structural Deficit,-0.8720338041819851,-1887862.6517989882,Significant Structural Deficit,0.14279758790941185,0.10189343007871056,1.1340519101905482,0.9894730336631917,156906.02555731742,9.475,8.031,0.29296875,0.4552283653846153,6398.0,5075.0,22496.0,149
"Knoxville, TN",2022,Recovery (2022),1864115.0,2880446.0595377074,-0.43515875429954143,-1016331.0595377074,Moderate Structural Deficit,-0.8061529193140746,-2310154.3164134477,Significant Structural Deficit,0.14549465132871855,0.10462224477709842,1.15246852069374,0.9826980713709675,167570.8167061063,10.141,8.099,0.3071281900850689,0.4454385450278674,7205.0,5087.0,23513.0,193
"Knoxville, TN",2023,Recovery (2023),1859679.0,1754995.3000348345,0.05793771331478226,104683.69996516546,Structurally Balanced,-0.31353263516691854,-684827.0058066319,Moderate Structural Deficit,0.14515619785335523,0.10306294754118563,1.138263689931808,0.9937379940322391,177417.27821724702,9.86,8.882,0.3096240383219625,0.4443315430396284,7084.71372,5111.0,23216.47254,205
"Lakeland-Winter Haven, FL",2006,Pre-COVID (2006-2019),3719240.0,4400697.720540971,-0.16824375486561216,-681457.7205409706,Structurally Balanced,-0.16824375486561216,-681457.7205409706,Structurally Balanced,0.0700748691863416,0.041054083012769846,0.48082268147956675,0.45009422548686845,106694.29885549257,15.821,10.467,0.4325555555555556,0.2828888888888889,1169.0,1543.0,6247.0,6
"Lakeland-Winter Haven, FL",2007,Pre-COVID (2006-2019),6721342.0,5031408.8433594145,0.28958780394083306,1689933.1566405855,Moderate Structural Surplus,0.28958780394083306,1689933.1566405855,Moderate Structural Surplus,0.06743415234214886,0.04012918170902426,0.4693965646562125,0.434519661667627,110374.10389323923,13.769,12.726,0.4338519254110118,0.2893081761006289,1247.0,1556.0,6797.0,6
"Lakeland-Winter Haven, FL",2008,Pre-COVID (2006-2019),5119846.0,6866985.120804831,-0.2936008023942307,-1747139.1208048314,Moderate Structural Deficit,-0.2936008023942307,-1747139.1208048314,Moderate Structural Deficit,0.07158630063450766,0.04022191338085389,0.4678326650869891,0.46296052451877234,122815.07642817775,10.626,13.721,0.4087215291289916,0.3078860020602037,1171.0,1497.0,6646.0,9
"Lakeland-Winter Haven, FL",2009,Pre-COVID (2006-2019),8847130.0,7194713.117571971,0.20674664556640998,1652416.8824280286,Moderate Structural Surplus,0.20674664556640998,1652416.8824280286,Moderate Structural Surplus,0.07017040750159276,0.040020770531665806,0.4778086000509295,0.4666143359528988,124787.17221912544,10.309,14.117,0.3803204208512673,0.327714012434242,,,,21
"Lakeland-Winter Haven, FL",2010,Pre-COVID (2006-2019),9369611.0,9114698.595046587,0.02758323924726014,254912.4049534127,Structurally Balanced,0.02758323924726014,254912.4049534127,Structurally Balanced,0.07041500340720311,0.03808960885998573,0.4573844982406394,0.4504551841038117,134803.72226922057,11.051,11.913,0.3575655114116652,0.3398140321217244,1171.923,1498.0,6559.017,6
"Lakeland-Winter Haven, FL",2011,Pre-COVID (2006-2019),8354245.0,8158834.887257458,0.023668417556161003,195410.1127425423,Structurally Balanced,0.023668417556161003,195410.1127425423,Structurally Balanced,0.07740139651547255,0.03762095191091584,0.44483933111332175,0.4863773161004607,150327.58266584514,10.578,11.732,0.3426095447333089,0.3479799829122421,1206.791,1499.0,6598.825397000001,16
"Lakeland-Winter Haven, FL",2012,Pre-COVID (2006-2019),8815415.0,9382978.570086703,-0.06239536381228028,-567563.5700867027,Structurally Balanced,-0.06239536381228028,-567563.5700867027,Structurally Balanced,0.07797975496635734,0.03808757866400655,0.446769875590979,0.4981623271174718,147968.77153849046,10.47,9.891,0.3271402550091075,0.3522768670309654,1246.206,1507.0,6486.851885,16
"Lakeland-Winter Haven, FL",2013,Pre-COVID (2006-2019),8151308.0,7288773.146575067,0.11184316596616029,862534.8534249328,Structurally Balanced,0.11184316596616029,862534.8534249328,Structurally Balanced,0.08731596136782133,0.03861778445306869,0.4532923028977239,0.5636793656163884,169914.97196012645,10.004,9.368,0.3187371476956574,0.3651868876254989,,,,14
"Lakeland-Winter Haven, FL",2014,Pre-COVID (2006-2019),6365386.0,7293494.7243619105,-0.1361079428913854,-928108.7243619105,Structurally Balanced,-0.1361079428913854,-928108.7243619105,Structurally Balanced,0.09092298029306893,0.04009237330027962,0.4709657609749979,0.5890667719148307,168928.73573794626,10.755,9.803,0.312852514100564,0.3775351014040561,1057.422,2703.0,7995.030045,16
"Lakeland-Winter Haven, FL",2015,Pre-COVID (2006-2019),6902920.0,6351905.239855722,0.08318970481522925,551014.7601442784,Structurally Balanced,0.08318970481522925,551014.7601442784,Structurally Balanced,0.10020761139818558,0.03895232572001724,0.456517148784263,0.6701541690279221,198992.0955438197,11.227,9.644,0.3172094128832897,0.3925600190159258,1158.038,2702.325,8363.954309,16
"Lakeland-Winter Haven, FL",2016,Pre-COVID (2006-2019),6735882.0,6989726.167386024,-0.03699262159749317,-253844.16738602426,Structurally Balanced,-0.03699262159749317,-253844.16738602426,Structurally Balanced,0.09555244060214,0.040007972310208535,0.47202034368277745,0.6597945122768746,188718.4137215273,11.439,8.671,0.3236083557007819,0.3991130820399113,1244.602,2713.988,8608.471592,12
"Lakeland-Winter Haven, FL",2017,Pre-COVID (2006-2019),5886331.0,5948492.765279325,-0.010504987343288974,-62161.765279324725,Structurally Balanced,-0.010504987343288974,-62161.765279324725,Structurally Balanced,0.09381685932273928,0.04033911938189662,0.47803661055752344,0.6447244792955508,187345.29299054598,11.365,10.103,0.3310470964791952,0.4044352994970279,1245.475,2744.618,8790.76175,21
"Lakeland-Winter Haven, FL",2018,Pre-COVID (2006-2019),5830666.0,4546333.822300255,0.24881007571602254,1284332.1776997447,Moderate Structural Surplus,0.24881007571602254,1284332.1776997447,Moderate Structural Surplus,0.09732139757822392,0.04035621609551597,0.47069778620100977,0.6614527972763403,197567.37407312708,10.532,8.756,0.3398297491039426,0.4101702508960573,1304.01,2753.054,8921.3812,18
"Lakeland-Winter Haven, FL",2019,Pre-COVID (2006-2019),4178863.0,4201172.108268035,-0.005324359786762045,-22309.108268034644,Structurally Balanced,-0.005324359786762045,-22309.108268034644,Structurally Balanced,0.09062855339398589,0.041224928266749956,0.47599446086677855,0.6275233156348464,183667.7149354105,11.507,9.21,0.3513276278253237,0.4073952161509765,1311.76,2755.642,9062.78405,30
"Lakeland-Winter Haven, FL",2020,COVID (2020),4897092.0,3673146.793407654,0.28759282798288766,1223945.206592346,Moderate Structural Surplus,0.10963995778491942,508530.0395545745,Structurally Balanced,0.08833892194475536,0.04162310620738522,0.461607033463294,0.6358233890462618,187583.09821691507,11.425,9.889,0.3580327158487704,0.4042898927526812,1148.222,2520.0,8436.42297,25
"Lakeland-Winter Haven, FL",2021,COVID (2021),4991457.0,3887738.552401684,0.24990021152783015,1103718.4475983158,Moderate Structural Surplus,0.07576203594071451,364192.7664787406,Structurally Balanced,0.09197254959145522,0.03968658413649301,0.4417031256496234,0.6372961825918728,209839.8190721842,13.539,9.317,0.3795590356480527,0.3901710282299608,1284.0,2671.0,8930.0,30
"Lakeland-Winter Haven, FL",2022,Recovery (2022),6300777.0,3417698.948629068,0.6117054565359865,2883078.051370932,Significant Structural Surplus,0.48412501300215993,2418010.379248323,Moderate Structural Surplus,0.0914892556483166,0.0396197497027957,0.4364321796719104,0.6179355340949217,229517.7306241504,13.623,10.173,0.3904354742493537,0.384171803539471,1312.0,2777.0,9241.0,23
"Lakeland-Winter Haven, FL",2023,Recovery (2023),7953625.0,3003726.6283717304,0.9737740723625343,4949898.37162827,Significant Structural Surplus,0.8927533060636481,4696403.623220761,Significant Structural Surplus,0.08969816743508142,0.03996362048232583,0.44137237677069524,0.6140728283979737,231255.05293551492,13.035,10.807,0.3960194174757281,0.374368932038835,1330.534,2919.0,9556.06736,17
"Las Vegas-Henderson-North Las Vegas, NV",2006,Pre-COVID (2006-2019),5398923.0,4586503.973099112,0.16308141700741707,812419.0269008884,Structurally Balanced,0.16308141700741707,812419.0269008884,Structurally Balanced,0.052454069824015785,0.03540550783904833,0.41466694586801034,0.3369149911403077,121374.68414472393,18.461,11.613,0.5206614587135869,0.2207052639264072,6922.0,6058.0,33442.0,166
"Las Vegas-Henderson-North Las Vegas, NV",2007,Pre-COVID (2006-2019),9021185.0,9817237.084135484,-0.08456402661553497,-796052.084135484,Structurally Balanced,-0.08456402661553497,-796052.084135484,Structurally Balanced,0.05439721241659682,0.03591070383022688,0.4200524479796339,0.35051465042510654,131492.25470372528,17.177,13.47,0.5223901731034727,0.2272646819356437,7580.0,5988.0,33957.0,183
"Las Vegas-Henderson-North Las Vegas, NV",2008,Pre-COVID (2006-2019),12291509.0,12814750.264377475,-0.0416881730768921,-523241.2643774748,Structurally Balanced,-0.0416881730768921,-523241.2643774748,Structurally Balanced,0.05691606612665478,0.035975178722323205,0.41843767051262815,0.3680856755271336,139832.29840762017,15.316,14.834,0.5092747534446541,0.2416776444618506,7282.0,5914.0,32529.0,234
"Las Vegas-Henderson-North Las Vegas, NV",2009,Pre-COVID (2006-2019),18566766.0,17787065.128264,0.04290169338853289,779700.8717360012,Structurally Balanced,0.04290169338853289,779700.8717360012,Structurally Balanced,0.05962479182574264,0.035940995439817526,0.42910010195701387,0.39648882819252856,149854.48154657293,13.328,16.012,0.4836836689695722,0.2605468175804792,,,,163
"Las Vegas-Henderson-North Las Vegas, NV",2010,Pre-COVID (2006-2019),19252979.0,20174839.89094469,-0.04677047610437057,-921860.8909446895,Structurally Balanced,-0.04677047610437057,-921860.8909446895,Structurally Balanced,0.05930730282533101,0.03506487379098844,0.421063124163796,0.37939758176809446,156146.05758880515,13.341,15.008,0.4631428356298471,0.2744145772155711,7391.143,3877.078,33852.475,232
"Las Vegas-Henderson-North Las Vegas, NV",2011,Pre-COVID (2006-2019),18775385.0,17582244.496592328,0.06565714602570694,1193140.503407672,Structurally Balanced,0.06565714602570694,1193140.503407672,Structurally Balanced,0.060645632170911734,0.03466751620170409,0.40991718537700533,0.3810869200868671,162993.7087304923,13.472,13.173,0.4479366152228606,0.2849310953400172,7391.143,3877.078,33852.475,331
"Las Vegas-Henderson-North Las Vegas, NV",2012,Pre-COVID (2006-2019),17460655.0,18204186.566544384,-0.04170153473220495,-743531.5665443838,Structurally Balanced,-0.04170153473220495,-743531.5665443838,Structurally Balanced,0.06575112326466444,0.03561409821277608,0.4177557824867284,0.4200414914133071,171510.90513951593,13.346,12.21,0.440382845573348,0.2895637769188294,7291.164,11073.0,40688.40768,418
"Las Vegas-Henderson-North Las Vegas, NV",2013,Pre-COVID (2006-2019),14212165.0,16035310.899580827,-0.1206949337694283,-1823145.899580827,Structurally Balanced,-0.1206949337694283,-1823145.899580827,Structurally Balanced,0.06368661555502969,0.03571943605340551,0.41927173337800205,0.41113709901319145,167332.473134483,13.26,11.635,0.4338011865142526,0.2959774272898278,,,,536
"Las Vegas-Henderson-North Las Vegas, NV",2014,Pre-COVID (2006-2019),10945418.0,11863181.718771297,-0.08051870947402762,-917763.7187712975,Structurally Balanced,-0.08051870947402762,-917763.7187712975,Structurally Balanced,0.06121577804066714,0.03519188790584315,0.41339967937509575,0.3966013943278039,163950.0222021467,14.125,11.118,0.4271060212182955,0.3036605072718331,7703.991,12424.0,42775.91595,770
"Las Vegas-Henderson-North Las Vegas, NV",2015,Pre-COVID (2006-2019),10113066.0,10366701.841370905,-0.024770672417535167,-253635.84137090482,Structurally Balanced,-0.024770672417535167,-253635.84137090482,Structurally Balanced,0.057089571097688585,0.035163314948222224,0.4121103422000847,0.38179548983666034,159929.2952542833,13.811,10.667,0.427515498330949,0.3130662851692894,8174.526,12672.823,43843.53509999999,704
"Las Vegas-Henderson-North Las Vegas, NV",2016,Pre-COVID (2006-2019),10556266.0,8498137.447880559,0.21687260155619015,2058128.5521194413,Moderate Structural Surplus,0.21687260155619015,2058128.5521194413,Moderate Structural Surplus,0.054857974692843745,0.03448630446154005,0.4068748387963526,0.3787971341063929,158813.47492742186,13.458,10.045,0.4325883438818565,0.3233452004219409,8347.517,12731.118,45070.96216,781
"Las Vegas-Henderson-North Las Vegas, NV",2017,Pre-COVID (2006-2019),8570996.0,9375903.131588444,-0.08975895602611494,-804907.1315884441,Structurally Balanced,-0.08975895602611494,-804907.1315884441,Structurally Balanced,0.055745931147577275,0.03458260956839599,0.4098193940676185,0.38309496492871914,164755.28755439856,12.771,11.016,0.4338132988189613,0.3331499757320821,8652.7784,12789.681,46438.93193999999,665
"Las Vegas-Henderson-North Las Vegas, NV",2018,Pre-COVID (2006-2019),7466188.0,8221648.233580167,-0.09638614300664372,-755460.2335801674,Structurally Balanced,-0.09638614300664372,-755460.2335801674,Structurally Balanced,0.05379270305643246,0.03571253311006413,0.41653583762044544,0.3656064832107823,158961.99266965626,13.151,10.608,0.4380015045135406,0.3364468405215647,0.0,13237.32,27488.95788,531
"Las Vegas-Henderson-North Las Vegas, NV",2019,Pre-COVID (2006-2019),8186830.0,9382860.35816545,-0.13635789321594594,-1196030.3581654504,Structurally Balanced,-0.13635789321594594,-1196030.3581654504,Structurally Balanced,0.05398669527381199,0.03657282958863733,0.42228003866429575,0.3738105569346838,161387.69118991846,12.439,10.473,0.4374366690207879,0.3406208738907483,9053.7297,13410.729,48653.05469,631
"Las Vegas-Henderson-North Las Vegas, NV",2020,COVID (2020),13255561.0,10442861.034877181,0.238498572099612,2812699.965122819,Moderate Structural Surplus,0.25956706836115373,3030413.8386264835,Moderate Structural Surplus,0.0573256224011097,0.04062256943916329,0.4505109175908095,0.41260376187354897,161318.37893424902,12.607,10.275,0.432688843521076,0.3440014410952324,7411.5059,11151.0,40753.39332,581
"Las Vegas-Henderson-North Las Vegas, NV",2021,COVID (2021),5749053.0,8356852.101556719,-0.37404666771728223,-2607799.1015567193,Moderate Structural Deficit,-0.5199423650239119,-3920455.7876162324,Moderate Structural Deficit,0.05801788204238436,0.040443403732165345,0.45012636459131816,0.4020175031780599,173968.36395785047,14.718,11.336,0.4403561343859851,0.3383276666858756,8675.0,9809.0,43484.0,543
"Las Vegas-Henderson-North Las Vegas, NV",2022,Recovery (2022),10360923.0,8541543.525481615,0.19309959336935378,1819379.4745183848,Moderate Structural Surplus,0.1649260158227488,1575311.6475768723,Structurally Balanced,0.060505462324070086,0.040505549808809695,0.4461897292253852,0.4086652023993417,194056.30783365783,15.446,10.557,0.4482496607869742,0.332157394843962,8669.0,11159.0,45230.0,492
"Las Vegas-Henderson-North Las Vegas, NV",2023,Recovery (2023),17370367.0,9427008.46284109,0.611186898274795,7943358.53715891,Significant Structural Surplus,0.686288790081985,8625412.38766062,Significant Structural Surplus,0.059398301916873265,0.04056523017431427,0.4480167672547521,0.4066402280350895,199412.03272063012,13.121,11.185,0.4438649245589292,0.3357194177599191,8455.50472,11295.0,45606.0957,655
"Little Rock-North Little Rock-Conway, AR",2007,Pre-COVID (2006-2019),8951515.0,7256177.806880429,0.2099695743848855,1695337.1931195706,Moderate Structural Surplus,0.2099695743848855,1695337.1931195706,Moderate Structural Surplus,0.09718506564573065,0.06244616156749602,0.7304413513410304,0.6262230691247884,121880.22993849234,11.403,9.678,0.3464961483808241,0.3429810784533692,5869.0,753.0,12948.0,28
"Little Rock-North Little Rock-Conway, AR",2008,Pre-COVID (2006-2019),6506012.0,9355198.576590134,-0.36320551378679333,-2849186.576590134,Moderate Structural Deficit,-0.36320551378679333,-2849186.576590134,Moderate Structural Deficit,0.10626066190742374,0.06345342430350383,0.7380450631404923,0.6872053917626102,129163.99095683383,9.666,10.422,0.3364950316169828,0.3568955133995784,5742.0,824.0,13334.0,21
"Little Rock-North Little Rock-Conway, AR",2009,Pre-COVID (2006-2019),9902515.0,9391651.075684385,0.05296765411227611,510863.9243156146,Structurally Balanced,0.05296765411227611,510863.9243156146,Structurally Balanced,0.0922303243615403,0.06228073338725381,0.7435706418086869,0.6133068495534068,119775.3790019806,9.54,10.535,0.3209567198177676,0.372589217919514,,,,22
"Little Rock-North Little Rock-Conway, AR",2010,Pre-COVID (2006-2019),9642461.0,10204103.216921978,-0.05661354906985849,-561642.2169219777,Structurally Balanced,-0.05661354906985849,-561642.2169219777,Structurally Balanced,0.09294585055422978,0.06071143111857481,0.7290299977013438,0.5945883433530881,123439.45168776771,8.909,9.82,0.3065345926437841,0.3861629424863703,5940.797,977.0,14015.09,36
"Little Rock-North Little Rock-Conway, AR",2011,Pre-COVID (2006-2019),10907480.0,9670293.74426238,0.12039010654666882,1237186.2557376195,Structurally Balanced,0.12039010654666882,1237186.2557376195,Structurally Balanced,0.11663758770940139,0.06272486887164594,0.7416741814270201,0.7329309214103187,159222.07470992615,9.298,8.785,0.3014233241505968,0.3915671870217325,5836.74671,946.0,13640.82277,32
"Little Rock-North Little Rock-Conway, AR",2012,Pre-COVID (2006-2019),10499458.0,9005988.212522589,0.1534339237521749,1493469.7874774113,Structurally Balanced,0.1534339237521749,1493469.7874774113,Structurally Balanced,0.1175565656952083,0.06257050091998272,0.7339562107187332,0.7509930283818964,163772.93311790275,8.905,8.862,0.2925780950188042,0.3974211374625834,5923.63733,990.0,14145.89488,40
"Little Rock-North Little Rock-Conway, AR",2013,Pre-COVID (2006-2019),9103566.0,8005945.071143834,0.12848180530886388,1097620.928856166,Structurally Balanced,0.12848180530886388,1097620.928856166,Structurally Balanced,0.12028944387116894,0.06331356448338042,0.7431692898957722,0.7765439027352544,168715.74857327883,9.217,8.869,0.2886234879804011,0.4064461797580768,,,,34
"Little Rock-North Little Rock-Conway, AR",2014,Pre-COVID (2006-2019),8344775.0,8592184.041330013,-0.029217363119947493,-247409.04133001342,Structurally Balanced,-0.029217363119947493,-247409.04133001342,Structurally Balanced,0.11357164316563498,0.06190204432141015,0.7271643210390254,0.7358016752750848,165748.91145253196,8.698,8.444,0.279729937087617,0.4187509590302286,6550.56398,1132.0,15657.28754,42
"Little Rock-North Little Rock-Conway, AR",2015,Pre-COVID (2006-2019),7336813.0,7501835.195886581,-0.02224313124406585,-165022.1958865812,Structurally Balanced,-0.02224313124406585,-165022.1958865812,Structurally Balanced,0.10538738575734413,0.06094123683326667,0.7142248676620764,0.7047947250992636,158839.43778993285,8.889,8.567,0.2808198225757112,0.4276537167329458,6713.51485,1181.842,16005.23664,44
"Little Rock-North Little Rock-Conway, AR",2016,Pre-COVID (2006-2019),6461611.0,7808730.551210007,-0.18936374167267367,-1347119.5512100067,Moderate Structural Deficit,-0.18936374167267367,-1347119.5512100067,Structurally Balanced,0.10048327157489943,0.06010303489052333,0.7091050494994434,0.6938421535123057,154822.4444021343,9.71,8.069,0.2843932388387781,0.4368225574168119,7052.640612,1215.01,16402.134172,65
"Little Rock-North Little Rock-Conway, AR",2017,Pre-COVID (2006-2019),6859934.0,7106615.299893394,-0.03532826193318073,-246681.2998933941,Structurally Balanced,-0.03532826193318073,-246681.2998933941,Structurally Balanced,0.09690633773647876,0.057717850328340134,0.6839823467244194,0.6659558696444946,157091.72721466405,8.829,8.513,0.2830615942028985,0.4471618357487922,7078.69951,1249.617,16587.81706,57
"Little Rock-North Little Rock-Conway, AR",2018,Pre-COVID (2006-2019),5313212.0,6121432.626549121,-0.14159960963542417,-808220.626549121,Structurally Balanced,-0.14159960963542417,-808220.626549121,Structurally Balanced,0.10136426201710652,0.05794636996084459,0.6758618794784584,0.688930454386212,167887.55111528572,8.527,8.279,0.2860813057276711,0.4531509747619767,7168.93431,1333.746,16764.98134,64
"Little Rock-North Little Rock-Conway, AR",2019,Pre-COVID (2006-2019),5068937.0,4502949.468159341,0.1183985114863404,565987.5318406587,Structurally Balanced,0.1183985114863404,565987.5318406587,Structurally Balanced,0.09900233622013656,0.05919886458168589,0.683526516969401,0.6855044238693392,164873.69083888174,9.259,8.04,0.2827004219409282,0.4572784810126582,7245.9619,1380.264,16912.73595,47
"Little Rock-North Little Rock-Conway, AR",2020,COVID (2020),4493433.0,3956328.4134063506,0.12730057073071954,537104.5865936494,Structurally Balanced,-0.06784565690965216,-315439.5256460896,Structurally Balanced,0.10189208134229016,0.058883923231102746,0.6530323082078601,0.7333728672458469,184218.5262050218,8.76,8.367,0.2839478247756917,0.4579657694337631,7180.63615,1436.0,16117.42629,61
"Little Rock-North Little Rock-Conway, AR",2021,COVID (2021),3558708.0,4722493.648452457,-0.2829394177944078,-1163785.648452457,Moderate Structural Deficit,-0.5246982070237145,-2455326.1602250934,Moderate Structural Deficit,0.10182284332221983,0.055807137522441444,0.6211214095030712,0.7055508370502958,202313.52083699225,10.379,8.811,0.3001926211290561,0.4505111868424952,7858.0,1521.0,17639.0,62
"Little Rock-North Little Rock-Conway, AR",2022,Recovery (2022),2735915.0,2868028.0575648216,-0.047158773635668894,-132113.05756482156,Structurally Balanced,-0.3414685706033449,-1113551.2511719386,Moderate Structural Deficit,0.10076609320632954,0.05545007088660234,0.61081141303359,0.6805930290160539,212241.47130668053,10.197,9.34,0.3058944583272086,0.4453917389387035,7938.0,1536.0,17917.0,67
"Little Rock-North Little Rock-Conway, AR",2023,Recovery (2023),3448130.0,3963879.5447032605,-0.13939117358911624,-515749.54470326053,Structurally Balanced,-0.387458823398358,-1631766.4549830528,Moderate Structural Deficit,0.09890320015335485,0.055073048266365665,0.6082462478614339,0.6770903976353504,219146.15707888722,9.688,8.793,0.3084377732439522,0.4450597493442145,7639.04206,1641.0,17650.45283,75
"Los Angeles-Long Beach-Anaheim, CA",2006,Pre-COVID (2006-2019),36705816.0,31066177.17758636,0.16681553980623676,5639638.822413638,Structurally Balanced,0.16681553980623676,5639638.822413638,Structurally Balanced,0.13190100735124388,0.08830647933912164,1.0342395949910597,0.8472064583784815,142551.7245162842,14.227,10.798,0.4204464463893719,0.3122477488301247,80412.0,14021.0,278546.0,3602
"Los Angeles-Long Beach-Anaheim, CA",2007,Pre-COVID (2006-2019),41179921.0,47474215.90372702,-0.14223595738857142,-6294294.903727017,Structurally Balanced,-0.14223595738857142,-6294294.903727017,Structurally Balanced,0.1302341472128913,0.08727578005863676,1.020876818128654,0.8391786004425985,150317.0646410772,13.205,11.714,0.4227464709566558,0.3199786410573479,80640.0,12398.0,280399.0,3089
"Los Angeles-Long Beach-Anaheim, CA",2008,Pre-COVID (2006-2019),60629207.0,57403076.05080037,0.05467884903960041,3226130.949199632,Structurally Balanced,0.05467884903960041,3226130.949199632,Structurally Balanced,0.13609393768833028,0.08827304054837791,1.0267291718334157,0.8801421531432351,163127.29841570088,11.497,11.909,0.4130700992179764,0.3328389273950735,78454.0,13794.0,275665.0,3025
"Los Angeles-Long Beach-Anaheim, CA",2009,Pre-COVID (2006-2019),87646361.0,69916285.34957725,0.2260114903220014,17730075.650422752,Moderate Structural Surplus,0.2260114903220014,17730075.650422752,Moderate Structural Surplus,0.13286718362633596,0.08689419883164312,1.0374311874740998,0.8835310334534877,164332.57238665895,10.439,12.987,0.3933893130403443,0.3496688028434487,,,,3191
"Los Angeles-Long Beach-Anaheim, CA",2010,Pre-COVID (2006-2019),84020499.0,69656489.61231852,0.18748493427989033,14364009.387681484,Moderate Structural Surplus,0.18748493427989033,14364009.387681484,Structurally Balanced,0.12764820147997644,0.08657632529366398,1.0396186857555385,0.8165844112179833,165311.09160675158,10.681,12.08,0.3765620988210336,0.3623985082982225,79551.919,13887.0,273316.236,4155
"Los Angeles-Long Beach-Anaheim, CA",2011,Pre-COVID (2006-2019),80462577.0,77131422.09349088,0.04228144695168368,3331154.9065091163,Structurally Balanced,0.04228144695168368,3331154.9065091163,Structurally Balanced,0.12372061532707591,0.08671314454498297,1.0253174164615118,0.7774394718711791,163677.21700525022,11.459,10.863,0.3674454293117762,0.3707955622269369,78824.5195,13171.0,270807.17146,4506
"Los Angeles-Long Beach-Anaheim, CA",2012,Pre-COVID (2006-2019),73131216.0,72454589.14804643,0.009295298028767718,676626.8519535661,Structurally Balanced,0.009295298028767718,676626.8519535661,Structurally Balanced,0.12300887779637384,0.08622822725496536,1.011462941841918,0.7858243315279398,162577.70560491705,11.702,10.415,0.3614299106718812,0.375339161893277,79309.0994,13766.0,272850.432468,4968
"Los Angeles-Long Beach-Anaheim, CA",2013,Pre-COVID (2006-2019),63517295.0,59550929.90056146,0.06448031988149694,3966365.0994385406,Structurally Balanced,0.06448031988149694,3966365.0994385406,Structurally Balanced,0.12322879496585601,0.08538052298933195,1.002189391146465,0.7955192599829116,165761.53313367607,11.557,10.525,0.3574562746178493,0.3824322945366232,,,,5328
"Los Angeles-Long Beach-Anaheim, CA",2014,Pre-COVID (2006-2019),51516399.0,51817488.77701722,-0.005827529295189038,-301089.77701722085,Structurally Balanced,-0.005827529295189038,-301089.77701722085,Structurally Balanced,0.12122825151461267,0.08386287484718245,0.9851385542616115,0.7854068856345636,170849.54793663905,11.926,9.966,0.358109729755676,0.3877862045792732,77527.705591,13934.0,265837.0084940001,6013
"Los Angeles-Long Beach-Anaheim, CA",2015,Pre-COVID (2006-2019),40824996.0,45968544.6942017,-0.11866281071075946,-5143548.6942017,Structurally Balanced,-0.11866281071075946,-5143548.6942017,Structurally Balanced,0.11977361939586306,0.08240150211313466,0.96573691313372,0.8010049262500891,178822.8736966009,11.814,10.015,0.3641943754128787,0.3938036742269338,78394.5511,14072.446,275567.00514,6125
"Los Angeles-Long Beach-Anaheim, CA",2016,Pre-COVID (2006-2019),40641989.0,41472919.64140969,-0.02023893147761413,-830930.6414096877,Structurally Balanced,-0.02023893147761413,-830930.6414096877,Structurally Balanced,0.11484656723429967,0.08115504764077848,0.9574800037845949,0.7930214480919388,175600.766109977,12.055,9.877,0.3743496127524042,0.397114610653449,77786.8461,14480.602,279292.383825,5511
"Los Angeles-Long Beach-Anaheim, CA",2017,Pre-COVID (2006-2019),40346997.0,41627704.72267148,-0.031248956357497804,-1280707.722671479,Structurally Balanced,-0.031248956357497804,-1280707.722671479,Structurally Balanced,0.11687148799951522,0.08062251177374655,0.9554128313532801,0.8031595790877257,188288.20205643974,11.615,10.101,0.3799418373189051,0.4028997926011306,78054.29585,14581.0,280255.0333,5074
"Los Angeles-Long Beach-Anaheim, CA",2018,Pre-COVID (2006-2019),36647125.0,39663698.761502065,-0.07910139999747656,-3016573.7615020648,Structurally Balanced,-0.07910139999747656,-3016573.7615020648,Structurally Balanced,0.1238969140160613,0.08151031414230883,0.9507017290354087,0.8420754570849593,204032.7296504657,11.2,10.111,0.3830744958463873,0.4056857012539349,78658.0343,14684.926,274711.05111,4717
"Los Angeles-Long Beach-Anaheim, CA",2019,Pre-COVID (2006-2019),41736107.0,40696556.45105464,0.025223148663865658,1039550.5489453599,Structurally Balanced,0.025223148663865658,1039550.5489453599,Structurally Balanced,0.12015743920469249,0.08210128154961123,0.9479641782469428,0.8319849740967482,205850.20231441624,11.66,9.987,0.3878370246429777,0.4057211630193885,79568.27565,14685.0,273429.96899,5648
"Los Angeles-Long Beach-Anaheim, CA",2020,COVID (2020),43668736.0,47817162.32879961,-0.0907521968687206,-4148426.328799613,Structurally Balanced,0.16859921122900445,6775316.142712742,Structurally Balanced,0.11593167025437488,0.08712637083237079,0.9662456563421403,0.8344234438929169,197826.92415409037,12.612,10.428,0.3953964853964137,0.399164690627485,72738.61865,10176.0,235404.35785,5649
"Los Angeles-Long Beach-Anaheim, CA",2021,COVID (2021),23889025.0,24253824.679417834,-0.015155175236447604,-364799.6794178337,Structurally Balanced,0.12363460255229342,2778229.474987425,Structurally Balanced,0.12004699892306044,0.08521728504635256,0.9484500110891892,0.8318296544470795,220689.76253307002,12.844,13.168,0.3998428936267899,0.3937451576802778,74403.0,10711.0,240627.0,5302
"Los Angeles-Long Beach-Anaheim, CA",2022,Recovery (2022),37837778.0,47641977.60524365,-0.23040623354129863,-9804199.605243653,Moderate Structural Deficit,0.00029954587426317403,11332.452911622822,Structurally Balanced,0.12404045942408946,0.08486206440464722,0.934799841427691,0.8377924489651757,243592.63673685605,14.903,10.352,0.4056101124740902,0.3855992388460362,73282.0,9856.0,245546.0,5226
"Los Angeles-Long Beach-Anaheim, CA",2023,Recovery (2023),58317894.0,50491483.312080316,0.14410430116404527,7826410.687919684,Structurally Balanced,0.46127216382778613,21549566.379367106,Moderate Structural Surplus,0.12484457188087797,0.08438844200825665,0.9320158376950063,0.8546847896364191,257548.2599383297,11.907,10.843,0.4016832697767399,0.3874443529826801,73521.64606,9871.0,245215.81166,5741
"Louisville/Jefferson County, KY-IN",2007,Pre-COVID (2006-2019),18413413.0,14327846.61167793,0.2508744072317448,4085566.3883220702,Moderate Structural Surplus,0.2508744072317448,4085566.3883220702,Moderate Structural Surplus,0.13048247785815553,0.07470078716661051,0.8737853945632933,0.8407787473149789,135281.30142871707,10.334,10.165,0.3168485828504694,0.3521537977810717,11400.0,2651.0,24938.0,64
"Louisville/Jefferson County, KY-IN",2008,Pre-COVID (2006-2019),19407815.0,16119012.007943364,0.1856763746342054,3288802.992056636,Moderate Structural Surplus,0.1856763746342054,3288802.992056636,Structurally Balanced,0.12048575921523888,0.0739845223259294,0.8605352989349161,0.7792014643712583,127651.65818594373,9.287,10.318,0.3119509516837481,0.3678623718887262,11145.0,2680.0,24870.0,59
"Louisville/Jefferson County, KY-IN",2009,Pre-COVID (2006-2019),20096313.0,22844135.9502777,-0.12815808662817574,-2747822.950277701,Structurally Balanced,-0.12815808662817574,-2747822.950277701,Structurally Balanced,0.10629986246630724,0.0726442416977519,0.8673007282531059,0.7068654936267051,117760.35370419145,8.644,10.11,0.3023809523809523,0.3823996265172735,,,,72
"Louisville/Jefferson County, KY-IN",2010,Pre-COVID (2006-2019),20160804.0,20125146.677694067,0.0017702117496334324,35657.32230593264,Structurally Balanced,0.0017702117496334324,35657.32230593264,Structurally Balanced,0.12130360687387598,0.07225609331775636,0.8676596577417096,0.7759971017943402,143381.8803961114,8.106,9.378,0.2889995258416311,0.3952110004741583,11227.51,3262.0,26332.472,77
"Louisville/Jefferson County, KY-IN",2011,Pre-COVID (2006-2019),17477009.0,19311131.775194738,-0.09979545980975502,-1834122.775194738,Structurally Balanced,-0.09979545980975502,-1834122.775194738,Structurally Balanced,0.12377263923074401,0.07441947547905929,0.8799540684749007,0.7777663813040612,145306.4074449863,8.297,8.993,0.2785436380229598,0.4069840049954368,0.0,0.0,0.0,103
"Louisville/Jefferson County, KY-IN",2012,Pre-COVID (2006-2019),15305534.0,16788704.277293973,-0.09249183347672485,-1483170.2772939727,Structurally Balanced,-0.09249183347672485,-1483170.2772939727,Structurally Balanced,0.1382041561228543,0.08155410645605482,0.9566351885145609,0.8828971578734828,151938.7230309723,8.962,9.011,0.2699966250421869,0.4145894604888867,11006.017127,3329.0,26049.859869,100
"Louisville/Jefferson County, KY-IN",2013,Pre-COVID (2006-2019),14372233.0,16427216.377246253,-0.13364141332224833,-2054983.3772462532,Structurally Balanced,-0.13364141332224833,-2054983.3772462532,Structurally Balanced,0.141528739944377,0.08565620349683573,1.0054253057355649,0.9136568973027824,148227.0179759038,8.795,8.504,0.2679476657171824,0.4223917346593926,,,,102
"Louisville/Jefferson County, KY-IN",2014,Pre-COVID (2006-2019),14520021.0,15825663.02104326,-0.08610440854033286,-1305642.0210432597,Structurally Balanced,-0.08610440854033286,-1305642.0210432597,Structurally Balanced,0.14024503954725354,0.08751032107305233,1.0279851643766134,0.9086117993150084,149045.90517203746,9.172,7.986,0.2657211538461538,0.4277403846153846,1780.060128,1588.0,5356.582998,114
"Louisville/Jefferson County, KY-IN",2015,Pre-COVID (2006-2019),16045247.0,16349904.760677468,-0.018809403644148404,-304657.76067746803,Structurally Balanced,-0.018809403644148404,-304657.76067746803,Structurally Balanced,0.14089536956591084,0.08873057158999931,1.0399129398183335,0.9422599540481076,152838.66652550135,9.053,7.724,0.2665932909030004,0.4358520361774417,9956.729659,2040.0,21687.194887,121
"Louisville/Jefferson County, KY-IN",2016,Pre-COVID (2006-2019),15046294.0,15058571.335037766,-0.0008156379762382926,-12277.335037766024,Structurally Balanced,-0.0008156379762382926,-12277.335037766024,Structurally Balanced,0.1396974665528634,0.09405642761731872,1.109692511914,0.9646181848388832,144986.29899195296,8.639,7.283,0.2751089634261891,0.4424388857305287,9998.795037,1964.0,22132.765084,114
"Louisville/Jefferson County, KY-IN",2017,Pre-COVID (2006-2019),16771567.0,15121860.735055096,0.10354358447032297,1649706.2649449036,Structurally Balanced,0.10354358447032297,1649706.2649449036,Structurally Balanced,0.14213587961541527,0.0933018167746258,1.1056682677564236,0.9767805236265504,152173.19912467228,8.201,8.748,0.2752376425855513,0.4538498098859315,9896.24813,1939.0,22053.05881,108
"Louisville/Jefferson County, KY-IN",2018,Pre-COVID (2006-2019),15137928.0,14063198.995890116,0.0736419975293714,1074729.0041098837,Structurally Balanced,0.0736419975293714,1074729.0041098837,Structurally Balanced,0.14117575923665499,0.0950285634674267,1.1083728549800753,0.9595125345342451,152632.55734141739,8.215,7.955,0.2813238770685579,0.4550354609929078,10014.64611,1966.0,22134.15832,113
"Louisville/Jefferson County, KY-IN",2019,Pre-COVID (2006-2019),12448674.0,13892428.757920716,-0.10972988684793705,-1443754.757920716,Structurally Balanced,-0.10972988684793705,-1443754.757920716,Structurally Balanced,0.15119422257571344,0.09725370240435191,1.122918233931645,1.0468875018128752,168733.69452915824,8.753,7.687,0.2876357992757372,0.4576024079386728,10013.2577,1828.0,22117.56792,105
"Louisville/Jefferson County, KY-IN",2020,COVID (2020),12420615.0,13998809.953048209,-0.1196147304609454,-1578194.9530482087,Structurally Balanced,-0.11154940935851343,-1465744.1412485205,Structurally Balanced,0.13944305013781477,0.09951893198019332,1.1036811797736865,1.0036476647634363,160251.5649973362,8.45,8.261,0.2869178341537296,0.4586330935251798,9251.77432,3416.0,23955.51986,122
"Louisville/Jefferson County, KY-IN",2021,COVID (2021),10716698.0,14919130.638120607,-0.33084123904951923,-4202432.638120607,Moderate Structural Deficit,-0.35226699947249784,-4525535.357332647,Moderate Structural Deficit,0.1386340250464801,0.10017694324719961,1.1149477818027982,0.9606228742372077,164072.8194967768,9.585,9.27,0.2993104099754393,0.4489419988664274,11064.0,2243.0,24789.0,130
"Louisville/Jefferson County, KY-IN",2022,Recovery (2022),12633153.0,13051495.991064724,-0.03257821361714619,-418342.9910647236,Structurally Balanced,-0.021121780197859152,-269672.6382967271,Structurally Balanced,0.14738432263620682,0.1018499044993828,1.1219297485088597,0.9954612646047744,183089.66658045456,9.856,9.122,0.3035730945050844,0.4441645675902603,9924.0,1775.0,21528.0,123
"Louisville/Jefferson County, KY-IN",2023,Recovery (2023),12742490.0,13400707.567303903,-0.05036543063655685,-658217.5673039034,Structurally Balanced,-0.03718664882838141,-482771.1902511325,Structurally Balanced,0.1459697920396032,0.0998468270698795,1.1027437165342762,0.9993078523404261,194269.55545390278,10.326,8.984,0.3083633342564386,0.4399981537893473,9914.85365,1802.0,21606.71999,149
"Madison, WI",2006,Pre-COVID (2006-2019),3770692.0,3996669.465429862,-0.05820284165289458,-225977.46542986203,Structurally Balanced,-0.05820284165289458,-225977.46542986203,Structurally Balanced,0.1240462420824825,0.08340852443544725,0.9768750739075371,0.7967549265943394,119102.57817848332,10.953,8.653,0.3091639871382636,0.3373794212218649,1094.0,1792.0,8376.0,228
"Madison, WI",2007,Pre-COVID (2006-2019),4014241.0,3628752.3416070123,0.10095940678280968,385488.6583929877,Structurally Balanced,0.10095940678280968,385488.6583929877,Structurally Balanced,0.12025135556619854,0.08501367285959993,0.9944166387058279,0.7748533424218474,120288.31914540565,9.786,9.799,0.3068127298896529,0.3498320806013114,1092.0,1765.0,8355.0,188
"Madison, WI",2008,Pre-COVID (2006-2019),4039669.0,4908834.500670933,-0.19487378313350234,-869165.5006709332,Moderate Structural Deficit,-0.19487378313350234,-869165.5006709332,Structurally Balanced,0.11327809902950557,0.08520737155423502,0.9910714923435304,0.7325883259556148,113373.3174188549,8.553,9.162,0.2950368391223382,0.3680673629665614,1008.0,1577.0,8093.0,209
"Madison, WI",2009,Pre-COVID (2006-2019),6210089.0,5952649.252371881,0.042338854604182075,257439.74762811884,Structurally Balanced,0.042338854604182075,257439.74762811884,Structurally Balanced,0.10786429724695411,0.08274492558439953,0.9878929498250878,0.7172685641275653,117829.00134526913,8.185,9.343,0.2874417844595147,0.3805049432143149,,,,241
"Madison, WI",2010,Pre-COVID (2006-2019),6200750.0,5756806.432501102,0.0742873703290936,443943.56749889813,Structurally Balanced,0.0742873703290936,443943.56749889813,Structurally Balanced,0.12225021235170891,0.08469498626588563,1.0170273456763048,0.7820526769439295,135852.46480813425,7.581,8.814,0.2766398540509163,0.3953064101500954,1032.667,528.0,7294.592000000001,290
"Madison, WI",2011,Pre-COVID (2006-2019),6571260.0,5843265.054283175,0.11741586968276962,727994.9457168253,Structurally Balanced,0.11741586968276962,727994.9457168253,Structurally Balanced,0.12077281837459562,0.0877050865343855,1.0370463810053623,0.7589160131908196,134133.40723172098,8.203,7.595,0.2725850284114304,0.4059128716132751,731.89571,524.0,7073.838144000001,279
"Madison, WI",2012,Pre-COVID (2006-2019),6860359.0,5999869.973756943,0.13402197477729416,860489.0262430571,Structurally Balanced,0.13402197477729416,860489.0262430571,Structurally Balanced,0.11952038196589838,0.08672404785231895,1.0172789510072486,0.7635385831077377,135956.50513425443,8.232,8.001,0.2610415293342122,0.4142221489782465,1089.53556,350.0,8995.301519,273
"Madison, WI",2013,Pre-COVID (2006-2019),5111320.0,5709668.772611896,-0.11070332580327502,-598348.7726118956,Structurally Balanced,-0.11070332580327502,-598348.7726118956,Structurally Balanced,0.11969708400871203,0.08624180748427318,1.0122990760414252,0.7727198478172795,140536.60480299153,8.093,8.025,0.2586107210704551,0.4227306516891054,,,,314
"Madison, WI",2014,Pre-COVID (2006-2019),5148295.0,4765483.861256237,0.07726651508889759,382811.13874376286,Structurally Balanced,0.07726651508889759,382811.13874376286,Structurally Balanced,0.12362985574659212,0.08744285664035477,1.027192658588887,0.8009662661980819,149525.8641239571,8.747,7.03,0.2608200455580866,0.4257240481614058,1113.53172,496.0,8829.521391,342
"Madison, WI",2015,Pre-COVID (2006-2019),4792454.0,4903737.713257181,-0.022955115396614545,-111283.71325718146,Structurally Balanced,-0.022955115396614545,-111283.71325718146,Structurally Balanced,0.12080269517042888,0.09008994128850202,1.05584460929976,0.8078870324189565,146815.26506550834,8.627,7.196,0.2597790144366481,0.430357286877974,1181.57153,491.264,8672.856942,364
"Madison, WI",2016,Pre-COVID (2006-2019),3353359.0,4028874.7901036763,-0.18352459851193004,-675515.7901036763,Moderate Structural Deficit,-0.18352459851193004,-675515.7901036763,Structurally Balanced,0.12204084293594136,0.0914511190438201,1.078954671997311,0.8426982914863893,148680.74230530547,9.911,7.217,0.2697082312010753,0.4295880445955563,1219.24662,758.791,8854.017642,325
"Madison, WI",2017,Pre-COVID (2006-2019),2794769.0,3238790.1931727543,-0.14745040729866332,-444021.19317275425,Structurally Balanced,-0.14745040729866332,-444021.19317275425,Structurally Balanced,0.12172073994912892,0.09308966445921346,1.1031541679115182,0.836484414951527,148519.3306007307,8.287,7.808,0.2757671125098347,0.4354838709677419,1257.34769,572.574,8846.319500000001,357
"Madison, WI",2018,Pre-COVID (2006-2019),2845754.0,2804864.609290179,0.014472788650044421,40889.390709821135,Structurally Balanced,0.014472788650044421,40889.390709821135,Structurally Balanced,0.12107224568007219,0.09702457418193458,1.1316534772844231,0.8228773689079358,146323.0379134257,7.803,7.44,0.2767941084299593,0.4422594797869006,1287.89841,582.836,8994.891909999998,351
"Madison, WI",2019,Pre-COVID (2006-2019),4012453.0,3179071.206568806,0.23281369426758758,833381.793431194,Moderate Structural Surplus,0.23281369426758758,833381.793431194,Moderate Structural Surplus,0.12682665960402015,0.10207510344289171,1.1785874681656625,0.8781634812112993,152089.23331081987,7.703,7.627,0.2788860204959712,0.4477822107486505,1285.848,572.319,9209.78718,383
"Madison, WI",2020,COVID (2020),4178790.0,3761531.928330739,0.10519542877366739,417258.071669261,Structurally Balanced,-0.10446010108393722,-460131.1667155009,Structurally Balanced,0.13010249425494322,0.11093503938499687,1.2302876720083937,0.9364185910292397,151157.10157600266,7.914,8.01,0.2768543202132664,0.4490355966755527,1078.50686,449.0,7869.511869999999,403
"Madison, WI",2021,COVID (2021),3341153.0,4006537.0687533715,-0.18161133734845158,-665384.0687533715,Moderate Structural Deficit,-0.43597797348807354,-1825855.6866713632,Moderate Structural Deficit,0.13970549486963516,0.11436592342256832,1.272868072238626,0.9680473028421809,165045.8838213452,8.664,8.448,0.2736743165974779,0.4516331166288087,1224.0,524.0,8789.0,368
"Madison, WI",2022,Recovery (2022),2661846.0,2717439.4218609445,-0.020670180841459995,-55593.42186094448,Structurally Balanced,-0.32046550420426634,-1005562.8279233733,Moderate Structural Deficit,0.1462923049301658,0.11685428678046975,1.2872108346511908,0.9880855728949468,181235.49691089624,9.365,8.092,0.274866887877151,0.4478740643568176,1335.0,540.0,9081.0,343
"Madison, WI",2023,Recovery (2023),3026976.0,2521460.64815378,0.18272574547546583,505515.35184622,Moderate Structural Surplus,-0.09137799728770801,-289630.42378209066,Structurally Balanced,0.14213882967574248,0.11391927369097159,1.2581648004392516,0.9730811192696001,186944.06055101927,9.06,8.124,0.2747613592974418,0.4465063001145475,1383.02959,541.0,9247.15823,352
"McAllen-Edinburg-Mission, TX",2007,Pre-COVID (2006-2019),3809468.0,4862080.99883345,-0.24397698848286176,-1052612.9988334496,Moderate Structural Deficit,-0.24397698848286176,-1052612.9988334496,Moderate Structural Deficit,0.04924689903601699,0.020485522564986043,0.23962197851219477,0.31732801798614546,108306.09153245096,15.749,10.332,0.4186460053346881,0.2959481773148736,0.0,559.0,9402.0,1
"McAllen-Edinburg-Mission, TX",2008,Pre-COVID (2006-2019),4456941.0,5147371.103779997,-0.144023462785416,-690430.1037799967,Structurally Balanced,-0.144023462785416,-690430.1037799967,Structurally Balanced,0.04743487217822901,0.020149734911883134,0.23436737321178405,0.30676921575030985,108259.7655087587,12.975,10.187,0.41825,0.305875,0.0,912.0,12430.0,2
"McAllen-Edinburg-Mission, TX",2009,Pre-COVID (2006-2019),5731236.0,6101806.457974763,-0.062653653718316,-370570.45797476266,Structurally Balanced,-0.062653653718316,-370570.45797476266,Structurally Balanced,0.0436316902246294,0.018281828753466744,0.21826703701652053,0.29013900425483363,112929.2041233488,10.929,10.456,0.4047796863330843,0.3206372915110779,,,,0
"McAllen-Edinburg-Mission, TX",2010,Pre-COVID (2006-2019),5129649.0,5621162.666250914,-0.09150128683546122,-491513.66625091434,Structurally Balanced,-0.09150128683546122,-491513.66625091434,Structurally Balanced,0.044325911470390396,0.01810947245125796,0.21746067282992854,0.2835594070271884,119365.07239053541,11.928,9.134,0.3989769820971867,0.3260260625989526,0.0,1190.0,12779.78,1
"McAllen-Edinburg-Mission, TX",2011,Pre-COVID (2006-2019),4609519.0,5620205.465220024,-0.19824470971486896,-1010686.4652200239,Moderate Structural Deficit,-0.19824470971486896,-1010686.4652200239,Structurally Balanced,0.045218945402670525,0.018039250366059714,0.2133005056763434,0.2841482233133566,124671.04835036115,11.816,9.757,0.3963320233416696,0.3282124568298202,0.0,1210.0,12839.286433,0
"McAllen-Edinburg-Mission, TX",2012,Pre-COVID (2006-2019),4807221.0,5231060.65544501,-0.08449489722821824,-423839.6554450104,Structurally Balanced,-0.08449489722821824,-423839.6554450104,Structurally Balanced,0.044334305770548046,0.018282080025270327,0.2144500360731291,0.28322326664558206,124184.8753661055,11.534,9.403,0.3956884561891516,0.3270746407046824,0.0,1220.0,13329.577821,0
"McAllen-Edinburg-Mission, TX",2013,Pre-COVID (2006-2019),4828479.0,4415651.40234449,0.08937614506620406,412827.5976555096,Structurally Balanced,0.08937614506620406,412827.5976555096,Structurally Balanced,0.049779640354356926,0.019229961617258425,0.22571967060190182,0.32135884042269486,137000.21642040648,10.838,8.999,0.3819737592698232,0.3365658870507701,,,,2
"McAllen-Edinburg-Mission, TX",2014,Pre-COVID (2006-2019),4923841.0,4393797.93417541,0.1138949308356434,530043.0658245897,Structurally Balanced,0.1138949308356434,530043.0658245897,Structurally Balanced,0.05060888147223075,0.019872595493101736,0.23344370234355016,0.32788201995771826,139304.8737237041,10.2,9.266,0.3690368014538846,0.3490458882326215,3025.365631,1320.0,13286.684811,2
"McAllen-Edinburg-Mission, TX",2015,Pre-COVID (2006-2019),4973879.0,4946775.58275048,0.005464051682556814,27103.41724952031,Structurally Balanced,0.005464051682556814,27103.41724952031,Structurally Balanced,0.04845734360372728,0.020689490061165963,0.2424786412090942,0.324066110178177,130640.82333964513,9.577,9.149,0.3566632525321497,0.364060543985433,3033.387519,1336.0,14095.592398,3
"McAllen-Edinburg-Mission, TX",2016,Pre-COVID (2006-2019),3902521.0,4402319.987679485,-0.12050891733453639,-499798.98767948523,Structurally Balanced,-0.12050891733453639,-499798.98767948523,Structurally Balanced,0.042931507604640755,0.019179528106375583,0.22628308623716165,0.29644426602621476,125994.03430275913,10.007,8.843,0.3510841478485563,0.3753510841478485,3288.002744,1336.514,14750.827939,2
"McAllen-Edinburg-Mission, TX",2017,Pre-COVID (2006-2019),2930846.0,3161522.0271170307,-0.0757624472378744,-230676.0271170307,Structurally Balanced,-0.0757624472378744,-230676.0271170307,Structurally Balanced,0.04777461660977275,0.01956290664729921,0.23182919532261906,0.32831481505174054,140531.872938477,9.898,9.049,0.3414688759516345,0.3837886251679355,3474.13947,1303.0,15025.91904,2
"McAllen-Edinburg-Mission, TX",2018,Pre-COVID (2006-2019),2284007.0,2965404.8395633893,-0.26108220602310617,-681397.8395633893,Moderate Structural Deficit,-0.26108220602310617,-681397.8395633893,Moderate Structural Deficit,0.04576035005864769,0.019211783794538265,0.22407809690726602,0.3110139425022984,140208.54908402672,10.709,9.322,0.3342605986424836,0.397908089462557,3508.13463,1292.0,15531.87787,4
"McAllen-Edinburg-Mission, TX",2019,Pre-COVID (2006-2019),2788173.0,2403940.592508252,0.14827723819046845,384232.4074917482,Structurally Balanced,0.14827723819046845,384232.4074917482,Structurally Balanced,0.04150108546548317,0.019084531210479823,0.22035529293459982,0.2873586499889266,129251.932375675,9.998,8.172,0.3313622426631625,0.4056066579062637,3691.29528,1383.0,16226.6269,3
"McAllen-Edinburg-Mission, TX",2020,COVID (2020),2493140.0,1986455.6850687528,0.22719097222617357,506684.31493124715,Moderate Structural Surplus,-0.0856909375475805,-223060.14413430076,Structurally Balanced,0.037807070044898736,0.020094209829975278,0.2228480628809502,0.2721180978514769,116776.97941135829,9.475,10.288,0.3255967440325596,0.4184358156418435,3138.52826,1419.0,14516.74301,12
"McAllen-Edinburg-Mission, TX",2021,COVID (2021),1980825.0,2038530.6833201726,-0.028715870483035033,-57705.6833201726,Structurally Balanced,-0.38757278945424645,-937722.9466331243,Moderate Structural Deficit,0.040268321819278356,0.0207857791134885,0.23134124045329943,0.27902725203120105,126569.42245253746,10.253,9.448,0.3321077106088461,0.4200281172272088,3674.0,1458.0,15955.0,0
"McAllen-Edinburg-Mission, TX",2022,Recovery (2022),1092639.0,1523595.0656131308,-0.33247684596467586,-430956.0656131308,Moderate Structural Deficit,-0.8102373653994697,-1364096.0093374583,Significant Structural Deficit,0.04324706767961206,0.02204945908499293,0.24288627669879082,0.2920987789797591,136777.3578373388,11.306,8.108,0.3401537183215621,0.4240756127960116,3678.0,1582.0,16575.0,2
"McAllen-Edinburg-Mission, TX",2023,Recovery (2023),1294335.0,1334665.3979470222,-0.03068357245049924,-40330.397947022226,Structurally Balanced,-0.4745866103694283,-786113.8425348473,Moderate Structural Deficit,0.04511441843227778,0.022873581729737864,0.2526239367571332,0.3088528932131059,142165.52717782822,10.965,7.817,0.3466639871382637,0.4253416398713826,3660.65817,1458.0,16885.11662,0
"Memphis, TN-MS-AR",2006,Pre-COVID (2006-2019),36742690.0,31510038.070269562,0.1536331303438061,5232651.929730438,Structurally Balanced,0.1536331303438061,5232651.929730438,Structurally Balanced,0.08065124551645228,0.052770510406179826,0.6180446974945811,0.5180267948663438,120922.75533684186,12.743,9.979,0.3332093517534538,0.3342720510095643,6879.0,2945.0,27110.0,84
"Memphis, TN-MS-AR",2007,Pre-COVID (2006-2019),37074059.0,31327402.00912448,0.16842432861568923,5746656.99087552,Structurally Balanced,0.16842432861568923,5746656.99087552,Structurally Balanced,0.0785948745512869,0.05258315815653871,0.6150724422048954,0.5064350497884009,123014.67168766944,10.939,10.919,0.3330676867495484,0.3428434810328339,6967.0,2858.0,26900.0,74
"Memphis, TN-MS-AR",2008,Pre-COVID (2006-2019),36398660.0,38054851.44589233,-0.04449661726490106,-1656191.4458923265,Structurally Balanced,-0.04449661726490106,-1656191.4458923265,Structurally Balanced,0.0808005730112086,0.05282985981274592,0.6144793232072803,0.5225507580518065,128760.75255007393,10.513,10.27,0.3232257715799146,0.3563050645911031,6681.0,2818.0,25974.0,73
"Memphis, TN-MS-AR",2009,Pre-COVID (2006-2019),40960655.0,39604489.33017479,0.033669493055835886,1356165.6698252112,Structurally Balanced,0.033669493055835886,1356165.6698252112,Structurally Balanced,0.08677057625531627,0.053077597799812,0.6336942633008035,0.5770009931708854,144589.88232759136,8.328,10.841,0.3032800486752586,0.3713700979036451,,,,98
"Memphis, TN-MS-AR",2010,Pre-COVID (2006-2019),43820935.0,36102975.863449514,0.193736375396675,7717959.136550486,Moderate Structural Surplus,0.193736375396675,7717959.136550486,Structurally Balanced,0.08331445048031219,0.05300058762565802,0.6364372831112795,0.532974853563351,142790.34786854323,8.119,9.789,0.2907973384459231,0.3841208977106123,6855.943,2727.0,25705.381,154
"Memphis, TN-MS-AR",2011,Pre-COVID (2006-2019),42718722.0,38574471.82156766,0.10204657256574379,4144250.178432338,Structurally Balanced,0.10204657256574379,4144250.178432338,Structurally Balanced,0.08910393073799991,0.05414590617154651,0.6402344294984925,0.5599140666368524,150066.8462270105,8.487,9.483,0.2848688328686052,0.3924770955443009,6891.068221,3687.0,26610.968268,123
"Memphis, TN-MS-AR",2012,Pre-COVID (2006-2019),43991989.0,35338744.797701776,0.21902760079110095,8653244.202298224,Moderate Structural Surplus,0.21902760079110095,8653244.202298224,Moderate Structural Surplus,0.1007586873032378,0.05391068559695641,0.632375990861766,0.6436822245201692,177288.31662542408,8.112,9.063,0.2771271098863245,0.3983809851877368,6923.045869,3690.0,26538.652072,133
"Memphis, TN-MS-AR",2013,Pre-COVID (2006-2019),40934835.0,37187599.55740406,0.09600605156362718,3747235.4425959364,Structurally Balanced,0.09600605156362718,3747235.4425959364,Structurally Balanced,0.09333196099730658,0.05491790166662557,0.6446217065359716,0.6025164213112983,164118.06187181227,8.253,8.601,0.269259536275243,0.4097577814855301,,,,195
"Memphis, TN-MS-AR",2014,Pre-COVID (2006-2019),40168747.0,36889834.873231925,0.08515322004719295,3278912.126768075,Structurally Balanced,0.08515322004719295,3278912.126768075,Structurally Balanced,0.0961730485111866,0.05623884386363893,0.6606386131900072,0.6230806232823378,167210.26453138245,8.654,8.138,0.2646634754022723,0.4224003691100986,7466.335239,4184.0,28515.938345,223
"Memphis, TN-MS-AR",2015,Pre-COVID (2006-2019),33835423.0,35935688.227348074,-0.06022263129011307,-2100265.2273480743,Structurally Balanced,-0.06022263129011307,-2100265.2273480743,Structurally Balanced,0.09582167510519286,0.05955717562299757,0.6980038162671851,0.6408225299355531,162066.32316025894,8.424,8.525,0.2658337671351726,0.4321823124530048,7413.982214,4418.946,29426.820151,226
"Memphis, TN-MS-AR",2016,Pre-COVID (2006-2019),31794665.0,25494460.742712095,0.2208373056245776,6300204.257287905,Moderate Structural Surplus,0.2208373056245776,6300204.257287905,Moderate Structural Surplus,0.08714812342938108,0.0600941024115542,0.7089996627090244,0.6017622703469238,146575.2202126748,8.331,7.259,0.2675001440341072,0.440341072766031,7639.469752,4347.275,29460.647843,251
"Memphis, TN-MS-AR",2017,Pre-COVID (2006-2019),27527850.0,23740112.966343928,0.14803207183153688,3787737.033656072,Structurally Balanced,0.14803207183153688,3787737.033656072,Structurally Balanced,0.08695239489339465,0.0588863058457589,0.6978290673195343,0.597550780593623,153255.06522200542,8.206,8.277,0.2730416738716928,0.4467116260303188,8141.08779,4338.84,30681.36763,276
"Memphis, TN-MS-AR",2018,Pre-COVID (2006-2019),27257621.0,21536936.50032489,0.2355637138748996,5720684.49967511,Moderate Structural Surplus,0.2355637138748996,5720684.49967511,Moderate Structural Surplus,0.08870778589976101,0.06014907175433308,0.7015532588536231,0.6029096846500346,156540.27909457218,8.154,7.999,0.2772709014747231,0.451081654903311,8012.78999,4410.118,31587.21601,265
"Memphis, TN-MS-AR",2019,Pre-COVID (2006-2019),24358715.0,17291291.954629596,0.3426866714855912,7067423.045370404,Moderate Structural Surplus,0.3426866714855912,7067423.045370404,Moderate Structural Surplus,0.09137873503222593,0.05834509037673699,0.6736686030936748,0.6327176661052801,169241.63591340353,8.473,7.837,0.2769036407488228,0.4576203055013207,8041.77995,4411.806,32056.05518,266
"Memphis, TN-MS-AR",2020,COVID (2020),29087143.0,24074885.10518201,0.1891270699374381,5012257.894817989,Moderate Structural Surplus,0.3672658242448499,8940645.92205093,Moderate Structural Surplus,0.08769440135583974,0.06005479267955499,0.6660174412726516,0.6311844229355965,166504.9799442082,8.545,8.462,0.2861568469967299,0.4525271068785497,7088.83222,4408.0,29530.16148999999,283
"Memphis, TN-MS-AR",2021,COVID (2021),25403967.0,16362247.290009955,0.43992865627591726,9041719.709990045,Moderate Structural Surplus,0.5910074140397761,11336034.32534302,Moderate Structural Surplus,0.09019099363607155,0.060605933121441156,0.6745309699767517,0.6249514252215138,181749.07280696533,11.101,8.878,0.3124653739612188,0.4359002770083102,8497.0,5191.0,34393.0,287
"Memphis, TN-MS-AR",2022,Recovery (2022),25909228.0,19635522.748479765,0.27725888770957496,6273705.251520235,Moderate Structural Surplus,0.43227377131458056,9093318.58359329,Moderate Structural Surplus,0.09517834391315283,0.06141734273287958,0.6765440205866821,0.6428523258110738,197987.89064742695,9.57,10.901,0.2999606719478622,0.4437327939771897,8451.0,4856.0,31090.0,291
"Memphis, TN-MS-AR",2023,Recovery (2023),33620277.0,13034761.714910347,0.9475096002773213,20585515.285089653,Significant Structural Surplus,1.154595522745776,23023670.118609443,Significant Structural Surplus,0.0929710406616359,0.06178349106961768,0.6823587545239628,0.6364788883731999,201740.41028354297,9.781,9.69,0.2995337340598842,0.4465479467445649,8759.82981,4557.0,28764.28604,274
"Miami-Fort Lauderdale-West Palm Beach, FL",2006,Pre-COVID (2006-2019),11399270.0,13801648.894794429,-0.19123875189301387,-2402378.8947944287,Moderate Structural Deficit,-0.19123875189301387,-2402378.8947944287,Structurally Balanced,0.07234841020679829,0.051813104550379636,0.6068316239811161,0.4646972878485536,113673.10062026903,15.766,12.616,0.4634737024195429,0.2929474499657789,21872.0,25915.0,133960.0,439
"Miami-Fort Lauderdale-West Palm Beach, FL",2007,Pre-COVID (2006-2019),15655728.0,17301285.073422793,-0.09994392403378427,-1645557.0734227933,Structurally Balanced,-0.09994392403378427,-1645557.0734227933,Structurally Balanced,0.07342313556868368,0.0514951579266781,0.6023459536872665,0.4731103590359759,122936.86930657354,15.246,13.771,0.4622564392194165,0.3013242572417995,22363.0,24710.0,133259.0,384
"Miami-Fort Lauderdale-West Palm Beach, FL",2008,Pre-COVID (2006-2019),22548988.0,21475669.94206736,0.04876952313813021,1073318.0579326414,Structurally Balanced,0.04876952313813021,1073318.0579326414,Structurally Balanced,0.0751947920170802,0.052435981811120344,0.6098980146684542,0.48629723906317435,126138.1549168165,12.904,15.222,0.4463852795643828,0.3180862210053763,21248.0,22641.0,129658.0,285
"Miami-Fort Lauderdale-West Palm Beach, FL",2009,Pre-COVID (2006-2019),27070660.0,29226338.60756425,-0.0766198252558219,-2155678.607564248,Structurally Balanced,-0.0766198252558219,-2155678.607564248,Structurally Balanced,0.07711433771251404,0.05194072945109144,0.6201211744539863,0.5127896041270043,132749.43311557142,12.456,15.961,0.4270089179642331,0.3342731779949628,,,,415
"Miami-Fort Lauderdale-West Palm Beach, FL",2010,Pre-COVID (2006-2019),26204247.0,28281997.274935856,-0.07630396666524675,-2077750.2749358565,Structurally Balanced,-0.07630396666524675,-2077750.2749358565,Structurally Balanced,0.07537722203730998,0.05096617793973199,0.6120078525851314,0.48219923009443505,134127.91445871253,13.382,13.97,0.4134483855574996,0.3434149832988707,22628.303,22320.0,126010.793,573
"Miami-Fort Lauderdale-West Palm Beach, FL",2011,Pre-COVID (2006-2019),23384169.0,24621057.921132736,-0.051542834875565546,-1236888.921132736,Structurally Balanced,-0.051542834875565546,-1236888.921132736,Structurally Balanced,0.07569736897569734,0.05182892775816736,0.6128379103978546,0.47566949455370783,132884.05670837953,14.569,12.77,0.4113982356155828,0.3451713638847685,22926.694553,22315.0,125899.334479,644
"Miami-Fort Lauderdale-West Palm Beach, FL",2012,Pre-COVID (2006-2019),22903569.0,22992152.14216289,-0.0038601965480609124,-88583.14216288924,Structurally Balanced,-0.0038601965480609124,-88583.14216288924,Structurally Balanced,0.07464660484595827,0.04998681392913297,0.5863487106207901,0.4768689821803629,136686.20881518218,14.327,11.44,0.4115925324921518,0.3460926007370448,22770.496301,22146.0,125000.583816,759
"Miami-Fort Lauderdale-West Palm Beach, FL",2013,Pre-COVID (2006-2019),20389934.0,19449935.36497737,0.04719760077877666,939998.635022629,Structurally Balanced,0.04719760077877666,939998.635022629,Structurally Balanced,0.07387007977457473,0.0498723958904877,0.5853979844881998,0.47687775583158826,138664.94286924726,13.437,11.573,0.4081121272957097,0.3513272362257417,,,,837
"Miami-Fort Lauderdale-West Palm Beach, FL",2014,Pre-COVID (2006-2019),18530488.0,19598169.659749202,-0.056018801546802166,-1067681.6597492024,Structurally Balanced,-0.056018801546802166,-1067681.6597492024,Structurally Balanced,0.0744116761894953,0.05014211826050291,0.589020278410193,0.4820942488294029,141668.028245404,13.408,11.59,0.4044328819578927,0.3581675082760284,24294.013199,22104.0,129800.908303,948
"Miami-Fort Lauderdale-West Palm Beach, FL",2015,Pre-COVID (2006-2019),15790404.0,18331427.280635066,-0.14921451089460902,-2541023.2806350663,Structurally Balanced,-0.14921451089460902,-2541023.2806350663,Structurally Balanced,0.07717561294737474,0.05101304479060396,0.5978675041383411,0.516124055272162,149720.20086892092,13.569,11.422,0.4095416490909481,0.3641998698801038,24533.731287,22064.715,132643.025619,880
"Miami-Fort Lauderdale-West Palm Beach, FL",2016,Pre-COVID (2006-2019),16233440.0,17573104.04937446,-0.07929624193404194,-1339664.0493744612,Structurally Balanced,-0.07929624193404194,-1339664.0493744612,Structurally Balanced,0.07774072919789145,0.05232708508357458,0.6173631718587357,0.5368037297837749,149656.6188877337,13.411,11.059,0.4121727565448691,0.3701455970880582,25253.595233,22043.442,136873.503292,948
"Miami-Fort Lauderdale-West Palm Beach, FL",2017,Pre-COVID (2006-2019),16248475.0,16734196.731531337,-0.02945527598226505,-485721.7315313369,Structurally Balanced,-0.02945527598226505,-485721.7315313369,Structurally Balanced,0.0779046647122898,0.052878542062904973,0.6266343788932272,0.5353733300593606,153785.74870139727,12.665,11.458,0.4096941560101418,0.3758627121805633,25279.65098,22076.641,137686.73375,984
"Miami-Fort Lauderdale-West Palm Beach, FL",2018,Pre-COVID (2006-2019),14978008.0,15569011.358543307,-0.03869949532505501,-591003.3585433066,Structurally Balanced,-0.03869949532505501,-591003.3585433066,Structurally Balanced,0.07789181251757442,0.05379872850573525,0.6274855488964537,0.5293980415073907,155933.99135631297,12.36,11.407,0.4048631845883267,0.3818152071659372,25118.02715,22033.421,138149.60973,975
"Miami-Fort Lauderdale-West Palm Beach, FL",2019,Pre-COVID (2006-2019),16208093.0,17782353.230465226,-0.09269588860043143,-1574260.2304652259,Structurally Balanced,-0.09269588860043143,-1574260.2304652259,Structurally Balanced,0.07648485781604285,0.05499766082264997,0.6350182526169634,0.5295906176934302,154771.6841324511,12.727,11.124,0.4041171696303401,0.3846984565644641,26356.63924,22166.541,141193.14051,1220
"Miami-Fort Lauderdale-West Palm Beach, FL",2020,COVID (2020),17138516.0,20606308.463052344,-0.18426893666091715,-3467792.4630523436,Moderate Structural Deficit,-0.11185271594145618,-2028311.3823453076,Structurally Balanced,0.07537646246253238,0.058226274821114185,0.6457388801276942,0.542525500223076,150625.8149831097,13.014,11.946,0.4033891767147066,0.384993449099168,22335.27066,20182.0,123679.35104,1519
"Miami-Fort Lauderdale-West Palm Beach, FL",2021,COVID (2021),12480678.0,19545689.10564476,-0.4485730676224975,-7065011.105644759,Moderate Structural Deficit,-0.43954357525995746,-6889317.859270841,Moderate Structural Deficit,0.08103183757264182,0.05946828462469484,0.6618691874666923,0.561485801827191,172315.57206532772,16.469,11.79,0.4202012827210302,0.3715044593123155,24552.0,21166.0,130501.0,1697
"Miami-Fort Lauderdale-West Palm Beach, FL",2022,Recovery (2022),9856026.0,19652455.27112881,-0.6901192359196209,-9796429.271128811,Significant Structural Deficit,-0.728277759142653,-10560829.382068235,Significant Structural Deficit,0.0831369375218724,0.06182576149534495,0.6810429659878714,0.5615224162285513,187032.71694695976,14.606,12.352,0.4168535804487159,0.3740959005966902,25950.0,22120.0,136327.0,1915
"Miami-Fort Lauderdale-West Palm Beach, FL",2023,Recovery (2023),15346913.0,21765373.91446511,-0.3494060081618109,-6418460.914465111,Moderate Structural Deficit,-0.2990577528660374,-5349742.127737474,Moderate Structural Deficit,0.08291108964881966,0.06282252279540994,0.6938341888519387,0.567608556362726,194603.47982772614,13.522,11.361,0.4172018183130096,0.3760492580032229,25966.61187,23420.0,142661.54111,1824
"Milwaukee-Waukesha, WI",2006,Pre-COVID (2006-2019),22658126.0,22380990.527331643,0.01230658999369183,277135.4726683572,Structurally Balanced,0.01230658999369183,277135.4726683572,Structurally Balanced,0.17561630193855102,0.10471527432971003,1.2264183072708856,1.127991879566815,141174.50410340267,10.179,9.386,0.2927607028970758,0.3573851686003121,8373.0,7044.0,33980.0,447
"Milwaukee-Waukesha, WI",2007,Pre-COVID (2006-2019),23936231.0,20402991.732259683,0.15971170884105845,3533239.2677403167,Structurally Balanced,0.15971170884105845,3533239.2677403167,Structurally Balanced,0.16476236726847815,0.10351562007267923,1.21083646316781,1.0616651295297508,138857.8600634313,9.97,9.695,0.2950436725573837,0.3671541742839732,8554.0,6934.0,34029.0,338
"Milwaukee-Waukesha, WI",2008,Pre-COVID (2006-2019),23110383.0,23492247.36470229,-0.016388470285853884,-381864.3647022918,Structurally Balanced,-0.016388470285853884,-381864.3647022918,Structurally Balanced,0.15285232386992464,0.10314448222348803,1.199703195388055,0.9885214266627715,130233.55127723179,8.751,9.641,0.2841266006281711,0.3833224036171608,8179.0,6209.0,32353.0,335
"Milwaukee-Waukesha, WI",2009,Pre-COVID (2006-2019),30270436.0,28895402.04453949,0.04648904297395973,1375033.9554605111,Structurally Balanced,0.04648904297395973,1375033.9554605111,Structurally Balanced,0.1464745619145195,0.09832824914550939,1.1739424914995331,0.9740164390549378,136699.40835412857,7.948,10.177,0.2740502071309705,0.4009135006904366,,,,329
"Milwaukee-Waukesha, WI",2010,Pre-COVID (2006-2019),32702804.0,28427206.67544004,0.1401141553371481,4275597.3245599605,Structurally Balanced,0.1401141553371481,4275597.3245599605,Structurally Balanced,0.16762206342375144,0.097294815257785,1.1683275725324518,1.0723031141923205,163785.05862747916,7.55,9.483,0.26223460049915,0.412703005751076,8373.656,1600.0,28915.611,346
"Milwaukee-Waukesha, WI",2011,Pre-COVID (2006-2019),28940103.0,25135683.168713894,0.14093980353291968,3804419.8312861063,Structurally Balanced,0.14093980353291968,3804419.8312861063,Structurally Balanced,0.17123915748829419,0.09971958275971954,1.1791087210864062,1.0760379732142376,167218.46272870703,7.71,9.005,0.2501011885049858,0.4232991132207381,8482.76826,1589.0,27805.833431,305
"Milwaukee-Waukesha, WI",2012,Pre-COVID (2006-2019),26533511.0,27022549.801845837,-0.018263195143809696,-489038.8018458374,Structurally Balanced,-0.018263195143809696,-489038.8018458374,Structurally Balanced,0.1745530633147351,0.10139935087950928,1.1894212487772495,1.1151068666972217,169012.37381380526,8.196,8.506,0.2447316766045702,0.4328728565608681,8632.05086,1675.0,29134.761462,343
"Milwaukee-Waukesha, WI",2013,Pre-COVID (2006-2019),23848829.0,24146420.007275473,-0.012401011649114224,-297591.0072754733,Structurally Balanced,-0.012401011649114224,-297591.0072754733,Structurally Balanced,0.18007828444661148,0.09954206729221715,1.168416405993581,1.1625184164273752,177504.27559247497,8.215,8.317,0.2421216732860695,0.4406666419212353,,,,385
"Milwaukee-Waukesha, WI",2014,Pre-COVID (2006-2019),20794845.0,22818147.495538786,-0.09285104270044542,-2023302.495538786,Structurally Balanced,-0.09285104270044542,-2023302.495538786,Structurally Balanced,0.16665779135621092,0.09771455257050608,1.1478544376762767,1.0797332737248853,173031.4505994634,8.15,7.903,0.2409995921545363,0.4463683215305328,8530.348674,2181.0,28818.56068,409
"Milwaukee-Waukesha, WI",2015,Pre-COVID (2006-2019),20002707.0,18278294.5900856,0.09015334648012896,1724412.4099144004,Structurally Balanced,0.09015334648012896,1724412.4099144004,Structurally Balanced,0.16690817257425317,0.09797789668988142,1.148290614589879,1.1162246673159695,177768.28617828747,8.356,7.656,0.2479533888929862,0.4504019470462423,10889.986839,2528.057,30085.711565,432
"Milwaukee-Waukesha, WI",2016,Pre-COVID (2006-2019),18423756.0,19054389.34900604,-0.033656568217875105,-630633.3490060382,Structurally Balanced,-0.033656568217875105,-630633.3490060382,Structurally Balanced,0.15469580552131915,0.09561863008415598,1.128123622083271,1.0681824860989588,168858.3426753522,9.004,7.26,0.2573478276783427,0.4552908019472201,11007.307075,2345.022,32220.40693800001,380
"Milwaukee-Waukesha, WI",2017,Pre-COVID (2006-2019),15294994.0,18172789.340441946,-0.1723997988164463,-2877795.340441946,Structurally Balanced,-0.1723997988164463,-2877795.340441946,Structurally Balanced,0.1500161172679405,0.0930388051274588,1.10255146207808,1.0309347785645868,170645.9765441984,8.407,8.282,0.2618803168084482,0.4598489293047814,11453.05944,2878.428,33317.17251,449
"Milwaukee-Waukesha, WI",2018,Pre-COVID (2006-2019),16247547.0,15849376.477164693,0.02481178296556763,398170.5228353068,Structurally Balanced,0.02481178296556763,398170.5228353068,Structurally Balanced,0.14258126856876122,0.09215755032387984,1.0748865755027568,0.9690651930703335,170212.64966163455,8.148,8.323,0.2692504945417246,0.4631108506117664,11493.22242,3021.164,33518.40995,468
"Milwaukee-Waukesha, WI",2019,Pre-COVID (2006-2019),17603094.0,16782215.53175546,0.047754955651484465,820878.4682445414,Structurally Balanced,0.047754955651484465,820878.4682445414,Structurally Balanced,0.14708334238566628,0.09380829510823634,1.0831366052585942,1.0184232588074562,176530.3877375795,8.251,7.754,0.2754473452625403,0.4616089762393663,11495.44909,3047.64,33526.69048,522
"Milwaukee-Waukesha, WI",2020,COVID (2020),17358481.0,19392810.062211245,-0.11082117662065016,-2034329.0622112453,Structurally Balanced,-0.03585609347159746,-633700.4361729398,Structurally Balanced,0.1361400278986034,0.0940097265001942,1.0425831928600886,0.9798740126970922,169429.8378945782,8.201,8.009,0.2791712504583791,0.4571690502383572,9672.90289,2726.0,28898.96299,535
"Milwaukee-Waukesha, WI",2021,COVID (2021),13834948.0,17852192.01329623,-0.25492844790293034,-4017244.0132962316,Moderate Structural Deficit,-0.22530955958019305,-3496235.861420408,Moderate Structural Deficit,0.13743338566831778,0.09390038419895566,1.0450910327210727,0.9523034039629662,178197.10773735834,9.224,8.828,0.2834803528468324,0.4513377560691113,10899.0,3029.0,32209.0,723
"Milwaukee-Waukesha, WI",2022,Recovery (2022),12475204.0,15732479.557572648,-0.23198434283317226,-3257275.557572648,Moderate Structural Deficit,-0.22304253038042887,-3117225.7586210314,Moderate Structural Deficit,0.137070665183596,0.09524842271293375,1.0492109881245388,0.9258008943100423,186323.32106641613,9.571,8.97,0.2905329517046484,0.4457084888228687,11066.0,3116.0,32535.0,922
"Milwaukee-Waukesha, WI",2023,Recovery (2023),14806356.0,14036675.40812323,0.053382971773956456,769680.5918767694,Structurally Balanced,0.0965644838893347,1362905.1185641661,Structurally Balanced,0.14129546550622624,0.09594122393610179,1.059608852448553,0.9673074559300545,202465.92223577923,9.397,8.346,0.294066789149465,0.4438200223350985,11347.68069,3285.0,33568.93579,1094
"Minneapolis-St. Paul-Bloomington, MN-WI",2006,Pre-COVID (2006-2019),28591845.0,27900255.798286032,0.024485680122928954,691589.2017139681,Structurally Balanced,0.024485680122928954,691589.2017139681,Structurally Balanced,0.14295655316789183,0.09032640941402814,1.0578968812764618,0.9182167562135951,139630.3267417247,12.876,9.985,0.3724441220474226,0.3193543999637303,20005.0,6534.0,63679.0,1583
"Minneapolis-St. Paul-Bloomington, MN-WI",2007,Pre-COVID (2006-2019),31765293.0,29866356.40047889,0.06164163578263171,1898936.5995211117,Structurally Balanced,0.06164163578263171,1898936.5995211117,Structurally Balanced,0.13461587373932132,0.09117148093064993,1.0664453677071264,0.8674127557134196,135855.48435955055,11.487,11.404,0.3657451541150301,0.3340142539379908,20214.0,7666.0,64319.0,1391
"Minneapolis-St. Paul-Bloomington, MN-WI",2008,Pre-COVID (2006-2019),37801319.0,33575569.35148603,0.11854529632915956,4225749.648513973,Structurally Balanced,0.11854529632915956,4225749.648513973,Structurally Balanced,0.14051099783618226,0.09226538828738469,1.0731653188413457,0.9087080165103215,143836.82593320822,9.914,11.529,0.3505240701233652,0.3533531212317967,20166.0,8160.0,65529.0,1304
"Minneapolis-St. Paul-Bloomington, MN-WI",2009,Pre-COVID (2006-2019),47530718.0,38432622.96873805,0.2124695413581179,9098095.03126195,Moderate Structural Surplus,0.2124695413581179,9098095.03126195,Moderate Structural Surplus,0.1419762240445889,0.09032147560534153,1.0783494980281705,0.9441037021505412,151976.13856328555,9.247,11.672,0.3320730738681493,0.3720571882446386,,,,1427
"Minneapolis-St. Paul-Bloomington, MN-WI",2010,Pre-COVID (2006-2019),49988530.0,37559356.32165606,0.2858710622548273,12429173.678343937,Moderate Structural Surplus,0.2858710622548273,12429173.678343937,Moderate Structural Surplus,0.14387797143300726,0.08984741534882235,1.078898319449816,0.920408648360705,161399.32516259307,9.377,10.491,0.3163920962365332,0.3859123629160829,19885.098,7890.0,64692.027,2102
"Minneapolis-St. Paul-Bloomington, MN-WI",2011,Pre-COVID (2006-2019),47976860.0,39149228.67189667,0.20333809095956212,8827631.328103334,Moderate Structural Surplus,0.20333809095956212,8827631.328103334,Moderate Structural Surplus,0.1568812941128067,0.09108731808070936,1.0770387135305937,0.9858155823028445,178933.36028934387,9.9,9.739,0.3070217917675544,0.3980629539951574,19844.765807,7972.0,64807.10443,2254
"Minneapolis-St. Paul-Bloomington, MN-WI",2012,Pre-COVID (2006-2019),43976987.0,36583222.780810006,0.18407673302114347,7393764.219189994,Moderate Structural Surplus,0.18407673302114347,7393764.219189994,Structurally Balanced,0.15533385208955475,0.09056986147902885,1.0623906051428,0.9923277300683787,180707.0349913181,9.749,9.073,0.2984372750683792,0.4080199619315728,20309.743694,8101.0,65620.618944,2241
"Minneapolis-St. Paul-Bloomington, MN-WI",2013,Pre-COVID (2006-2019),38098216.0,33182648.129053444,0.1381403643096064,4915567.870946556,Structurally Balanced,0.1381403643096064,4915567.870946556,Structurally Balanced,0.15519074080044917,0.09073422232283349,1.0650306632255027,1.0018536926534132,183390.59636483414,9.642,8.78,0.2911130559312594,0.4193332802927838,,,,2328
"Minneapolis-St. Paul-Bloomington, MN-WI",2014,Pre-COVID (2006-2019),36231198.0,29717152.262140233,0.19819617452623106,6514045.737859767,Moderate Structural Surplus,0.19819617452623106,6514045.737859767,Structurally Balanced,0.15694617138797048,0.09089070280305561,1.0676945635167703,1.0168141678364138,191706.54699693123,9.729,8.27,0.2900631187924005,0.4286411358234562,21164.746298,8532.0,69542.11859999999,2486
"Minneapolis-St. Paul-Bloomington, MN-WI",2015,Pre-COVID (2006-2019),31517912.0,30763452.65629861,0.024228635798998255,754459.3437013887,Structurally Balanced,0.024228635798998255,754459.3437013887,Structurally Balanced,0.15038292097883058,0.0916953374771393,1.074659683294923,1.0057094470009955,187063.33686472676,9.787,8.493,0.2924728167741533,0.4374240583232078,21164.746298,8533.49,69541.86528,2176
"Minneapolis-St. Paul-Bloomington, MN-WI",2016,Pre-COVID (2006-2019),23702643.0,24644364.627758108,-0.038961697934773554,-941721.6277581081,Structurally Balanced,-0.038961697934773554,-941721.6277581081,Structurally Balanced,0.15387274040171192,0.0974064888673432,1.1492170609297325,1.0624991791552407,178808.40977444584,9.906,8.034,0.2994584115456811,0.4431178262608856,21618.074515,8871.656,71650.292655,2132
"Minneapolis-St. Paul-Bloomington, MN-WI",2017,Pre-COVID (2006-2019),20570415.0,22009251.864314537,-0.06760902576997196,-1438836.8643145375,Structurally Balanced,-0.06760902576997196,-1438836.8643145375,Structurally Balanced,0.15351709598628221,0.09662362784221584,1.1450332149341216,1.0549940648965113,183049.33360849827,9.409,8.736,0.3033234013293605,0.4516158606463442,21990.38431,9039.353,73123.81089000001,2317
"Minneapolis-St. Paul-Bloomington, MN-WI",2018,Pre-COVID (2006-2019),20147410.0,22878393.749594253,-0.1271172166441481,-2730983.7495942526,Structurally Balanced,-0.1271172166441481,-2730983.7495942526,Structurally Balanced,0.15624419596563635,0.09741356889698112,1.1361905466365878,1.061926390818574,193096.285101821,8.623,8.977,0.3029923089861011,0.4584333572881148,21739.19133,9125.15,73269.29677,2089
"Minneapolis-St. Paul-Bloomington, MN-WI",2019,Pre-COVID (2006-2019),20731237.0,22254225.59675649,-0.07089030840137411,-1522988.5967564918,Structurally Balanced,-0.07089030840137411,-1522988.5967564918,Structurally Balanced,0.14848926046948252,0.0965112193167884,1.1143453181783252,1.028158009550216,190884.5657494099,8.601,8.376,0.3056468250936043,0.4612516237487583,21528.82081,9324.22,73511.85039,2493
"Minneapolis-St. Paul-Bloomington, MN-WI",2020,COVID (2020),24787892.0,27608100.480518647,-0.10775391718918215,-2820208.4805186465,Structurally Balanced,0.038418131215873785,934243.6346822307,Structurally Balanced,0.14593138978232986,0.10129973425753107,1.1234305673453595,1.050347783026581,187963.9277479379,9.036,9.031,0.3065265926537603,0.4617854849068722,17681.60466,8508.0,59711.50348,2590
"Minneapolis-St. Paul-Bloomington, MN-WI",2021,COVID (2021),19177387.0,28053733.11354353,-0.38038988642794536,-8876346.113543529,Moderate Structural Deficit,-0.28550806468345513,-6336933.663997501,Moderate Structural Deficit,0.14734092201860371,0.09959926893940806,1.1085183912943724,1.020954703975574,203713.67380914904,10.281,9.114,0.3128479850723809,0.4546001745568363,19651.0,6838.0,66253.0,2359
"Minneapolis-St. Paul-Bloomington, MN-WI",2022,Recovery (2022),21797121.0,25051655.709128596,-0.1391620246658043,-3254534.709128596,Structurally Balanced,-0.018688187800737666,-411178.8173514679,Structurally Balanced,0.1514081167905462,0.10081991777815161,1.1105839082864433,1.0226387224628597,220767.09619548896,10.715,9.587,0.3166014549890653,0.4494993825966645,20264.0,6919.0,68079.0,2233
"Minneapolis-St. Paul-Bloomington, MN-WI",2023,Recovery (2023),25557781.0,22699258.751908883,0.11860954055093131,2858522.2480911165,Structurally Balanced,0.2708947809815534,6064944.6886878535,Moderate Structural Surplus,0.14941405218506854,0.10010586979366073,1.105604676109524,1.0228872255845345,229521.742052953,9.626,9.341,0.3168459526922619,0.448903482705337,20843.9593,6921.0,68173.86366,2505
"Nashville-Davidson--Murfreesboro--Franklin, TN",2006,Pre-COVID (2006-2019),14895364.0,17837413.3895472,-0.18024810366729938,-2942049.389547199,Moderate Structural Deficit,-0.18024810366729938,-2942049.389547199,Structurally Balanced,0.1444257956312741,0.08051642323982712,0.9430029776398946,0.9276537705995936,139543.25557765912,13.297,9.923,0.3678468360667277,0.3286056169493911,11880.0,4823.0,32626.0,110
"Nashville-Davidson--Murfreesboro--Franklin, TN",2007,Pre-COVID (2006-2019),21243918.0,17663644.980418712,0.18456207122833845,3580273.019581288,Moderate Structural Surplus,0.18456207122833845,3580273.019581288,Structurally Balanced,0.12752493838297896,0.07878296938215802,0.9215352420975076,0.8217215039525657,128066.00966821433,12.798,10.099,0.373538036915646,0.3375884077971364,12172.0,4996.0,33280.0,93
"Nashville-Davidson--Murfreesboro--Franklin, TN",2008,Pre-COVID (2006-2019),24437134.0,21034549.01832396,0.1499375834239416,3402584.9816760384,Structurally Balanced,0.1499375834239416,3402584.9816760384,Structurally Balanced,0.1277232383764197,0.07705635608314358,0.8962646825605535,0.8260074470656452,139135.8876981964,11.325,10.145,0.3713019276363261,0.3495172319004913,12571.0,5253.0,33879.0,91
"Nashville-Davidson--Murfreesboro--Franklin, TN",2009,Pre-COVID (2006-2019),31244498.0,25400706.242488723,0.20706631822099197,5843791.757511277,Moderate Structural Surplus,0.20706631822099197,5843791.757511277,Moderate Structural Surplus,0.1109738208802988,0.07154523394629515,0.8541796576641931,0.7379460599119535,135107.37775429615,9.968,11.785,0.3541937981767625,0.366477772693675,,,,101
"Nashville-Davidson--Murfreesboro--Franklin, TN",2010,Pre-COVID (2006-2019),34465216.0,26338789.276127905,0.2689078535060361,8126426.723872095,Moderate Structural Surplus,0.2689078535060361,8126426.723872095,Moderate Structural Surplus,0.10799822898737578,0.06894040563873129,0.8278444905403807,0.6908806329251342,140809.44146484908,9.404,10.754,0.3388105018753349,0.3786747633505983,12646.884,5976.0,34390.773,122
"Nashville-Davidson--Murfreesboro--Franklin, TN",2011,Pre-COVID (2006-2019),30887955.0,32401652.557543643,-0.04784312427561943,-1513697.5575436428,Structurally Balanced,-0.04784312427561943,-1513697.5575436428,Structurally Balanced,0.113031938237776,0.07106857838254868,0.8403322421433652,0.7102736284962609,148190.63712291012,9.868,10.423,0.3306304043629579,0.3856696925119299,12877.17853,6001.0,34677.71775,155
"Nashville-Davidson--Murfreesboro--Franklin, TN",2012,Pre-COVID (2006-2019),28553259.0,28092275.057099506,0.016276450655016816,460983.94290049374,Structurally Balanced,0.016276450655016816,460983.94290049374,Structurally Balanced,0.11780256952878004,0.0764269079432731,0.8964928029380665,0.7525645881061452,148271.81273789753,10.056,9.383,0.3220284468586948,0.3906797226788649,13270.78878,6108.0,35458.56881,184
"Nashville-Davidson--Murfreesboro--Franklin, TN",2013,Pre-COVID (2006-2019),27847358.0,27501678.327123053,0.012491063635732047,345679.6728769466,Structurally Balanced,0.012491063635732047,345679.6728769466,Structurally Balanced,0.12538646016421212,0.07991301446240237,0.93801223633592,0.8094483438659661,153836.40274098734,10.67,9.098,0.319341332113578,0.3949896203511488,,,,210
"Nashville-Davidson--Murfreesboro--Franklin, TN",2014,Pre-COVID (2006-2019),22169461.0,23057169.438245635,-0.03926104841664113,-887708.4382456355,Structurally Balanced,-0.03926104841664113,-887708.4382456355,Structurally Balanced,0.1258822215866996,0.08116272882163636,0.9534198950008971,0.8155587693290476,155278.0345214173,10.57,9.065,0.3173267498869919,0.3990750721513265,13648.51392,6355.0,36650.04838,289
"Nashville-Davidson--Murfreesboro--Franklin, TN",2015,Pre-COVID (2006-2019),18560281.0,22677644.057242267,-0.20035572858761697,-4117363.057242267,Moderate Structural Deficit,-0.20035572858761697,-4117363.057242267,Structurally Balanced,0.13019654462618135,0.08705291540966877,1.020250986342441,0.8707098787891593,157676.59147042697,10.983,8.409,0.3246495726495726,0.4056068376068376,15855.39699,8124.832,45257.14685,240
"Nashville-Davidson--Murfreesboro--Franklin, TN",2016,Pre-COVID (2006-2019),17332275.0,18249595.11897207,-0.051572524163685074,-917320.1189720705,Structurally Balanced,-0.051572524163685074,-917320.1189720705,Structurally Balanced,0.13267373396892362,0.08798420017824407,1.0380514184717147,0.9161189504354457,162055.96257453723,10.716,7.929,0.3304849033209343,0.4095037029590161,16883.4516,8169.312,46387.45744000001,288
"Nashville-Davidson--Murfreesboro--Franklin, TN",2017,Pre-COVID (2006-2019),12496045.0,15438830.36059117,-0.21147359363622442,-2942785.3605911694,Moderate Structural Deficit,-0.21147359363622442,-2942785.3605911694,Moderate Structural Deficit,0.13793501945677022,0.0895426393919272,1.061120334086949,0.9479115399712918,171843.54944544035,10.504,8.514,0.3397130757361872,0.4113456550999639,17802.73495,8660.272,48841.48278999999,338
"Nashville-Davidson--Murfreesboro--Franklin, TN",2018,Pre-COVID (2006-2019),16486886.0,13023231.444394872,0.23583048021649233,3463654.5556051284,Moderate Structural Surplus,0.23583048021649233,3463654.5556051284,Moderate Structural Surplus,0.12699513847886187,0.08820650439328952,1.0288032517266703,0.8631327917359773,163683.4042700402,9.802,8.606,0.3467926597219982,0.4121327442190473,17997.46364,8914.738,49755.82408999999,338
"Nashville-Davidson--Murfreesboro--Franklin, TN",2019,Pre-COVID (2006-2019),15624448.0,14709078.22207369,0.0603719977017505,915369.7779263109,Structurally Balanced,0.0603719977017505,915369.7779263109,Structurally Balanced,0.12221242172205617,0.08777876544451149,1.0135179826864895,0.8462139272751322,162582.30819844716,10.546,8.256,0.3491309716022414,0.4143476746762908,18605.79527,9196.211,51137.38969,430
"Nashville-Davidson--Murfreesboro--Franklin, TN",2020,COVID (2020),17657424.0,13710837.28229587,0.2529697555434076,3946586.7177041303,Moderate Structural Surplus,0.33134756769029394,4980177.778262876,Moderate Structural Surplus,0.12096358585040366,0.08779574607914913,0.973669136954077,0.8706408841471978,167969.5535965901,10.256,8.947,0.3525238318487264,0.4112205032036256,16090.68068,8851.0,46006.67401,391
"Nashville-Davidson--Murfreesboro--Franklin, TN",2021,COVID (2021),14862982.0,13792738.415240306,0.07473144022877065,1070243.5847596936,Structurally Balanced,0.11867586843277422,1663232.87576125,Structurally Balanced,0.11264111836713947,0.08707950142275907,0.9691760778946796,0.7805128275461723,169661.95881130098,11.804,9.364,0.3616438356164383,0.403896499238965,17264.0,9762.0,48419.0,408
"Nashville-Davidson--Murfreesboro--Franklin, TN",2022,Recovery (2022),14255846.0,13533398.422529774,0.052006480726422666,722447.5774702262,Structurally Balanced,0.0876151862482466,1195875.2791232262,Structurally Balanced,0.11320772483704264,0.08720956101710532,0.9606587393519054,0.7646261346770074,183293.66840953968,12.391,9.38,0.3752318699761505,0.3929570414863234,17733.0,10410.0,51005.0,360
"Nashville-Davidson--Murfreesboro--Franklin, TN",2023,Recovery (2023),19216223.0,13396458.138472531,0.3607645161886026,5819764.861527469,Moderate Structural Surplus,0.45605067532858,7037332.15076202,Moderate Structural Surplus,0.11670258489569005,0.08747159810115146,0.9660673054111975,0.7989448217001467,197113.55540691887,12.259,9.031,0.3777771423669688,0.3897864066565636,18707.43684,10512.0,51519.88443,346
"New Haven, CT",2006,Pre-COVID (2006-2019),11462327.0,10566392.267881263,0.08138732123649106,895934.732118737,Structurally Balanced,0.08138732123649106,895934.732118737,Structurally Balanced,0.21243908719069723,0.08514775329011819,0.9972448062274479,1.3645063847064756,221213.49730663685,10.048,9.578,0.2757583569648534,0.3651284695368222,5662.0,971.0,13800.0,275
"New Haven, CT",2007,Pre-COVID (2006-2019),12003841.0,9246839.402939716,0.2609448749379588,2757001.5970602836,Moderate Structural Surplus,0.2609448749379588,2757001.5970602836,Moderate Structural Surplus,0.20748636483278635,0.08561834075947872,1.0014895223997697,1.3369620869607448,238022.12696337703,9.773,9.52,0.2802553264901233,0.3769516087294057,5713.0,938.0,13796.0,287
"New Haven, CT",2008,Pre-COVID (2006-2019),11907635.0,12643223.080290379,-0.05994155572244253,-735588.080290379,Structurally Balanced,-0.05994155572244253,-735588.080290379,Structurally Balanced,0.1946464676168593,0.08357933954089475,0.972135382854257,1.258811112529941,242377.99452993707,8.268,9.087,0.2731558271497162,0.39013531209079,5678.0,927.0,13659.0,256
"New Haven, CT",2009,Pre-COVID (2006-2019),13739472.0,12675488.6910122,0.08060275387030913,1063983.3089878,Structurally Balanced,0.08060275387030913,1063983.3089878,Structurally Balanced,0.14000538507193142,0.08200204493342157,0.9790236862118885,0.9309981530844939,178074.25414171742,7.291,10.12,0.2630825655246444,0.4052240808659093,,,,262
"New Haven, CT",2010,Pre-COVID (2006-2019),13840337.0,12639560.003269628,0.0907557213591339,1200776.9967303723,Structurally Balanced,0.0907557213591339,1200776.9967303723,Structurally Balanced,0.1367045117227689,0.08017420374971765,0.9627412580870786,0.8745189663599774,179993.1028886725,7.554,9.404,0.2530153508771929,0.4159356725146199,5713.33,870.0,13541.523,318
"New Haven, CT",2011,Pre-COVID (2006-2019),15202738.0,16738996.315737667,-0.09626556281052245,-1536258.3157376666,Structurally Balanced,-0.09626556281052245,-1536258.3157376666,Structurally Balanced,0.1324976114504931,0.07931469580687898,0.9378363501735679,0.8325926346061491,176114.0069560504,7.412,8.884,0.2388363905873633,0.4257921067259588,5649.089,871.0,13497.4215,386
"New Haven, CT",2012,Pre-COVID (2006-2019),14356225.0,15777313.12884788,-0.09438938419940257,-1421088.1288478803,Structurally Balanced,-0.09438938419940257,-1421088.1288478803,Structurally Balanced,0.13042456420896623,0.07698341920115818,0.9030207176591265,0.8331983660073279,176361.01714417213,8.566,8.218,0.2380292105749676,0.4297467184322425,5804.603,841.0,13678.362,229
"New Haven, CT",2013,Pre-COVID (2006-2019),12955053.0,13103567.345031617,-0.011398604460119088,-148514.3450316172,Structurally Balanced,-0.011398604460119088,-148514.3450316172,Structurally Balanced,0.13519763260550766,0.07559117450287399,0.8872828427221868,0.8727856234541237,188804.29645144253,8.154,7.933,0.237136258660508,0.4351963048498845,,,,202
"New Haven, CT",2014,Pre-COVID (2006-2019),11215304.0,11764663.636422265,-0.04782115742274584,-549359.6364222653,Structurally Balanced,-0.04782115742274584,-549359.6364222653,Structurally Balanced,0.1381054315353673,0.0746671462057167,0.8771161804073477,0.8947498253601026,198719.00019527436,8.065,7.82,0.2372818760963899,0.4420644446496168,5550.351,839.0,13581.8365,212
"New Haven, CT",2015,Pre-COVID (2006-2019),10438199.0,10940322.046083473,-0.04698317605087965,-502123.04608347267,Structurally Balanced,-0.04698317605087965,-502123.04608347267,Structurally Balanced,0.13066300292815686,0.07373567316963492,0.8641743119793135,0.8738293920814623,196657.45326654785,8.148,8.124,0.2385236019660576,0.4478345543911713,5641.07,783.845,13856.468,226
"New Haven, CT",2016,Pre-COVID (2006-2019),8517935.0,9347846.333113378,-0.0929720374914762,-829911.3331133779,Structurally Balanced,-0.0929720374914762,-829911.3331133779,Structurally Balanced,0.12083516184385866,0.0715846332395426,0.8445667509001121,0.8343730015921788,190553.79731660767,8.79,7.346,0.2457884562275614,0.4565037282518641,5583.119,763.709,13870.6472,280
"New Haven, CT",2017,Pre-COVID (2006-2019),7295842.0,6705968.675078904,0.08430661998087352,589873.3249210957,Structurally Balanced,0.08430661998087352,589873.3249210957,Structurally Balanced,0.12303181409764237,0.06963722375804476,0.8252322540504209,0.8454943264303406,203517.79962412876,7.554,8.449,0.245393634840871,0.4632421366089708,5695.63,765.108,14001.9542,311
"New Haven, CT",2018,Pre-COVID (2006-2019),6515432.0,6212244.259508698,0.047651291793309625,303187.74049130175,Structurally Balanced,0.047651291793309625,303187.74049130175,Structurally Balanced,0.12419186458166907,0.06900107480221152,0.8047992675532328,0.8440801126030091,217315.1235802963,7.587,8.807,0.2400489319657476,0.4742636680154324,5707.509,759.528,14027.2105,305
"New Haven, CT",2019,Pre-COVID (2006-2019),7327856.0,6690641.75537856,0.09097317942402405,637214.2446214398,Structurally Balanced,0.09097317942402405,637214.2446214398,Structurally Balanced,0.1243920478151281,0.06960775526057751,0.8037104570083308,0.8613059279917572,223573.23330861982,8.346,7.565,0.2449324324324324,0.4742867867867867,5649.059,748.904,14084.398,323
"New Haven, CT",2020,COVID (2020),6206030.0,4809361.9597504055,0.2549569734275732,1396668.0402495945,Moderate Structural Surplus,0.12434825325878052,725657.0961788166,Structurally Balanced,0.11880398127624384,0.07059958555410188,0.7829609133204157,0.8550970324778189,223104.33282029754,7.91,8.612,0.2480760095011876,0.4767695961995249,5103.436,733.0,13488.58116,324
"New Haven, CT",2021,COVID (2021),5154193.0,4207907.256974101,0.2028451226723842,946285.7430258989,Moderate Structural Surplus,0.035119179098149544,177869.43186051864,Structurally Balanced,0.12037055484441893,0.0704030292192735,0.7835705374492036,0.834071638109082,232841.22198773993,9.102,10.0,0.2570223372639248,0.4695618828491995,5240.0,655.0,12740.0,328
"New Haven, CT",2022,Recovery (2022),4716545.0,4458464.838288884,0.05627203991785734,258080.16171111632,Structurally Balanced,-0.12918878839237458,-650434.7945341757,Structurally Balanced,0.12338298112163842,0.07114093216670928,0.7836544229156902,0.8333517176126042,250476.17658073019,9.686,8.511,0.2599040180671873,0.4685235720334996,5346.0,611.0,13016.0,283
"New Haven, CT",2023,Recovery (2023),4831885.0,4109912.3976300657,0.16183494684467448,721972.6023699343,Structurally Balanced,-0.01879710256156386,-91684.43925047573,Structurally Balanced,0.12122165547660255,0.0701242239637198,0.7744767622782271,0.8298823372894081,262324.67374070006,8.661,7.929,0.260321640176808,0.4735258158562964,5919.055,611.0,13656.8794,297
"New Orleans-Metairie, LA",2007,Pre-COVID (2006-2019),4067564.0,5303602.9289323175,-0.2653420930439889,-1236038.9289323175,Moderate Structural Deficit,-0.2653420930439889,-1236038.9289323175,Moderate Structural Deficit,0.39503711219279286,0.09336660751178401,1.092122065618416,2.5454667460671887,501727.6707012086,16.716,10.162,0.3034939483900434,0.3664078556748116,4951.0,946.0,15394.0,35
"New Orleans-Metairie, LA",2008,Pre-COVID (2006-2019),5751628.0,5625956.187434844,0.02209202264886656,125671.81256515626,Structurally Balanced,0.02209202264886656,125671.81256515626,Structurally Balanced,0.3667478684098779,0.09276232219474013,1.0789453003168379,2.3718195244095743,463125.1372512112,10.313,9.589,0.3030869442084395,0.3771169640328519,3982.0,952.0,13864.0,22
"New Orleans-Metairie, LA",2009,Pre-COVID (2006-2019),7239563.0,7151836.155686039,0.012191716731704716,87726.84431396145,Structurally Balanced,0.012191716731704716,87726.84431396145,Structurally Balanced,0.33356933345712153,0.09041501214448674,1.0794662322196629,2.2181463464041142,427240.0460697073,9.748,9.73,0.2942736248236953,0.394132581100141,,,,28
"New Orleans-Metairie, LA",2010,Pre-COVID (2006-2019),8016869.0,7956909.323942845,0.007507298079284297,59959.676057155244,Structurally Balanced,0.007507298079284297,59959.676057155244,Structurally Balanced,0.37173403060655946,0.086726482819467,1.0414217949670017,2.378037535923778,546410.514397655,9.072,9.489,0.2854389842997222,0.4041829620812787,4349.015,1138.0,14343.36,50
"New Orleans-Metairie, LA",2011,Pre-COVID (2006-2019),6931879.0,6166927.015464602,0.11693025517217848,764951.984535398,Structurally Balanced,0.11693025517217848,764951.984535398,Structurally Balanced,0.35372652154878725,0.08200903073071407,0.9696948248913834,2.2227577786669417,541614.005233254,9.252,8.738,0.2817084914745369,0.4125644366396646,3652.345,1162.0,14751.294217,41
"New Orleans-Metairie, LA",2012,Pre-COVID (2006-2019),7375592.0,7138248.858894104,0.032708681777867454,237343.14110589586,Structurally Balanced,0.032708681777867454,237343.14110589586,Structurally Balanced,0.33788977745658455,0.07918701417903432,0.9288690358944097,2.158559717449696,523845.68404442427,9.076,8.735,0.2840787321640065,0.4190964976594665,3451.808,1101.0,15113.69244,52
"New Orleans-Metairie, LA",2013,Pre-COVID (2006-2019),6450955.0,6902165.090426885,-0.06760696174238312,-451210.0904268846,Structurally Balanced,-0.06760696174238312,-451210.0904268846,Structurally Balanced,0.3018941334590858,0.07723013031701237,0.9065207680941424,1.9489162229420327,459779.4321034938,8.811,8.471,0.2746375997303067,0.4310034835374761,,,,49
"New Orleans-Metairie, LA",2014,Pre-COVID (2006-2019),5524024.0,5185190.002893148,0.06330009448144125,338833.997106852,Structurally Balanced,0.06330009448144125,338833.997106852,Structurally Balanced,0.31344159321718734,0.07649460107814364,0.8985833225042718,2.030708044381658,496533.23270839953,8.937,8.411,0.2698208286674132,0.4368421052631579,5595.967,1102.0,16244.336868,63
"New Orleans-Metairie, LA",2015,Pre-COVID (2006-2019),5672392.0,5001070.214354512,0.12595896586518762,671321.7856454877,Structurally Balanced,0.12595896586518762,671321.7856454877,Structurally Balanced,0.2752667134043084,0.07398039633794225,0.8670424416987079,1.840889459479239,439770.7896312035,9.511,8.227,0.2703363914373088,0.4418682235195996,6473.7866,1098.38,17758.875377,58
"New Orleans-Metairie, LA",2016,Pre-COVID (2006-2019),3544042.0,4291643.0176520515,-0.19140176372808781,-747601.0176520515,Moderate Structural Deficit,-0.19140176372808781,-747601.0176520515,Structurally Balanced,0.22202475139631736,0.0720628439299581,0.850208755765855,1.5330923170333621,346685.4073450829,9.681,7.687,0.2752293577981651,0.4419051804647586,6703.3203,1098.399,18040.813657,69
"New Orleans-Metairie, LA",2017,Pre-COVID (2006-2019),4219111.0,3665107.144177675,0.14076687300909896,554003.8558223252,Structurally Balanced,0.14076687300909896,554003.8558223252,Structurally Balanced,0.2638971032788914,0.07080839923060482,0.8391112073307438,1.8135431491453557,460932.41412426473,8.144,8.365,0.2767513471901462,0.4462223688551633,6829.67854,1098.399,18443.70384,88
"New Orleans-Metairie, LA",2018,Pre-COVID (2006-2019),3118398.0,3756189.7078454373,-0.18608565960018986,-637791.7078454373,Moderate Structural Deficit,-0.18608565960018986,-637791.7078454373,Structurally Balanced,0.285203899440257,0.06973963720821942,0.8134135461728241,1.9384115083966802,533249.8228053172,8.155,8.336,0.2754833040421792,0.4565026362038664,6938.94684,1098.399,18582.3148,73
"New Orleans-Metairie, LA",2019,Pre-COVID (2006-2019),4395566.0,4024780.2509717005,0.08812599220474837,370785.74902829947,Structurally Balanced,0.08812599220474837,370785.74902829947,Structurally Balanced,0.2693954538810086,0.07138923451978162,0.8242799108602163,1.8653274504057478,491151.16514008626,8.346,7.753,0.2773822562979189,0.4602957283680175,5187.62709,463.614,14655.52542,73
"New Orleans-Metairie, LA",2020,COVID (2020),5289683.0,2980651.4495768063,0.5736164358222666,2309031.5504231937,Significant Structural Surplus,0.4110765592076433,1782960.7808412504,Moderate Structural Surplus,0.1969305511579794,0.07740141951368093,0.8583943608038254,1.4174165553244962,319255.3524324541,8.179,8.559,0.2764420425719642,0.4642660196316311,4241.7131,911.0,15707.43434,65
"New Orleans-Metairie, LA",2021,COVID (2021),3652591.0,2739504.1279355804,0.2876598499585228,913086.8720644196,Moderate Structural Surplus,0.05110540732666813,181977.52789044473,Structurally Balanced,0.24178795808399184,0.07592971710606351,0.8450813821641144,1.6753970980263837,444360.0223562963,10.125,9.424,0.2864426292418179,0.4602817827969958,5095.0,1357.0,18467.0,68
"New Orleans-Metairie, LA",2022,Recovery (2022),2599273.0,3733251.633249787,-0.3620478148993822,-1133978.6332497871,Moderate Structural Deficit,-0.6665975583140611,-2463069.6418449422,Significant Structural Deficit,0.26477327955376406,0.07433827184834445,0.8188747849037182,1.788328222322024,553347.1741374688,9.69,9.501,0.2841527082880139,0.4586686969762888,6776.0,1415.0,20532.0,73
"New Orleans-Metairie, LA",2023,Recovery (2023),2800826.0,4154245.264915025,-0.3942163931042728,-1353419.2649150249,Moderate Structural Deficit,-0.6838396513729279,-2748930.345318076,Significant Structural Deficit,0.25089193213820715,0.07303966424272085,0.8066759171532166,1.7176038574237957,555918.7583000372,9.369,8.143,0.2881346815834767,0.4579388984509466,6541.59731,1473.0,19539.42443,58
"New York-Newark-Jersey City, NY-NJ",2006,Pre-COVID (2006-2019),38943111.0,40729088.44165622,-0.04484065200106002,-1785977.441656217,Structurally Balanced,-0.04484065200106002,-1785977.441656217,Structurally Balanced,0.09255204151564395,0.06439199664865297,0.7541547690834589,0.5944661749198343,167599.7980150896,12.719,11.031,0.3807486734998943,0.3180805063426514,57297.0,47470.0,310913.0,8389
"New York-Newark-Jersey City, NY-NJ",2007,Pre-COVID (2006-2019),38162066.0,47090345.646238044,-0.21022601877249514,-8928279.646238044,Moderate Structural Deficit,-0.21022601877249514,-8928279.646238044,Moderate Structural Deficit,0.09311574723341533,0.06517367291581849,0.7623454271890432,0.6000019512146,173842.46027580122,11.853,11.443,0.3832206917631761,0.3290920911547661,58456.0,47920.0,305738.0,7546
"New York-Newark-Jersey City, NY-NJ",2008,Pre-COVID (2006-2019),46131550.0,56037714.47024114,-0.19452783903813753,-9906164.470241137,Moderate Structural Deficit,-0.19452783903813753,-9906164.470241137,Structurally Balanced,0.09503012662521333,0.06453744014034198,0.7506535637143585,0.6145756503345076,183374.21973196504,10.959,11.129,0.3810285001364575,0.3428983586104721,56728.0,46155.0,299125.0,8549
"New York-Newark-Jersey City, NY-NJ",2009,Pre-COVID (2006-2019),56063763.0,61864618.76595534,-0.09845876129936926,-5800855.765955336,Structurally Balanced,-0.09845876129936926,-5800855.765955336,Structurally Balanced,0.0913114192743627,0.06309768642481232,0.7533242567940439,0.6071963778841724,184939.0731073382,10.399,12.046,0.3735371263402709,0.3565907025013436,,,,9467
"New York-Newark-Jersey City, NY-NJ",2010,Pre-COVID (2006-2019),59501284.0,59798428.181633875,-0.004981483872402492,-297144.1816338748,Structurally Balanced,-0.004981483872402492,-297144.1816338748,Structurally Balanced,0.08899630104679672,0.06211374829375851,0.7458691870955787,0.5693224914122801,192496.8777016315,10.889,11.31,0.3663429568259869,0.3650756178898558,55739.729,45536.649,293385.384,12068
"New York-Newark-Jersey City, NY-NJ",2011,Pre-COVID (2006-2019),58780395.0,58318379.91905139,0.007891072792205023,462015.0809486136,Structurally Balanced,0.007891072792205023,462015.0809486136,Structurally Balanced,0.08719903519143027,0.06277184269719933,0.7422296114222123,0.5479440244269932,189624.75761486642,11.347,10.728,0.3624558428363422,0.3689449991471394,55176.95999,50346.0,286101.02799,11761
"New York-Newark-Jersey City, NY-NJ",2012,Pre-COVID (2006-2019),60928732.0,55595782.694381244,0.09159750571816616,5332949.3056187555,Structurally Balanced,0.09159750571816616,5332949.3056187555,Structurally Balanced,0.0840870234161191,0.062386434787932404,0.7317971025317288,0.5371777236723471,189255.20761486836,11.588,10.13,0.3609829422595608,0.3711305100782472,55804.24027,47474.0,290116.134016,12711
"New York-Newark-Jersey City, NY-NJ",2013,Pre-COVID (2006-2019),55001489.0,55916093.44896005,-0.016491978252489048,-914604.4489600509,Structurally Balanced,-0.016491978252489048,-914604.4489600509,Structurally Balanced,0.08305342860015955,0.06246573646357128,0.7332175559730882,0.5361620397030518,189258.94338197028,11.133,10.241,0.3595000228750852,0.3749804357824122,,,,13377
"New York-Newark-Jersey City, NY-NJ",2014,Pre-COVID (2006-2019),50002006.0,45423017.0591494,0.09604416436716079,4578988.940850601,Structurally Balanced,0.09604416436716079,4578988.940850601,Structurally Balanced,0.08471661117435571,0.06286961184145559,0.7385303524275867,0.5488572912061238,198355.4346914804,11.085,10.197,0.3584271462621056,0.3800170692115889,57006.82682,47755.0,295464.664147,14497
"New York-Newark-Jersey City, NY-NJ",2015,Pre-COVID (2006-2019),46131254.0,45029705.83760594,0.024168279540230486,1101548.1623940617,Structurally Balanced,0.024168279540230486,1101548.1623940617,Structurally Balanced,0.08668161495714645,0.06305805096806932,0.7390337060424181,0.5796969394947238,207986.18176458843,10.813,10.41,0.359214624625555,0.386389146396391,56845.23349,49180.306,291897.362463,13838
"New York-Newark-Jersey City, NY-NJ",2016,Pre-COVID (2006-2019),39502761.0,42200348.11905344,-0.06605790207616025,-2697587.1190534383,Structurally Balanced,-0.06605790207616025,-2697587.1190534383,Structurally Balanced,0.08491865433142505,0.06300844987795781,0.7433835920428251,0.5863676716652726,206755.5077291875,11.177,9.84,0.3621998023253894,0.3917755095782548,57752.37538,45218.306,290201.83004,14644
"New York-Newark-Jersey City, NY-NJ",2017,Pre-COVID (2006-2019),40464198.0,39001121.70779066,0.03682717569981264,1463076.2922093421,Structurally Balanced,0.03682717569981264,1463076.2922093421,Structurally Balanced,0.08228515066212944,0.062371963082548484,0.7391356648995495,0.5654767309135321,209098.4373713096,10.686,10.26,0.3617348739792436,0.3985715294283764,59624.2307,44836.306,292816.89937,16389
"New York-Newark-Jersey City, NY-NJ",2018,Pre-COVID (2006-2019),36863732.0,39185840.3746361,-0.061087271528116105,-2322108.3746360987,Structurally Balanced,-0.061087271528116105,-2322108.3746360987,Structurally Balanced,0.0852625721882268,0.06265130960257785,0.7307382997139841,0.5794940093369315,225289.80060989075,10.151,10.156,0.3577940478484189,0.404791890863123,59788.32586,45144.306,293690.48695,16043
"New York-Newark-Jersey City, NY-NJ",2019,Pre-COVID (2006-2019),36648713.0,35893777.26475683,0.020814366527879713,754935.7352431715,Structurally Balanced,0.020814366527879713,754935.7352431715,Structurally Balanced,0.08507257130075092,0.06267264138883237,0.7236357078887905,0.589053008273789,232431.78705605166,10.407,9.723,0.3552173668996098,0.409996445043174,60539.97877,45163.306,294800.38095,17252
"New York-Newark-Jersey City, NY-NJ",2020,COVID (2020),38375418.0,45010108.909253605,-0.15947000861366334,-6634690.909253605,Structurally Balanced,0.07405569101411658,2739238.234326586,Structurally Balanced,0.08761601549946967,0.06755509495056787,0.7491970161979358,0.6306202371865144,243118.21707282355,10.086,11.383,0.3503969594192833,0.4150544897561161,50555.19952,37854.0,245919.2563,17099
"New York-Newark-Jersey City, NY-NJ",2021,COVID (2021),34405806.0,52987144.80306407,-0.43182400403878063,-18581338.80306407,Moderate Structural Deficit,-0.22012199143237154,-8471698.622872509,Moderate Structural Deficit,0.08899787827679077,0.06723533483978684,0.748314781909502,0.6166840903782486,259518.9092811745,10.927,13.744,0.3455169356399146,0.4191892348652031,54574.0,41722.0,261554.0,15606
"New York-Newark-Jersey City, NY-NJ",2022,Recovery (2022),34647246.0,45196833.815110445,-0.26580879408873415,-10549587.815110445,Moderate Structural Deficit,-0.05270913823121859,-1875212.772124119,Structurally Balanced,0.09017711232696282,0.06778728115829208,0.7467122102454486,0.6090730728327315,267275.8606542431,13.191,10.216,0.3455218562860123,0.4190328776302812,57486.0,44356.0,278774.0,11320
"New York-Newark-Jersey City, NY-NJ",2023,Recovery (2023),43264912.0,40985223.3305423,0.05413036490986656,2279688.6694576964,Structurally Balanced,0.3116249283883512,11583915.181183439,Moderate Structural Surplus,0.09145000590988107,0.06706607012817944,0.7407014283462123,0.6260658984670494,283691.03632350673,11.134,10.11,0.3436757355466915,0.4231365098949169,57892.54638,47251.0,288778.00058,10554
"North Port-Bradenton-Sarasota, FL",2006,Pre-COVID (2006-2019),3584052.0,3080877.641483909,0.15127949900690574,503174.358516091,Structurally Balanced,0.15127949900690574,503174.358516091,Structurally Balanced,0.06978299886106201,0.04939797756903393,0.5785458178915467,0.44821952847316465,91902.99941087575,16.484,11.731,0.4851244687310261,0.2675166970248937,486.0,2125.0,4962.0,42
"North Port-Bradenton-Sarasota, FL",2007,Pre-COVID (2006-2019),3258271.0,3478494.950413236,-0.06540302813856336,-220223.95041323593,Structurally Balanced,-0.06540302813856336,-220223.95041323593,Structurally Balanced,0.07578860413985013,0.05065736776285722,0.5925462067686331,0.488352525913281,102270.79457029776,14.278,13.646,0.4730738874385283,0.2786716046384555,458.0,2126.0,4826.0,51
"North Port-Bradenton-Sarasota, FL",2008,Pre-COVID (2006-2019),4866374.0,4415988.325184245,0.09711743603384626,450385.67481575534,Structurally Balanced,0.09711743603384626,450385.67481575534,Structurally Balanced,0.07451014905956571,0.051510599533225836,0.599134626731327,0.4818695390715617,102722.82261051072,11.952,15.091,0.4477668195238394,0.2978830328538224,431.0,2014.0,4555.0,37
"North Port-Bradenton-Sarasota, FL",2009,Pre-COVID (2006-2019),6465836.0,6133284.182043597,0.05280195342457361,332551.8179564029,Structurally Balanced,0.05280195342457361,332551.8179564029,Structurally Balanced,0.07185688600883511,0.047199306973303594,0.5635132579579937,0.4778289644091731,112320.04954958487,11.303,15.993,0.4216827840273666,0.3110321689362542,,,,49
"North Port-Bradenton-Sarasota, FL",2010,Pre-COVID (2006-2019),7203199.0,5692065.260863582,0.23545208737514578,1511133.7391364183,Moderate Structural Surplus,0.23545208737514578,1511133.7391364183,Moderate Structural Surplus,0.07443744602431603,0.04865926499301038,0.5843061708876446,0.47618734404081264,116055.36825110404,13.042,13.678,0.3998282014008193,0.3185542487115105,434.374,1969.0,4545.483,49
"North Port-Bradenton-Sarasota, FL",2011,Pre-COVID (2006-2019),7031791.0,6946118.402909166,0.012258438289846296,85672.59709083382,Structurally Balanced,0.012258438289846296,85672.59709083382,Structurally Balanced,0.07345462186544299,0.04956100191208396,0.586021400842879,0.46157645012188653,113931.29240136612,13.478,12.088,0.3872020894547829,0.328305582761998,426.569335,1970.0,4589.255315,77
"North Port-Bradenton-Sarasota, FL",2012,Pre-COVID (2006-2019),5625095.0,5874219.436381179,-0.043335352473977906,-249124.4363811789,Structurally Balanced,-0.043335352473977906,-249124.4363811789,Structurally Balanced,0.07735404972493054,0.05108346965104033,0.599212556463154,0.4941651001539702,113819.19882149603,13.335,10.59,0.3810824545801042,0.3315970016516326,437.646438,1971.0,4492.681493,105
"North Port-Bradenton-Sarasota, FL",2013,Pre-COVID (2006-2019),4953289.0,4364731.526779603,0.12649511887198095,588557.4732203968,Structurally Balanced,0.12649511887198095,588557.4732203968,Structurally Balanced,0.07871807432626159,0.051010868505878236,0.5987612802060971,0.5081746052345847,118994.55137277102,11.905,10.528,0.3758754377188594,0.341295647823912,,,,89
"North Port-Bradenton-Sarasota, FL",2014,Pre-COVID (2006-2019),3875245.0,3849456.4071444655,0.0066769412315537124,25788.592855534516,Structurally Balanced,0.0066769412315537124,25788.592855534516,Structurally Balanced,0.08097770021852903,0.05018855412334866,0.5895657612459904,0.524633841863321,125420.3321874634,12.168,9.9,0.3671219452440742,0.3559135174863723,771.767804,1959.0,5110.855269,81
"North Port-Bradenton-Sarasota, FL",2015,Pre-COVID (2006-2019),3619350.0,2948088.895763502,0.2051373232307938,671261.104236498,Moderate Structural Surplus,0.2051373232307938,671261.104236498,Moderate Structural Surplus,0.08361920138355981,0.051100419314743406,0.5988915243450736,0.5592165668464647,131462.47598774725,13.059,10.143,0.3730730313671805,0.3690256532349265,817.889472,1957.662,5355.658572,70
"North Port-Bradenton-Sarasota, FL",2016,Pre-COVID (2006-2019),2261015.0,2252546.816963176,0.003752332776743472,8468.183036824223,Structurally Balanced,0.003752332776743472,8468.183036824223,Structurally Balanced,0.08085685821758926,0.05074637407869652,0.5987136950494522,0.5583207607856736,131887.27070736737,12.351,9.264,0.3762835760283112,0.3779079886291118,891.241765,1956.545,5504.823899999999,89
"North Port-Bradenton-Sarasota, FL",2017,Pre-COVID (2006-2019),1782181.0,1879007.6933284295,-0.05290591963793467,-96826.69332842948,Structurally Balanced,-0.05290591963793467,-96826.69332842948,Structurally Balanced,0.07591755367545097,0.0518496030380513,0.6144409911483237,0.5217175848364141,124813.8424529569,11.837,10.009,0.379801664196968,0.3858999202097344,884.40071,1958.731,5560.22592,108
"North Port-Bradenton-Sarasota, FL",2018,Pre-COVID (2006-2019),2048256.0,1932433.0947636503,0.05820881956490709,115822.90523634967,Structurally Balanced,0.05820881956490709,115822.90523634967,Structurally Balanced,0.07513592724316477,0.05109509509509509,0.5959515156244689,0.5106674430049827,128649.24981765356,11.545,10.181,0.3798882681564245,0.3907262569832402,903.72748,1958.375,5561.02198,96
"North Port-Bradenton-Sarasota, FL",2019,Pre-COVID (2006-2019),2431300.0,2364747.754498478,0.0277547351876386,66552.24550152197,Structurally Balanced,0.0277547351876386,66552.24550152197,Structurally Balanced,0.0720850764887954,0.05157010967166405,0.5954427959503054,0.49912598747319525,125569.5774779184,11.54,9.745,0.3810385480067993,0.3971596205516258,940.70341,1959.407,5669.95881,88
"North Port-Bradenton-Sarasota, FL",2020,COVID (2020),1778227.0,1582502.183148012,0.11660954589180506,195724.81685198797,Structurally Balanced,-0.2638122050585885,-536817.7216108646,Moderate Structural Deficit,0.07483365088470317,0.05322964520255916,0.5903254430803944,0.538618589323204,135371.43563686038,12.044,10.407,0.3861551742743067,0.3925218517319521,947.00834,1792.0,5391.50812,123
"North Port-Bradenton-Sarasota, FL",2021,COVID (2021),1244168.0,1432579.6670217474,-0.14100974860683735,-188411.66702174745,Structurally Balanced,-0.5928134800553497,-1006620.3069188083,Moderate Structural Deficit,0.08094754042560587,0.05449034292800919,0.6064657695467861,0.5609016900433159,155156.4494655351,13.746,9.877,0.3920645595158036,0.383218664321556,954.0,1919.0,5696.0,132
"North Port-Bradenton-Sarasota, FL",2022,Recovery (2022),2208097.0,1897922.5182691738,0.151371182084592,310174.4817308262,Structurally Balanced,-0.18577679977271977,-450790.6493098112,Structurally Balanced,0.08164510943376,0.057651344417349835,0.6350595875497057,0.5514463304644573,163895.34796351305,13.946,10.596,0.4024883825513416,0.3745065707290261,1078.0,1925.0,5946.0,111
"North Port-Bradenton-Sarasota, FL",2023,Recovery (2023),2921751.0,2609118.1829656474,0.11317079077766579,312632.81703435257,Structurally Balanced,-0.1680044010083961,-534510.4360989779,Structurally Balanced,0.078948283355457,0.05837629281987517,0.6447284504757375,0.5404792209644338,166059.42869129116,12.925,10.565,0.4049748326247373,0.3731124468552998,1068.88549,2026.0,6261.15535,139
"Ogden, UT",2006,Pre-COVID (2006-2019),2377111.0,2735359.618278309,-0.140377029912079,-358248.6182783088,Structurally Balanced,-0.140377029912079,-358248.6182783088,Structurally Balanced,0.15733261806499593,0.09477411399303101,1.1099881005941583,1.0105549064027106,114403.90078781405,16.428,10.897,0.4505623242736645,0.2485941893158388,4155.0,2223.0,10743.0,84
"Ogden, UT",2007,Pre-COVID (2006-2019),3173059.0,3222936.7048228066,-0.015596857231605199,-49877.70482280664,Structurally Balanced,-0.015596857231605199,-49877.70482280664,Structurally Balanced,0.1558102133066992,0.09350130997121446,1.093697698836304,1.0039809031316476,117310.1325429005,15.305,10.583,0.4588130099474684,0.256175254275176,4209.0,2328.0,11072.0,66
"Ogden, UT",2008,Pre-COVID (2006-2019),3947734.0,3113919.987244804,0.23725936485955224,833814.0127551961,Moderate Structural Surplus,0.23725936485955224,833814.0127551961,Moderate Structural Surplus,0.1533647990447661,0.09537695421386425,1.1093568387771358,0.9918356889398346,112910.10484268714,12.055,11.687,0.4457373014097113,0.2723204296263146,3854.0,2286.0,10791.0,83
"Ogden, UT",2009,Pre-COVID (2006-2019),4947796.0,4608170.106607538,0.0711113866923494,339625.8933924623,Structurally Balanced,0.0711113866923494,339625.8933924623,Structurally Balanced,0.15655309390288247,0.0929093751820848,1.1092464712100765,1.041035965926337,124248.34722621444,10.567,13.819,0.4097504352872896,0.2922809053975624,,,,71
"Ogden, UT",2010,Pre-COVID (2006-2019),3986250.0,5165943.580093592,-0.25923683388078267,-1179693.5800935924,Moderate Structural Deficit,-0.25923683388078267,-1179693.5800935924,Moderate Structural Deficit,0.17537719361301843,0.0931975917167252,1.1191276308791767,1.1219138282180467,145188.7816361949,11.407,12.355,0.3854997653683716,0.3095964335992491,4032.187,2903.0,11468.697,106
"Ogden, UT",2011,Pre-COVID (2006-2019),4276638.0,3690506.8115110905,0.1474033909830812,586131.1884889095,Structurally Balanced,0.1474033909830812,586131.1884889095,Structurally Balanced,0.20132113032119972,0.09999159477653566,1.1823250576613498,1.2650680148950848,163228.402491212,10.952,11.737,0.3687684148497348,0.3241013553329405,4203.1511,2300.0,10919.110182,91
"Ogden, UT",2012,Pre-COVID (2006-2019),4762077.0,4869219.042270789,-0.022249645694737197,-107142.04227078892,Structurally Balanced,-0.022249645694737197,-107142.04227078892,Structurally Balanced,0.18266342920981163,0.10205806566936257,1.197148017845686,1.1669187600509336,140936.46249668454,12.163,10.253,0.3518647208709752,0.3369237896687514,4264.459081,2257.0,10784.695116,70
"Ogden, UT",2013,Pre-COVID (2006-2019),3722773.0,4043104.038055521,-0.08254390251535959,-320331.03805552097,Structurally Balanced,-0.08254390251535959,-320331.03805552097,Structurally Balanced,0.19862380308857358,0.10729796152160541,1.2594544395333638,1.2822413859666033,149113.43553823332,11.445,9.521,0.335921443251884,0.3538479104818451,,,,85
"Ogden, UT",2014,Pre-COVID (2006-2019),2893468.0,3409981.3787295413,-0.16425104779756694,-516513.3787295413,Structurally Balanced,-0.16425104779756694,-516513.3787295413,Structurally Balanced,0.1852187971180161,0.10916733249806468,1.2823904296831206,1.199985290457696,138241.2387407546,11.551,9.455,0.3287916015188742,0.369667187849006,5079.47126,2305.0,12273.199893,76
"Ogden, UT",2015,Pre-COVID (2006-2019),2937503.0,3170299.2153071435,-0.07626607237520844,-232796.21530714352,Structurally Balanced,-0.07626607237520844,-232796.21530714352,Structurally Balanced,0.17867243965865706,0.10861454515693486,1.2729510126801624,1.1949000545661836,137377.36608305256,11.512,9.132,0.3333697910970141,0.384775237886908,5394.045162,2221.694,13048.79816,101
"Ogden, UT",2016,Pre-COVID (2006-2019),2392255.0,2593706.358267408,-0.08085144336947891,-201451.35826740786,Structurally Balanced,-0.08085144336947891,-201451.35826740786,Structurally Balanced,0.1657783003887711,0.10944753582911354,1.2912792249685996,1.1447076826277187,129961.14913166975,11.564,8.597,0.3372018739352641,0.3961882453151618,5745.439104,2823.035,14251.336328,109
"Ogden, UT",2017,Pre-COVID (2006-2019),2515684.0,3001310.785568505,-0.17650438699955906,-485626.78556850506,Structurally Balanced,-0.17650438699955906,-485626.78556850506,Structurally Balanced,0.16976824640556967,0.10921013922510801,1.2941890054524858,1.1666745727249082,140566.43748446248,10.848,9.033,0.3384117708442032,0.4120838985703851,5833.86813,2247.412,14044.27188,109
"Ogden, UT",2018,Pre-COVID (2006-2019),3156349.0,2151852.4515135856,0.3830869033603488,1004496.5484864144,Moderate Structural Surplus,0.3830869033603488,1004496.5484864144,Moderate Structural Surplus,0.2095670408656755,0.11099000357282557,1.2945403218310132,1.4243394448390323,185675.46848381602,11.171,8.893,0.3453033069588151,0.4184418746195983,5935.71328,2247.412,14288.39269,86
"Ogden, UT",2019,Pre-COVID (2006-2019),1619199.0,2321772.6907815267,-0.36039940224163836,-702573.6907815267,Moderate Structural Deficit,-0.36039940224163836,-702573.6907815267,Moderate Structural Deficit,0.20505593105839134,0.11247225339937972,1.298635846565903,1.419832634743249,185360.25935524068,11.382,8.843,0.3542304274854378,0.4233389278309803,5996.03707,2604.853,14811.39175,94
"Ogden, UT",2020,COVID (2020),1986406.0,1301823.3486031871,0.42256111812157826,684582.6513968129,Moderate Structural Surplus,0.06426653146085037,123643.79180500866,Structurally Balanced,0.16736277467082072,0.11531997429383634,1.2789173150031754,1.2046011457773376,148130.5942181455,11.669,9.323,0.3600193143408981,0.4184451955577016,5174.8687,2333.0,13018.84064,83
"Ogden, UT",2021,COVID (2021),1333214.0,1329738.0955962338,0.0026105662084976444,3475.9044037661515,Structurally Balanced,-0.43537734328623046,-727329.7653527318,Moderate Structural Deficit,0.21347184596455146,0.11647195203138001,1.2963077166287884,1.479189096402828,205138.21781159684,13.541,8.609,0.3773739956172388,0.4051314828341855,5847.0,2569.0,14509.0,89
"Ogden, UT",2022,Recovery (2022),2095151.0,1346620.869124994,0.44202723249787823,748530.1308750061,Moderate Structural Surplus,0.09438521695977187,188705.69694099086,Structurally Balanced,0.25387438180068295,0.11767199029734779,1.2962182648059373,1.7147150296430427,272523.14248461556,13.086,10.413,0.3840071079520213,0.4000888494002665,6114.0,2592.0,14980.0,82
"Ogden, UT",2023,Recovery (2023),2707601.0,1499091.424415642,0.5912037954517828,1208509.575584358,Significant Structural Surplus,0.2948148100130812,691333.1712050275,Moderate Structural Surplus,0.24137871896113983,0.11717295144928176,1.2940995698144744,1.6524764876029732,269370.4337761917,11.624,10.036,0.3846490077804004,0.3970626803042223,6204.241,2649.0,15214.12772,88
"Oklahoma City, OK",2006,Pre-COVID (2006-2019),8708453.0,10679600.877448507,-0.20404129865906917,-1971147.8774485067,Moderate Structural Deficit,-0.20404129865906917,-1971147.8774485067,Moderate Structural Deficit,0.14516027998172784,0.0657625464456336,0.7702065568747128,0.9323713985978794,161433.6602864812,12.092,9.917,0.3583609271523179,0.3315397350993377,7749.0,5751.0,28514.0,73
"Oklahoma City, OK",2007,Pre-COVID (2006-2019),8505408.0,8874496.29980362,-0.04247938232063042,-369088.2998036202,Structurally Balanced,-0.04247938232063042,-369088.2998036202,Structurally Balanced,0.15929768383571727,0.06649158932686183,0.7777612769398163,1.026452817758171,184296.57972211164,11.892,9.729,0.3613562091503268,0.3411356209150327,8002.0,5751.0,29131.0,84
"Oklahoma City, OK",2008,Pre-COVID (2006-2019),9413807.0,10311904.056073913,-0.0911215201011828,-898097.0560739134,Structurally Balanced,-0.0911215201011828,-898097.0560739134,Structurally Balanced,0.1817649962127613,0.06788609402818628,0.7896027220492734,1.1755044923392608,219223.6861697784,10.941,9.928,0.358694770976895,0.3522496959870287,7961.0,6530.0,30576.0,63
"Oklahoma City, OK",2009,Pre-COVID (2006-2019),11533526.0,11970172.176879713,-0.03715980504147609,-436646.1768797133,Structurally Balanced,-0.03715980504147609,-436646.1768797133,Structurally Balanced,0.19340338127134804,0.06632868850946937,0.7918992407916685,1.2860804652007607,246849.32441999234,9.73,9.956,0.3495711280142418,0.3661595727463991,,,,66
"Oklahoma City, OK",2010,Pre-COVID (2006-2019),11584011.0,12976697.5786518,-0.11352946984348478,-1392686.5786518008,Structurally Balanced,-0.11352946984348478,-1392686.5786518008,Structurally Balanced,0.1944148734200639,0.0652813030511276,0.7839055567699076,1.2437006797047974,263749.264303489,9.532,9.731,0.3409275503573749,0.3779645873944119,8637.535,6520.0,31716.306,77
"Oklahoma City, OK",2011,Pre-COVID (2006-2019),10571563.0,12050183.142084306,-0.13091219805016507,-1478620.142084306,Structurally Balanced,-0.13091219805016507,-1478620.142084306,Structurally Balanced,0.19976202935566342,0.06935971820167741,0.820126261666715,1.2552708874880154,263825.5354820887,9.847,8.766,0.3313993311575809,0.3847052661267577,8403.229,6506.0,31619.13523,76
"Oklahoma City, OK",2012,Pre-COVID (2006-2019),9935484.0,9862483.03277678,0.007374625682441405,73000.96722321957,Structurally Balanced,0.007374625682441405,73000.96722321957,Structurally Balanced,0.20352035379534078,0.07317227425272027,0.8583157294661679,1.3001601903750404,258032.52229706637,10.11,8.758,0.3242392862832563,0.3893579735542457,8520.212,6507.0,31856.64393,69
"Oklahoma City, OK",2013,Pre-COVID (2006-2019),8890339.0,8734367.890942177,0.017699605654266648,155971.1090578232,Structurally Balanced,0.017699605654266648,155971.1090578232,Structurally Balanced,0.21628434913618355,0.07447705630464696,0.8742054171026945,1.3962513016407896,287423.5883156859,9.639,8.751,0.3169905017144208,0.3975485752571631,,,,79
"Oklahoma City, OK",2014,Pre-COVID (2006-2019),8100922.0,6485640.5455341,0.22238729606501906,1615281.4544658996,Moderate Structural Surplus,0.22238729606501906,1615281.4544658996,Moderate Structural Surplus,0.2147629644964681,0.07357824369369503,0.8643248248953933,1.3913944067277533,300437.940443656,9.933,8.389,0.313179981349083,0.4021215418091389,8989.79,6854.0,30695.5439,62
"Oklahoma City, OK",2015,Pre-COVID (2006-2019),9011004.0,8414552.988037637,0.06848379177403352,596451.0119623635,Structurally Balanced,0.06848379177403352,596451.0119623635,Structurally Balanced,0.20522382065923342,0.07322281622579006,0.8581636826931153,1.3724665929030828,284469.5456003556,10.118,8.884,0.3133500288961664,0.4085532652668079,9161.6662,6854.349,30802.36103000001,70
"Oklahoma City, OK",2016,Pre-COVID (2006-2019),7677451.0,7018750.923033278,0.08970232001232681,658700.0769667216,Structurally Balanced,0.08970232001232681,658700.0769667216,Structurally Balanced,0.1801652592340064,0.07019883726082947,0.8282169121961027,1.244050372721465,255259.51831078852,10.004,8.918,0.3146536854613055,0.4196787918279734,9422.065,6876.757,31445.7406,80
"Oklahoma City, OK",2017,Pre-COVID (2006-2019),7696256.0,6129854.1017541895,0.22756302787118265,1566401.8982458105,Moderate Structural Surplus,0.22756302787118265,1566401.8982458105,Moderate Structural Surplus,0.2009458575429888,0.06827607392195612,0.8091020195764189,1.3809321086449966,312629.56242537894,9.918,9.196,0.3190228334789711,0.4260856350442612,9485.445,7034.422,31615.1477,87
"Oklahoma City, OK",2018,Pre-COVID (2006-2019),6695991.0,6872497.7706145225,-0.026018627564749153,-176506.7706145225,Structurally Balanced,-0.026018627564749153,-176506.7706145225,Structurally Balanced,0.19351773656023025,0.06773068098635077,0.7899819329618575,1.3152590422621653,312666.02640843904,9.29,9.364,0.3210292947284647,0.4311592829802554,8722.1603,2610.917,24895.19356,110
"Oklahoma City, OK",2019,Pre-COVID (2006-2019),6702410.0,6874207.276461115,-0.02530916845006992,-171797.2764611151,Structurally Balanced,-0.02530916845006992,-171797.2764611151,Structurally Balanced,0.16864039398425226,0.06587971730366576,0.760665496301332,1.1676869509646988,276854.74426239054,9.82,8.969,0.324976508175155,0.4348806615297876,8890.2915,2339.178,24124.95025,117
"Oklahoma City, OK",2020,COVID (2020),7401419.0,6089638.548979385,0.1950830101867922,1311780.4510206152,Moderate Structural Surplus,0.09968069693796444,702199.4023781959,Structurally Balanced,0.13894069244368698,0.06346375950912461,0.7038234391607476,1.000031922522507,234927.27638854182,9.882,10.014,0.3239495163240629,0.4371221281741233,8347.3586,2336.0,23058.25246,128
"Oklahoma City, OK",2021,COVID (2021),6556812.0,5811298.735991595,0.12070042874406006,745513.2640084047,Structurally Balanced,0.0010809449936246551,7083.723857871257,Structurally Balanced,0.16011289039351714,0.06147466638732539,0.6841997839411167,1.1094542261229154,303925.09724059195,11.002,9.397,0.3319224771664067,0.432501670750724,8394.0,2317.0,24269.0,106
"Oklahoma City, OK",2022,Recovery (2022),8735915.0,4652626.13885399,0.6300108678761003,4083288.8611460105,Significant Structural Surplus,0.5677404781187914,3784357.3146705497,Moderate Structural Surplus,0.18583555209943525,0.06347844110787768,0.6992480927493382,1.2551680558186085,373411.3939792219,10.788,9.977,0.3350723785730031,0.4316261297670659,8300.0,2342.0,23856.0,90
"Oklahoma City, OK",2023,Recovery (2023),9228951.0,5914002.477609678,0.4450225505484404,3314948.522390322,Moderate Structural Surplus,0.39372532653811376,3003660.7711008685,Moderate Structural Surplus,0.15825326666414288,0.06403501698108913,0.7072254040145026,1.08340040652449,322011.38228505733,10.995,9.341,0.3340102259128984,0.429452079631577,8364.83938,2344.0,24333.7948,94
"Omaha, NE-IA",2007,Pre-COVID (2006-2019),4953883.0,3579324.2632198143,0.3249976842033995,1374558.7367801857,Moderate Structural Surplus,0.3249976842033995,1374558.7367801857,Moderate Structural Surplus,0.11302271378917367,0.06936990162198708,0.8114292922294404,0.7282747636131081,133044.2177898356,11.158,10.166,0.3416398713826366,0.3274177590897848,3526.0,1864.0,14084.0,39
"Omaha, NE-IA",2008,Pre-COVID (2006-2019),4772399.0,5732832.446242043,-0.1833606138259789,-960433.4462420428,Moderate Structural Deficit,-0.1833606138259789,-960433.4462420428,Structurally Balanced,0.11561356462391138,0.07274549010840926,0.8461237581670168,0.7476921707834402,126899.24869527503,10.183,10.029,0.3310349111690893,0.3434588147595974,3422.0,1682.0,14109.0,59
"Omaha, NE-IA",2009,Pre-COVID (2006-2019),5605174.0,6778311.731905503,-0.19003796409805673,-1173137.7319055032,Moderate Structural Deficit,-0.19003796409805673,-1173137.7319055032,Structurally Balanced,0.11144792569061619,0.07116041540712637,0.8495853031569904,0.7410987293792543,132788.15048016352,8.975,9.633,0.3202949262684328,0.355723569107723,,,,55
"Omaha, NE-IA",2010,Pre-COVID (2006-2019),6483466.0,6032955.961961954,0.07201814400555584,450510.0380380461,Structurally Balanced,0.07201814400555584,450510.0380380461,Structurally Balanced,0.11745531915477446,0.07110066395373742,0.8537851261901535,0.751379036479939,144414.08685750776,9.354,9.264,0.3101523797579482,0.3670909889007336,3433.867,1697.0,14352.056,72
"Omaha, NE-IA",2011,Pre-COVID (2006-2019),6879217.0,6673977.925231461,0.030288764582314442,205239.0747685386,Structurally Balanced,0.030288764582314442,205239.0747685386,Structurally Balanced,0.12478960891929065,0.07117258180468418,0.841562004028333,0.7841568472379925,161354.0845534791,9.419,9.369,0.3024850581944007,0.3805599245045611,3418.0145,1697.0,13512.05539,69
"Omaha, NE-IA",2012,Pre-COVID (2006-2019),5978527.0,6012784.439686503,-0.005713725818567994,-34257.43968650326,Structurally Balanced,-0.005713725818567994,-34257.43968650326,Structurally Balanced,0.12493573643550164,0.07217470173021373,0.8466141362589733,0.7981337877978195,162907.95563706226,9.243,9.134,0.2916588448782929,0.3914022902196358,3394.71827,1697.0,13568.947584,113
"Omaha, NE-IA",2013,Pre-COVID (2006-2019),5441426.0,6023363.815075807,-0.10160471766337409,-581937.8150758073,Structurally Balanced,-0.10160471766337409,-581937.8150758073,Structurally Balanced,0.12383812031936432,0.06882466059411978,0.8078580720956848,0.7994528378000612,168880.08426754948,9.425,8.745,0.2853847113106372,0.4015463274722534,,,,128
"Omaha, NE-IA",2014,Pre-COVID (2006-2019),5751867.0,5517041.735600079,0.04168269858904772,234825.2643999206,Structurally Balanced,0.04168269858904772,234825.2643999206,Structurally Balanced,0.1118993256532859,0.06744633544480907,0.7922931990039597,0.7249671571429157,166838.65108054774,9.821,7.987,0.2851978924151452,0.4073642935914716,3557.90547,1784.0,13898.457825,198
"Omaha, NE-IA",2015,Pre-COVID (2006-2019),5671472.0,5226066.45411901,0.08178981296368981,445405.5458809901,Structurally Balanced,0.08178981296368981,445405.5458809901,Structurally Balanced,0.10280860940141581,0.06666527998585586,0.7813100496437839,0.6875487524450616,162506.6677066989,9.638,8.546,0.2887148667516542,0.4122503490560311,3841.5039,1760.261,15057.13764,167
"Omaha, NE-IA",2016,Pre-COVID (2006-2019),4474072.0,4432250.45694074,0.009391497029239915,41821.54305925965,Structurally Balanced,0.009391497029239915,41821.54305925965,Structurally Balanced,0.09944647470106205,0.06466620217887004,0.7629420141680534,0.6866830178231185,163591.07938684558,9.647,7.635,0.2935061831650636,0.4168110400860266,3842.81078,2184.767,15758.396209,161
"Omaha, NE-IA",2017,Pre-COVID (2006-2019),3987923.0,4705736.067725586,-0.16551166053676525,-717813.0677255858,Structurally Balanced,-0.16551166053676525,-717813.0677255858,Structurally Balanced,0.09130893587095198,0.06189055290668813,0.7334307389546498,0.6274896277641826,163191.0899563152,9.553,8.354,0.3025595763459841,0.4223595175051485,4111.92501,2312.875,16405.27874,168
"Omaha, NE-IA",2018,Pre-COVID (2006-2019),3821772.0,3802997.508127432,0.004924615700327095,18774.49187256815,Structurally Balanced,0.004924615700327095,18774.49187256815,Structurally Balanced,0.09498697651883144,0.062240266774756525,0.7259440705268032,0.6455867146040807,175674.10677785953,8.548,8.804,0.3077373630879166,0.4261114039711826,4123.80573,2012.23,16279.92999,122
"Omaha, NE-IA",2019,Pre-COVID (2006-2019),4519928.0,3756250.3045798936,0.18507486412618945,763677.6954201064,Moderate Structural Surplus,0.18507486412618945,763677.6954201064,Structurally Balanced,0.09623096849577614,0.062136081487446565,0.7174404383826732,0.6663151308915098,184076.9476033585,8.835,7.957,0.3097437685201324,0.4304805066527221,4269.49114,2251.821,16745.44088,184
"Omaha, NE-IA",2020,COVID (2020),4334674.0,2846325.992276708,0.42061736843274566,1488348.0077232919,Moderate Structural Surplus,0.2182818540143323,850034.6532836338,Moderate Structural Surplus,0.09628251700581594,0.06375982670917808,0.7071068726758133,0.6929977740369827,188973.6738303368,9.354,8.911,0.3144534622690381,0.4279629309848615,3549.08521,1965.0,14804.28763,153
"Omaha, NE-IA",2021,COVID (2021),2919648.0,2880264.8236314384,0.013580818498223124,39383.17636856157,Structurally Balanced,-0.2677382831765236,-896346.6219584593,Moderate Structural Deficit,0.08943081251047355,0.0601507316409093,0.6694646756325535,0.6196839782324502,197927.86813434793,10.452,8.077,0.3251226036558181,0.4239857333927775,4010.0,2114.0,16725.0,162
"Omaha, NE-IA",2022,Recovery (2022),2997393.0,2599905.846279917,0.1422676794662543,397487.1537200832,Structurally Balanced,-0.13379898219876907,-429115.77535911696,Structurally Balanced,0.09594450054746562,0.05946428007052056,0.6550300180711885,0.6480270909315193,237522.20072758966,10.302,9.131,0.3269431474869541,0.4188409777533645,3949.0,2146.0,16689.0,149
"Omaha, NE-IA",2023,Recovery (2023),3762001.0,3114503.561600952,0.18888122742880142,647497.438399048,Moderate Structural Surplus,-0.04177433601466696,-160483.8085182719,Structurally Balanced,0.09438036875295161,0.06008660310488425,0.6636177229290097,0.6461271355104817,238494.63088537563,10.142,9.089,0.3278991413976742,0.4156613411585697,4049.43836,2177.0,16502.2581,125
"Orlando-Kissimmee-Sanford, FL",2006,Pre-COVID (2006-2019),9861184.0,11517178.322099702,-0.15523344540668305,-1655994.3220997024,Structurally Balanced,-0.15523344540668305,-1655994.3220997024,Structurally Balanced,0.09179822055452545,0.06252268704347698,0.7322615396914723,0.589624346949408,110280.21694962346,17.846,11.986,0.5044048052420823,0.257323140395583,6061.0,6232.0,41316.0,236
"Orlando-Kissimmee-Sanford, FL",2007,Pre-COVID (2006-2019),11480333.0,13259458.888913602,-0.14407577871144994,-1779125.8889136016,Structurally Balanced,-0.14407577871144994,-1779125.8889136016,Structurally Balanced,0.09319453509425546,0.06308395742596028,0.737901737328611,0.6005096297935798,118417.05578592671,15.806,13.941,0.5026173004756556,0.2658890455816621,6136.0,8370.0,44754.0,216
"Orlando-Kissimmee-Sanford, FL",2008,Pre-COVID (2006-2019),18034796.0,17185762.221210524,0.048221739766916016,849033.7787894756,Structurally Balanced,0.048221739766916016,849033.7787894756,Structurally Balanced,0.09624014618562098,0.06502460937703644,0.756319969491555,0.6224010482863367,122732.07939432729,13.402,15.535,0.4808527437820766,0.2828908409001184,5873.0,8069.0,43691.0,194
"Orlando-Kissimmee-Sanford, FL",2009,Pre-COVID (2006-2019),26395087.0,25785855.658755857,0.023351783035327145,609231.3412441425,Structurally Balanced,0.023351783035327145,609231.3412441425,Structurally Balanced,0.09830625819147622,0.06564505638481609,0.7837373462531321,0.6537101752613976,128327.89025830131,12.322,15.984,0.4516943042537851,0.300314141518179,,,,204
"Orlando-Kissimmee-Sanford, FL",2010,Pre-COVID (2006-2019),28020774.0,26399860.15102427,0.05958745082513417,1620913.8489757292,Structurally Balanced,0.05958745082513417,1620913.8489757292,Structurally Balanced,0.09421375824996113,0.06418914863888674,0.7707908382733135,0.6026993362789065,127800.30995877188,12.949,14.286,0.4270947533281127,0.3130253197598538,5613.389,7908.0,43883.205,275
"Orlando-Kissimmee-Sanford, FL",2011,Pre-COVID (2006-2019),25455597.0,26750616.43944378,-0.04962187730978229,-1295019.4394437782,Structurally Balanced,-0.04962187730978229,-1295019.4394437782,Structurally Balanced,0.09361381479057045,0.06298686224596063,0.7447720551241621,0.5882534170899808,129804.75003043734,13.779,13.099,0.4142168299891118,0.3201379167314772,5281.957716,7650.0,41394.132732,275
"Orlando-Kissimmee-Sanford, FL",2012,Pre-COVID (2006-2019),22513908.0,25032973.91640673,-0.10606066088723409,-2519065.9164067283,Structurally Balanced,-0.10606066088723409,-2519065.9164067283,Structurally Balanced,0.09251174515748127,0.06211091054034985,0.7285651844594181,0.590997833645824,128019.87209276595,13.978,11.205,0.4122542364358626,0.3193794941419017,5474.60946,7669.0,42301.989438,313
"Orlando-Kissimmee-Sanford, FL",2013,Pre-COVID (2006-2019),20185268.0,19981446.000034697,0.01014888842702888,203821.99996530265,Structurally Balanced,0.01014888842702888,203821.99996530265,Structurally Balanced,0.0928837349141333,0.060227052064312114,0.7069400669567354,0.5996228404555427,134374.58865706608,13.091,11.181,0.4062546062005601,0.3249152459096939,,,,316
"Orlando-Kissimmee-Sanford, FL",2014,Pre-COVID (2006-2019),18221785.0,17317303.73436302,0.050911638817396465,904481.2656369805,Structurally Balanced,0.050911638817396465,904481.2656369805,Structurally Balanced,0.09198275937216994,0.060350368429241116,0.70893675910677,0.595932809951163,134962.64504622293,13.409,10.882,0.4017458870929061,0.3353398244520121,5963.947,8385.0,45528.26256,327
"Orlando-Kissimmee-Sanford, FL",2015,Pre-COVID (2006-2019),17528182.0,14135946.428733028,0.21508904032042153,3392235.5712669715,Moderate Structural Surplus,0.21508904032042153,3392235.5712669715,Moderate Structural Surplus,0.09037981701496287,0.05956107115652853,0.6980494715092709,0.6044292476734435,138843.06202612587,13.159,10.462,0.4083152920362222,0.3447400889261354,6045.08218,8451.807,46771.585121,319
"Orlando-Kissimmee-Sanford, FL",2016,Pre-COVID (2006-2019),13519954.0,13101462.377225209,0.03144281241617719,418491.622774791,Structurally Balanced,0.03144281241617719,418491.622774791,Structurally Balanced,0.09088677954876673,0.06061263287270188,0.7151173665652247,0.6275778829604415,136976.89617686736,13.876,9.797,0.415435729358416,0.3513446774121133,5982.1089,8517.688,49252.607278,370
"Orlando-Kissimmee-Sanford, FL",2017,Pre-COVID (2006-2019),12175370.0,12142362.698593033,0.002714670984051537,33007.30140696652,Structurally Balanced,0.002714670984051537,33007.30140696652,Structurally Balanced,0.09377880953033715,0.06345869749101067,0.7520139537952322,0.6444629950296005,137536.74177511065,12.79,10.587,0.4173469611083145,0.3572475979952288,6306.0145,8603.669,51583.72235999999,368
"Orlando-Kissimmee-Sanford, FL",2018,Pre-COVID (2006-2019),12116139.0,11481405.417191828,0.05380955903367024,634733.5828081723,Structurally Balanced,0.05380955903367024,634733.5828081723,Structurally Balanced,0.09767035160189995,0.06543003546504891,0.7631481794913388,0.663824491691187,142657.299614056,12.768,10.582,0.417732564326303,0.3603975567710217,6425.6109,8671.673,52450.29328000001,352
"Orlando-Kissimmee-Sanford, FL",2019,Pre-COVID (2006-2019),13291255.0,12584859.834960427,0.05461180911355257,706395.1650395729,Structurally Balanced,0.05461180911355257,706395.1650395729,Structurally Balanced,0.09760597149860238,0.06548525886064875,0.7561109696638734,0.6758358217888959,148036.61863812868,13.201,10.114,0.4227353463587922,0.36131190879425,6222.9619,8675.428,53698.32847,372
"Orlando-Kissimmee-Sanford, FL",2020,COVID (2020),12109719.0,13774661.388428845,-0.12882241980246434,-1664942.3884288445,Structurally Balanced,-0.1258235415219211,-1623695.733330164,Structurally Balanced,0.10282671190962148,0.0717943179753417,0.796210690643692,0.7400999130569613,149681.18115700156,12.794,11.098,0.4193995475205348,0.3620650999735034,5804.6625,8068.0,49968.79682,346
"Orlando-Kissimmee-Sanford, FL",2021,COVID (2021),9723421.0,11927904.428583974,-0.20434305378819673,-2204483.428583974,Moderate Structural Deficit,-0.24520886425236554,-2702023.8671097998,Moderate Structural Deficit,0.10203223885158103,0.07190269984284632,0.8002615481846912,0.7070017805340468,159044.80037380164,15.084,10.778,0.4310741119888745,0.3525389681880517,5802.0,8514.0,49917.0,303
"Orlando-Kissimmee-Sanford, FL",2022,Recovery (2022),13128607.0,14670660.549297389,-0.11105602859036168,-1542053.5492973886,Structurally Balanced,-0.09191095422102435,-1263854.2327404395,Structurally Balanced,0.09958684851490143,0.07154694350968958,0.7881268493373017,0.6726281899421923,168009.32286318915,15.126,11.329,0.436969035147791,0.3491088119343316,6488.0,8950.0,52999.0,297
"Orlando-Kissimmee-Sanford, FL",2023,Recovery (2023),15708727.0,17074429.56080204,-0.0833655792454735,-1365702.5608020388,Structurally Balanced,-0.028360039624708122,-451877.4652090166,Structurally Balanced,0.09656998283209405,0.07069084666506016,0.7807347440477576,0.6611172133362316,175852.27235377254,14.139,11.487,0.4394794859385922,0.3495366636195802,7401.148,9489.0,56617.73439,296
"Oxnard-Thousand Oaks-Ventura, CA",2006,Pre-COVID (2006-2019),3432779.0,4624681.909363213,-0.29803745502395884,-1191902.909363213,Moderate Structural Deficit,-0.29803745502395884,-1191902.909363213,Moderate Structural Deficit,0.21370228391874585,0.11790406067834253,1.3808844931466746,1.3726199575115376,161153.24320700206,13.473,9.933,0.3730290988334829,0.351237020894757,0.0,324.0,6976.0,197
"Oxnard-Thousand Oaks-Ventura, CA",2007,Pre-COVID (2006-2019),3981088.0,4060164.096562841,-0.019668241896869887,-79076.09656284098,Structurally Balanced,-0.019668241896869887,-79076.09656284098,Structurally Balanced,0.21844930862906062,0.11624166970543562,1.3596948182315756,1.4076030672917288,179380.30298164967,12.741,10.546,0.3783188624638228,0.356864225493897,0.0,377.0,7461.0,206
"Oxnard-Thousand Oaks-Ventura, CA",2008,Pre-COVID (2006-2019),6767416.0,6009108.522314207,0.11884292501365046,758307.4776857933,Structurally Balanced,0.11884292501365046,758307.4776857933,Structurally Balanced,0.21831512034686623,0.11261883483312729,1.3099021207691457,1.4118802302998656,180021.41687639515,11.193,12.07,0.3723782890555485,0.3658955129019957,0.0,690.0,7714.0,196
"Oxnard-Thousand Oaks-Ventura, CA",2009,Pre-COVID (2006-2019),9285888.0,6454637.704864524,0.36369693191387853,2831250.2951354757,Moderate Structural Surplus,0.36369693191387853,2831250.2951354757,Moderate Structural Surplus,0.23073282974715897,0.11186975398857052,1.3356147278330748,1.5343112569577146,201789.46248759044,10.066,12.416,0.3556985891684546,0.3783889213965282,,,,194
"Oxnard-Thousand Oaks-Ventura, CA",2010,Pre-COVID (2006-2019),8718021.0,8402369.77638872,0.03687848032394214,315651.2236112803,Structurally Balanced,0.03687848032394214,315651.2236112803,Structurally Balanced,0.23185363195530698,0.1094573693031409,1.314376950456199,1.4832019514875368,215853.9465471578,10.107,11.101,0.341957626559303,0.387499174971949,0.0,747.0,7701.214,269
"Oxnard-Thousand Oaks-Ventura, CA",2011,Pre-COVID (2006-2019),7766391.0,7676428.272122205,0.011651207463915014,89962.72787779476,Structurally Balanced,0.011651207463915014,89962.72787779476,Structurally Balanced,0.22199509701326298,0.10766726207138773,1.2730840239250312,1.394979733359053,225826.15321828023,10.73,10.175,0.3294466403162055,0.3963109354413702,0.0,696.0,7728.968970000001,247
"Oxnard-Thousand Oaks-Ventura, CA",2012,Pre-COVID (2006-2019),8005421.0,8135944.551036951,-0.016172906266410436,-130523.55103695113,Structurally Balanced,-0.016172906266410436,-130523.55103695113,Structurally Balanced,0.23534475155382387,0.10302693070092692,1.208512870241134,1.5034657285024393,250392.1534300295,10.037,9.728,0.3170427709262661,0.4047494096037785,0.0,716.0,7792.642583000001,252
"Oxnard-Thousand Oaks-Ventura, CA",2013,Pre-COVID (2006-2019),7636845.0,7500991.607672519,0.017949333613508145,135853.39232748095,Structurally Balanced,0.017949333613508145,135853.39232748095,Structurally Balanced,0.2478986402870568,0.10115940884781242,1.1874006250183395,1.6003414049984945,280788.8142992946,10.72,9.406,0.3124515629036424,0.4091965900284164,,,,252
"Oxnard-Thousand Oaks-Ventura, CA",2014,Pre-COVID (2006-2019),6230668.0,6634525.061100597,-0.06280353421288076,-403857.06110059656,Structurally Balanced,-0.06280353421288076,-403857.06110059656,Structurally Balanced,0.2326570536406532,0.09888133816928857,1.1615606870746238,1.5073256409937825,276607.0861632589,10.414,9.579,0.303005115089514,0.4203964194373401,0.0,530.0,6519.426255,267
"Oxnard-Thousand Oaks-Ventura, CA",2015,Pre-COVID (2006-2019),4619532.0,6001350.080107431,-0.2616910560062973,-1381818.080107431,Moderate Structural Deficit,-0.2616910560062973,-1381818.080107431,Moderate Structural Deficit,0.2349111735450589,0.09641188803686705,1.1299371583576567,1.5710054366719832,283613.3394210795,10.577,9.101,0.303615370054893,0.427724146633857,0.0,463.864,6299.569545999999,222
"Oxnard-Thousand Oaks-Ventura, CA",2016,Pre-COVID (2006-2019),4783297.0,4655064.888244367,0.027174207585504817,128232.1117556328,Structurally Balanced,0.027174207585504817,128232.1117556328,Structurally Balanced,0.22890028188373338,0.0942021978136174,1.1114123315944902,1.5805682083450052,279768.2791926237,10.596,8.736,0.3076493232335776,0.4350552589097231,0.0,489.498,6437.690504999999,278
"Oxnard-Thousand Oaks-Ventura, CA",2017,Pre-COVID (2006-2019),4224782.0,3840301.680447944,0.09541673571439091,384480.319552056,Structurally Balanced,0.09541673571439091,384480.319552056,Structurally Balanced,0.22736222795881098,0.09319184753786497,1.1043650831055871,1.5624696359526424,287804.4825531758,10.165,9.369,0.3127924156611672,0.4418246737256833,0.0,491.0,6449.00907,265
"Oxnard-Thousand Oaks-Ventura, CA",2018,Pre-COVID (2006-2019),4161304.0,3378400.251288009,0.20842618767446197,782903.7487119911,Moderate Structural Surplus,0.20842618767446197,782903.7487119911,Moderate Structural Surplus,0.1302689346486983,0.08129748376749278,0.9482193658221396,0.8853834137794013,175471.09267135218,9.523,9.682,0.3168888615838299,0.4503901210296738,0.0,496.904,6185.671829999999,233
"Oxnard-Thousand Oaks-Ventura, CA",2019,Pre-COVID (2006-2019),4617431.0,3536109.7063293536,0.2668113199888058,1081321.2936706464,Moderate Structural Surplus,0.2668113199888058,1081321.2936706464,Moderate Structural Surplus,0.13475175808873574,0.0823379500331841,0.9506968182290793,0.9330378435575866,188693.04369083673,10.103,8.465,0.3220175173663546,0.4541830262760495,0.0,652.0,6146.8754,261
"Oxnard-Thousand Oaks-Ventura, CA",2020,COVID (2020),4446445.0,3341279.392957696,0.2857511150751044,1105165.6070423038,Moderate Structural Surplus,0.08850388002054821,376615.8508348358,Structurally Balanced,0.1421941626912634,0.08470848631227894,0.9394309228377391,1.0234489218862628,208622.5671591198,10.356,9.289,0.3271413212280492,0.4522159837534344,0.0,317.0,5271.37573,295
"Oxnard-Thousand Oaks-Ventura, CA",2021,COVID (2021),2464061.0,2809503.899270359,-0.13119711759846275,-345442.89927035896,Structurally Balanced,-0.44642388315976866,-1386560.9665997783,Moderate Structural Deficit,0.14285663110107766,0.0838490786334034,0.9332221686763726,0.9898821557417228,220222.60591169161,10.918,11.471,0.3288566460818994,0.4493075124407938,0.0,312.0,5440.0,307
"Oxnard-Thousand Oaks-Ventura, CA",2022,Recovery (2022),2817916.0,2651540.436803931,0.060856836639802125,166375.5631960691,Structurally Balanced,-0.22755059254185284,-720036.5962891891,Moderate Structural Deficit,0.13841680589556024,0.08333569306431646,0.9179860660745801,0.9348929803033099,223762.34293131452,12.567,9.219,0.3389713098193153,0.4430525890434682,0.0,287.0,5666.0,271
"Oxnard-Thousand Oaks-Ventura, CA",2023,Recovery (2023),3913076.0,1547489.4366085224,0.9276898660254904,2365586.563391478,Significant Structural Surplus,0.7049035677270137,1979405.137398075,Significant Structural Surplus,0.1382961085023514,0.0811598907116164,0.8963585738604039,0.9467738854969941,238650.35838118126,10.033,9.568,0.3345021844102092,0.4409634398712347,0.0,289.0,5646.68532,286
"Palm Bay-Melbourne-Titusville, FL",2006,Pre-COVID (2006-2019),788943.0,1145909.456371707,-0.37325981086151394,-356966.4563717069,Moderate Structural Deficit,-0.37325981086151394,-356966.4563717069,Moderate Structural Deficit,0.2387751042045488,0.13281220344369457,1.5554876666748014,1.5336638775123121,122936.47681274053,15.627,10.927,0.4479541886025676,0.2989747852590745,2788.0,4027.0,14826.0,128
"Palm Bay-Melbourne-Titusville, FL",2007,Pre-COVID (2006-2019),1433834.0,1346648.9155835519,0.06273275364442377,87185.08441644814,Structurally Balanced,0.06273275364442377,87185.08441644814,Structurally Balanced,0.2778618278352058,0.13876438342100497,1.6231461021745561,1.7904344197685906,151022.01410927877,13.463,12.878,0.4437979126258428,0.3082109540962409,3013.0,4030.0,15035.0,134
"Palm Bay-Melbourne-Titusville, FL",2008,Pre-COVID (2006-2019),2262173.0,2056183.2554173528,0.09547438012645237,205989.74458264722,Structurally Balanced,0.09547438012645237,205989.74458264722,Structurally Balanced,0.2813728435501663,0.14020163831127916,1.630725656426626,1.81968502465862,158926.85163953222,11.127,14.913,0.4164177666441854,0.3288370748627035,2812.0,3865.0,14664.0,122
"Palm Bay-Melbourne-Titusville, FL",2009,Pre-COVID (2006-2019),3042204.0,3718929.5304136896,-0.20085361349994812,-676725.5304136896,Moderate Structural Deficit,-0.20085361349994812,-676725.5304136896,Structurally Balanced,0.26272937968446375,0.14055485191099878,1.6780865567998517,1.7470797078383846,149882.9788330876,11.13,15.092,0.3941525168290967,0.3504471013764694,,,,139
"Palm Bay-Melbourne-Titusville, FL",2010,Pre-COVID (2006-2019),3420402.0,3701163.979276679,-0.07888927114470867,-280761.979276679,Structurally Balanced,-0.07888927114470867,-280761.979276679,Structurally Balanced,0.25561471133024316,0.13530286795939558,1.6247327348414997,1.635205088126557,154305.55054249353,11.651,12.847,0.3664596273291925,0.3646268200794216,2572.823,3864.0,14040.895,151
"Palm Bay-Melbourne-Titusville, FL",2011,Pre-COVID (2006-2019),3599669.0,3865921.7779898676,-0.07135825047226341,-266252.7779898676,Structurally Balanced,-0.07135825047226341,-266252.7779898676,Structurally Balanced,0.246411684321996,0.135860647074381,1.6064494995315355,1.5484094483019895,142047.63214265037,11.741,12.483,0.3557860149912722,0.3670808091179792,2169.28361,3852.0,13454.802094,173
"Palm Bay-Melbourne-Titusville, FL",2012,Pre-COVID (2006-2019),3386534.0,3411807.7972953706,-0.007435317165599642,-25273.797295370605,Structurally Balanced,-0.007435317165599642,-25273.797295370605,Structurally Balanced,0.24478179814826728,0.13563751008138428,1.591037173539129,1.5637529286178047,139997.47742293528,11.773,10.543,0.3500050520359705,0.3679903000909366,2303.356964,3826.0,13284.873188,183
"Palm Bay-Melbourne-Titusville, FL",2013,Pre-COVID (2006-2019),3506752.0,3309266.873249576,0.05796357653358619,197485.12675042404,Structurally Balanced,0.05796357653358619,197485.12675042404,Structurally Balanced,0.24274037729835943,0.1318131483042401,1.547211638193301,1.567041577984015,146259.4563262637,11.577,10.437,0.3438186538845616,0.3758737767126023,,,,228
"Palm Bay-Melbourne-Titusville, FL",2014,Pre-COVID (2006-2019),3191358.0,2592956.5923792445,0.2076477654315081,598401.4076207555,Moderate Structural Surplus,0.2076477654315081,598401.4076207555,Moderate Structural Surplus,0.2508275230418093,0.12893861283363223,1.5146439812239478,1.6250474723703565,157283.18989471154,11.729,9.877,0.3380971025841817,0.3800900548159749,2161.222419,3852.0,13572.285745,237
"Palm Bay-Melbourne-Titusville, FL",2015,Pre-COVID (2006-2019),3063507.0,2891059.9238976967,0.05793714758927315,172447.07610230334,Structurally Balanced,0.05793714758927315,172447.07610230334,Structurally Balanced,0.2509914328404631,0.1326253576524411,1.5543552024897873,1.6785447009604468,157730.38568679002,11.482,9.509,0.3367865707434053,0.4007673860911271,2299.028354,3928.212,13821.895493,238
"Palm Bay-Melbourne-Titusville, FL",2016,Pre-COVID (2006-2019),2570255.0,2072293.7513498531,0.21534902953930768,497961.2486501469,Moderate Structural Surplus,0.21534902953930768,497961.2486501469,Moderate Structural Surplus,0.25882762216691846,0.1326748801720489,1.5653190831893828,1.7872180308032914,164914.79594828092,11.688,8.232,0.3483637039791744,0.4072145779100037,2818.882788,3966.685,14734.193331,215
"Palm Bay-Melbourne-Titusville, FL",2017,Pre-COVID (2006-2019),2327319.0,1992133.0684963884,0.15551100291668618,335185.9315036116,Structurally Balanced,0.15551100291668618,335185.9315036116,Structurally Balanced,0.26043623158746515,0.13603092531421027,1.612027319004684,1.7897594847243632,166533.90985479113,10.263,9.331,0.3487259681722012,0.4159690920798454,2918.34117,3967.414,15205.09819,177
"Palm Bay-Melbourne-Titusville, FL",2018,Pre-COVID (2006-2019),1887686.0,1856191.3178146735,0.016825030561683718,31494.68218532647,Structurally Balanced,0.016825030561683718,31494.68218532647,Structurally Balanced,0.26877208384695644,0.1428416568756447,1.6660444950913225,1.826731336728558,168339.42341879374,11.427,9.657,0.3535198555956678,0.4205776173285198,3012.06973,3975.964,15582.11988,149
"Palm Bay-Melbourne-Titusville, FL",2019,Pre-COVID (2006-2019),1691157.0,1727863.5386979608,-0.021472786525224663,-36706.53869796079,Structurally Balanced,-0.021472786525224663,-36706.53869796079,Structurally Balanced,0.2703281652380231,0.15099097995527225,1.7433837515618908,1.8717856592302844,165318.401333136,10.724,9.355,0.3546578877124299,0.4219236586884954,3024.98116,3994.887,15693.08132,137
"Palm Bay-Melbourne-Titusville, FL",2020,COVID (2020),1608035.0,1665536.4786975288,-0.035134344272993445,-57501.47869752883,Structurally Balanced,-0.4356633547147233,-877968.2276138137,Moderate Structural Deficit,0.2823205495679046,0.16438917498188851,1.823102750159571,2.032014933756223,167507.5027559821,10.034,9.906,0.3503649635036496,0.4236247106996617,2857.70464,3664.0,14660.40071,142
"Palm Bay-Melbourne-Titusville, FL",2021,COVID (2021),1002884.0,1396833.4687272152,-0.3313280175672766,-393949.4687272152,Moderate Structural Deficit,-0.8262202278456545,-1288371.8585606813,Significant Structural Deficit,0.2836481921642245,0.1659771810912309,1.847290243533383,1.9654550283570764,177339.69434786125,11.872,10.374,0.3571988502743663,0.4192143541503353,2994.0,3840.0,14910.0,116
"Palm Bay-Melbourne-Titusville, FL",2022,Recovery (2022),867554.0,1196609.7927576446,-0.32156990701898636,-329055.79275764455,Moderate Structural Deficit,-0.8454341204998563,-1152969.4252140028,Significant Structural Deficit,0.28232096446644755,0.16932943945422274,1.8652519740278555,1.9068485662882064,185932.1593513215,12.055,10.308,0.3579793144713223,0.4158475083340456,3049.0,4033.0,15021.0,137
"Palm Bay-Melbourne-Titusville, FL",2023,Recovery (2023),1232642.0,1006321.068098489,0.2028586593415298,226320.93190151104,Moderate Structural Surplus,-0.25080526197944764,-351376.69426789624,Moderate Structural Deficit,0.29419279673680215,0.17658141865615323,1.950227719740162,2.0140411777891334,198527.4534253725,11.391,10.265,0.3605005072708827,0.41393304024349,3305.58426,4350.0,15956.09521,156
"Philadelphia-Camden-Wilmington, PA-NJ-DE-MD",2006,Pre-COVID (2006-2019),49527666.0,55460822.48504146,-0.113145447782383,-5933156.485041462,Structurally Balanced,-0.113145447782383,-5933156.485041462,Structurally Balanced,0.15811335053257178,0.09250413472193138,1.083402254804017,1.0155695882620739,165112.35893944596,11.471,9.696,0.3414613832799689,0.339990005737447,25164.0,12596.0,107544.0,2958
"Philadelphia-Camden-Wilmington, PA-NJ-DE-MD",2007,Pre-COVID (2006-2019),48365171.0,53690244.23399367,-0.10445136614744399,-5325073.233993672,Structurally Balanced,-0.10445136614744399,-5325073.233993672,Structurally Balanced,0.1585266580993771,0.09103404271285573,1.0648377339469153,1.0214846253741148,179134.8819453607,10.587,10.857,0.3366009421139846,0.352957604870692,25250.0,12168.0,107580.0,2506
"Philadelphia-Camden-Wilmington, PA-NJ-DE-MD",2008,Pre-COVID (2006-2019),54247732.0,65751524.11702776,-0.19232166618128232,-11503792.11702776,Moderate Structural Deficit,-0.19232166618128232,-11503792.11702776,Structurally Balanced,0.16228662473613353,0.09074587761525742,1.0554914523437908,1.049534621069727,188504.61962285012,9.879,10.084,0.3314099135868494,0.3657687580337959,24749.0,11948.0,105823.0,2444
"Philadelphia-Camden-Wilmington, PA-NJ-DE-MD",2009,Pre-COVID (2006-2019),67822790.0,73182387.00114,-0.07605650311775136,-5359597.001139998,Structurally Balanced,-0.07605650311775136,-5359597.001139998,Structurally Balanced,0.15427902848320582,0.08842972808411166,1.0557638950335089,1.0259140425472861,190980.56626657597,8.789,10.708,0.3187091956883843,0.3817656181195076,,,,2441
"Philadelphia-Camden-Wilmington, PA-NJ-DE-MD",2010,Pre-COVID (2006-2019),69651043.0,75884405.84973405,-0.08571353177919505,-6233362.849734053,Structurally Balanced,-0.08571353177919505,-6233362.849734053,Structurally Balanced,0.15348525894591017,0.08627210948013414,1.0359656265251407,0.9818678865338047,199062.75409595843,8.954,10.24,0.30648745693629,0.3948760250376049,22443.758,38669.416121,127848.923121,3060
"Philadelphia-Camden-Wilmington, PA-NJ-DE-MD",2011,Pre-COVID (2006-2019),70196093.0,73682243.39252494,-0.048469185052510966,-3486150.3925249428,Structurally Balanced,-0.048469185052510966,-3486150.3925249428,Structurally Balanced,0.15001872757479032,0.08640070380846936,1.0216230408228417,0.9426923720691116,198360.5556442063,9.103,9.319,0.298849118567099,0.4041825428535233,22535.329814,11054.0,99189.967315,3251
"Philadelphia-Camden-Wilmington, PA-NJ-DE-MD",2012,Pre-COVID (2006-2019),71047062.0,72792416.28807446,-0.02426927538229151,-1745354.2880744636,Structurally Balanced,-0.02426927538229151,-1745354.2880744636,Structurally Balanced,0.14743921954154038,0.08602606675682509,1.0090915855160068,0.9418940178368783,199657.16890086728,9.367,9.203,0.2948523992396912,0.411711082664184,24174.350447,11424.0,102014.823388,3473
"Philadelphia-Camden-Wilmington, PA-NJ-DE-MD",2013,Pre-COVID (2006-2019),67555763.0,76870306.70661262,-0.12916629794318624,-9314543.706612617,Structurally Balanced,-0.12916629794318624,-9314543.706612617,Structurally Balanced,0.14775158061010463,0.08503150437374456,0.9980926400185993,0.9538292417841421,207318.68813186165,9.569,8.981,0.2909404625734282,0.4211919117504507,,,,3669
"Philadelphia-Camden-Wilmington, PA-NJ-DE-MD",2014,Pre-COVID (2006-2019),67690311.0,65328294.26326089,0.03551781402049059,2362016.7367391065,Structurally Balanced,0.03551781402049059,2362016.7367391065,Structurally Balanced,0.1493063132354386,0.08335295436767769,0.9791485100986478,0.9673174777225041,219967.7631587341,9.111,9.016,0.2854015093535355,0.4294197998508084,25127.972398,11321.0,102927.287986,3849
"Philadelphia-Camden-Wilmington, PA-NJ-DE-MD",2015,Pre-COVID (2006-2019),65251268.0,65010259.36496625,0.0037003851392967135,241008.63503374904,Structurally Balanced,0.0037003851392967135,241008.63503374904,Structurally Balanced,0.1448306209529221,0.08280146646466213,0.9704244531457619,0.9685775669158488,221120.75298225344,9.158,9.12,0.2879822762277002,0.4368445493595449,25431.360835,11783.888,104807.649201,3532
"Philadelphia-Camden-Wilmington, PA-NJ-DE-MD",2016,Pre-COVID (2006-2019),55642412.0,58086704.6902886,-0.04299108651287398,-2444292.6902886033,Structurally Balanced,-0.04299108651287398,-2444292.6902886033,Structurally Balanced,0.13939636234759395,0.0814425446455645,0.9608719386208485,0.9625390448293938,216049.40427588555,9.874,8.157,0.2957477122558066,0.4418956004551583,25908.926045,12730.404,107628.391421,3399
"Philadelphia-Camden-Wilmington, PA-NJ-DE-MD",2017,Pre-COVID (2006-2019),46203130.0,52906302.19323605,-0.13547492114540205,-6703172.193236053,Structurally Balanced,-0.13547492114540205,-6703172.193236053,Structurally Balanced,0.13989341406151184,0.080288901401538,0.951459399200545,0.9613699412747687,222602.77488809297,8.986,8.976,0.299836640331687,0.4490289175272505,26645.59171,12611.213,109321.68954,3508
"Philadelphia-Camden-Wilmington, PA-NJ-DE-MD",2018,Pre-COVID (2006-2019),45459455.0,45569468.53278216,-0.002417112760973339,-110013.53278215975,Structurally Balanced,-0.002417112760973339,-110013.53278215975,Structurally Balanced,0.13995826587295007,0.08044768634933687,0.9383076892046244,0.951237741825471,228880.17914322045,8.79,8.653,0.3021696477893975,0.4522258414766558,26498.97209,12624.733,108672.62576,3121
"Philadelphia-Camden-Wilmington, PA-NJ-DE-MD",2019,Pre-COVID (2006-2019),42598068.0,47176918.7459406,-0.10209586323319897,-4578850.745940603,Structurally Balanced,-0.10209586323319897,-4578850.745940603,Structurally Balanced,0.13983447291596446,0.08061535323460371,0.9308072376062686,0.9682311898194791,235093.07174992573,9.076,8.0,0.3075762576021875,0.4541605770590731,26949.56327,12828.824,109301.41611,3192
"Philadelphia-Camden-Wilmington, PA-NJ-DE-MD",2020,COVID (2020),44772367.0,63850286.673560865,-0.35494993118492957,-19077919.673560865,Moderate Structural Deficit,-0.09061013190955336,-4246304.3255382255,Structurally Balanced,0.13891805813495664,0.08494719263215258,0.9420782148403303,0.9998690110609585,234143.28459443024,9.416,8.857,0.3142019782635242,0.4507077975144894,21845.92298,12162.0,91278.65995,3416
"Philadelphia-Camden-Wilmington, PA-NJ-DE-MD",2021,COVID (2021),42614260.0,67918451.32640174,-0.46611880126034677,-25304191.32640174,Moderate Structural Deficit,-0.21165280661132613,-10044981.25854247,Moderate Structural Deficit,0.1438485839187945,0.08357587933314455,0.9301815193618688,0.9967555951195621,250798.2567367275,10.372,10.639,0.3241277023158013,0.4433816143960799,26105.0,12728.0,108407.0,3036
"Philadelphia-Camden-Wilmington, PA-NJ-DE-MD",2022,Recovery (2022),48024659.0,61067323.120358214,-0.2402623051407602,-13042664.120358214,Moderate Structural Deficit,0.038092768457396176,1794987.1530882344,Structurally Balanced,0.1454763288203881,0.08229569584431369,0.9065299549940372,0.9825743177248055,272688.29882679397,11.156,9.08,0.3296903793172654,0.4383951540805342,25860.0,13124.0,106766.0,3013
"Philadelphia-Camden-Wilmington, PA-NJ-DE-MD",2023,Recovery (2023),57896889.0,51425307.412109,0.11853323917150504,6471581.5878909975,Structurally Balanced,0.4342530103639959,20394274.812943235,Moderate Structural Surplus,0.14541619241042464,0.08161719728428693,0.9014092295932026,0.9955179143761328,286196.9144974921,9.619,9.319,0.328375869224888,0.4397913860268686,26021.90626,13130.0,108775.38129,3256
"Phoenix-Mesa-Chandler, AZ",2006,Pre-COVID (2006-2019),28238872.0,24403936.152721256,0.14595503146118105,3834935.847278744,Structurally Balanced,0.14595503146118105,3834935.847278744,Structurally Balanced,0.14159135423984187,0.07926413205757629,0.9283362268551854,0.909448018415139,146225.17404586996,17.469,10.378,0.458132928758191,0.2817069627812389,9778.0,9309.0,77562.0,428
"Phoenix-Mesa-Chandler, AZ",2007,Pre-COVID (2006-2019),35243121.0,31215983.966885947,0.12134009101592014,4027137.0331140533,Structurally Balanced,0.12134009101592014,4027137.0331140533,Structurally Balanced,0.1413276589570214,0.07921912618593285,0.9266370282945907,0.910660910256588,154116.1850150002,15.574,11.971,0.4635272391505078,0.2865705745183655,9677.0,9825.0,78517.0,372
"Phoenix-Mesa-Chandler, AZ",2008,Pre-COVID (2006-2019),46445129.0,46463676.408119075,-0.000399260506771526,-18547.408119075,Structurally Balanced,-0.000399260506771526,-18547.408119075,Structurally Balanced,0.142212547007734,0.08136832820899605,0.9464184729164996,0.9197122182915817,155743.43474784898,13.44,13.169,0.458294768217115,0.2984390932622166,9198.0,9663.0,78147.0,370
"Phoenix-Mesa-Chandler, AZ",2009,Pre-COVID (2006-2019),56488976.0,54226254.67335232,0.040880309343279464,2262721.3266476765,Structurally Balanced,0.040880309343279464,2262721.3266476765,Structurally Balanced,0.1381155032047689,0.08247512654427513,0.9846718149007884,0.9184309469947266,151756.36115862598,11.409,15.754,0.4343726260858077,0.3205073157842587,,,,406
"Phoenix-Mesa-Chandler, AZ",2010,Pre-COVID (2006-2019),54961989.0,51413183.94110664,0.06674720073548457,3548805.05889336,Structurally Balanced,0.06674720073548457,3548805.05889336,Structurally Balanced,0.14517836730125636,0.08258884179039422,0.9917365153691201,0.9287274729278576,163869.97361896696,11.759,14.154,0.4123798996683955,0.3345803928237394,9646.717,9524.0,78286.642,543
"Phoenix-Mesa-Chandler, AZ",2011,Pre-COVID (2006-2019),47043103.0,51961451.80509443,-0.09943786568291912,-4918348.805094428,Structurally Balanced,-0.09943786568291912,-4918348.805094428,Structurally Balanced,0.14936764662338417,0.08357391296054688,0.9881983748823119,0.9386010892245474,172563.31595346474,12.207,12.794,0.4003323397402953,0.343509096515572,9556.569387,9562.0,77530.484682,657
"Phoenix-Mesa-Chandler, AZ",2012,Pre-COVID (2006-2019),44799987.0,50963462.208222546,-0.12890109943557704,-6163475.208222546,Structurally Balanced,-0.12890109943557704,-6163475.208222546,Structurally Balanced,0.15088943790531098,0.08306049409614813,0.9743052174889225,0.9639352362262017,178568.61057571167,11.894,11.341,0.3871746485098859,0.3496200336614474,9293.878889,9372.0,78835.299554,833
"Phoenix-Mesa-Chandler, AZ",2013,Pre-COVID (2006-2019),42803696.0,47483669.888858855,-0.1037614061175951,-4679973.888858855,Structurally Balanced,-0.1037614061175951,-4679973.888858855,Structurally Balanced,0.14322535035042921,0.08359072248471743,0.98118086349646,0.9246095829561309,167051.80820469794,12.017,10.348,0.3780002674333088,0.3563715985826035,,,,808
"Phoenix-Mesa-Chandler, AZ",2014,Pre-COVID (2006-2019),43502541.0,44070158.329542056,-0.012963521348769547,-567617.3295420557,Structurally Balanced,-0.012963521348769547,-567617.3295420557,Structurally Balanced,0.14398632903834954,0.0816779020863856,0.9594716437175267,0.9328506585804565,174718.19229157275,11.988,9.941,0.3672553275453828,0.3636378584583004,10375.18336,8144.0,83046.63783,955
"Phoenix-Mesa-Chandler, AZ",2015,Pre-COVID (2006-2019),40759866.0,41244386.789283596,-0.011817104873394157,-484520.789283596,Structurally Balanced,-0.011817104873394157,-484520.789283596,Structurally Balanced,0.14315585703484113,0.08067218613996958,0.9454695123348326,0.9573773196873253,180051.7427147537,11.655,10.08,0.3694644155424509,0.3730188221988852,10927.696817,8144.143,87319.891149,1030
"Phoenix-Mesa-Chandler, AZ",2016,Pre-COVID (2006-2019),36522162.0,38724872.90059345,-0.0585628497827706,-2202710.900593452,Structurally Balanced,-0.0585628497827706,-2202710.900593452,Structurally Balanced,0.1419228862249034,0.08019002362830756,0.9460944988533083,0.9799848220265064,183827.55020231212,12.09,9.101,0.3771548328133371,0.3782893700167029,10863.067342,8144.325,87959.484198,1074
"Phoenix-Mesa-Chandler, AZ",2017,Pre-COVID (2006-2019),32971080.0,37266595.85334746,-0.12246655827356889,-4295515.853347458,Structurally Balanced,-0.12246655827356889,-4295515.853347458,Structurally Balanced,0.1397868760848988,0.08019806908240963,0.9503829955846375,0.9606377952405387,187228.5678045845,11.853,9.686,0.38326269553826,0.386006010634199,11232.55068,8146.845,86709.50148,1158
"Phoenix-Mesa-Chandler, AZ",2018,Pre-COVID (2006-2019),31903106.0,35090720.387070365,-0.09523334725934518,-3187614.3870703653,Structurally Balanced,-0.09523334725934518,-3187614.3870703653,Structurally Balanced,0.14143277227120574,0.08155935917764015,0.9512737695235447,0.9612593445356473,193565.6406309256,11.455,9.798,0.3888997459448896,0.3914252642022819,11304.40954,8146.877,88783.82514,1373
"Phoenix-Mesa-Chandler, AZ",2019,Pre-COVID (2006-2019),32570801.0,34904706.93623167,-0.06920547717769665,-2333905.9362316728,Structurally Balanced,-0.06920547717769665,-2333905.9362316728,Structurally Balanced,0.1483182921447939,0.08353401066767939,0.9645068661980346,1.0269742037190588,204250.36035142947,11.392,9.386,0.3924851409403872,0.3955746483846289,11510.92082,6799.808,98234.27633,1552
"Phoenix-Mesa-Chandler, AZ",2020,COVID (2020),32239403.0,49085650.12594695,-0.42037733386014153,-16846247.125946946,Moderate Structural Deficit,-0.22167377134858057,-8000663.221185423,Moderate Structural Deficit,0.1453971794633492,0.08601904055407562,0.9539651830328892,1.0465027800765772,207575.6456453124,11.463,9.737,0.3948797181390244,0.3944032113668524,10046.18857,6803.0,91140.08982,1550
"Phoenix-Mesa-Chandler, AZ",2021,COVID (2021),37229066.0,34299894.09898377,0.08194753360080043,2929171.901016228,Structurally Balanced,0.30941184722216875,9907456.30325852,Moderate Structural Surplus,0.14577277928671212,0.08665864934510374,0.9644920849993183,1.0100887294947867,221775.8565917858,13.349,9.834,0.407379767827529,0.3834438916528468,11531.0,9188.0,103872.0,1436
"Phoenix-Mesa-Chandler, AZ",2022,Recovery (2022),49204791.0,38028170.94561898,0.257663771062802,11176620.05438102,Moderate Structural Surplus,0.5408708615476954,20555745.255509697,Moderate Structural Surplus,0.13842457726561289,0.08776709642519047,0.9668002822748204,0.9349454695892933,224442.48214163363,13.414,10.358,0.4175906282939065,0.374694792458872,12033.0,9144.0,108902.0,1204
"Phoenix-Mesa-Chandler, AZ",2023,Recovery (2023),63795582.0,34692904.859995686,0.6091487451518169,29102677.140004314,Significant Structural Surplus,0.944259541976006,38981175.3372073,Significant Structural Surplus,0.13456241875430175,0.08557329109396622,0.9451017305836523,0.9212130798584092,234212.74651189582,13.13,10.637,0.4208315395353084,0.3703703703703703,11968.64592,9306.0,105363.84001,1431
"Pittsburgh, PA",2006,Pre-COVID (2006-2019),29021306.0,25705069.63813931,0.12134201525735833,3316236.361860689,Structurally Balanced,0.12134201525735833,3316236.361860689,Structurally Balanced,0.14796812335362625,0.0838321904255196,0.9818370217200099,0.9504063104348519,136706.5962113224,9.155,8.715,0.2848442206635738,0.3649875772300521,8364.0,4768.0,38044.0,429
"Pittsburgh, PA",2007,Pre-COVID (2006-2019),26680691.0,28771577.81869641,-0.07544789829640663,-2090886.8186964095,Structurally Balanced,-0.07544789829640663,-2090886.8186964095,Structurally Balanced,0.14350506409421096,0.08375270059947892,0.9796668725301954,0.9246912689200215,141725.7169379049,8.906,9.355,0.2813912272928666,0.378932210899424,8541.0,4821.0,38456.0,342
"Pittsburgh, PA",2008,Pre-COVID (2006-2019),23658669.0,28643907.526390467,-0.19121116707854924,-4985238.526390467,Moderate Structural Deficit,-0.19121116707854924,-4985238.526390467,Structurally Balanced,0.14141507231429537,0.08374310682578423,0.9740402073368332,0.9145548166785302,144437.52864661533,7.798,8.894,0.2739411923388185,0.3929502742559122,8263.0,4825.0,37812.0,336
"Pittsburgh, PA",2009,Pre-COVID (2006-2019),29105886.0,27697887.3051492,0.049584282052947515,1407998.6948507987,Structurally Balanced,0.049584282052947515,1407998.6948507987,Structurally Balanced,0.13334611165036964,0.08160773614791274,0.9743160275064499,0.8867157759946884,142743.9527026322,7.463,8.676,0.2656139792041136,0.4052695046756615,,,,322
"Pittsburgh, PA",2010,Pre-COVID (2006-2019),31796985.0,30807392.076853562,0.031616810291716035,989592.9231464379,Structurally Balanced,0.031616810291716035,989592.9231464379,Structurally Balanced,0.13626114293739178,0.08188066963159425,0.9832327008849292,0.8716826707101997,152841.63513687882,7.401,8.133,0.2501381978993919,0.4201907131011608,7035.823,5037.0,33776.417,419
"Pittsburgh, PA",2011,Pre-COVID (2006-2019),30735883.0,29084405.575916044,0.05522865973318858,1651477.4240839556,Structurally Balanced,0.05522865973318858,1651477.4240839556,Structurally Balanced,0.14023291141786637,0.0827563180958657,0.9785309333569705,0.8811999544574248,162266.7883308207,8.051,7.685,0.2364436212086131,0.4297754109747627,7031.612226,4993.0,33078.549952,418
"Pittsburgh, PA",2012,Pre-COVID (2006-2019),27913940.0,26667258.316042945,0.04568967301383253,1246681.6839570552,Structurally Balanced,0.04568967301383253,1246681.6839570552,Structurally Balanced,0.14510451607629324,0.083884361487369,0.9839692377493402,0.9269791041919392,169433.29796997065,7.653,7.383,0.234043043989758,0.4378676385781181,6826.837092,5540.0,33226.393644,496
"Pittsburgh, PA",2013,Pre-COVID (2006-2019),25333688.0,25767863.59860557,-0.0169930670534022,-434175.59860556945,Structurally Balanced,-0.0169930670534022,-434175.59860556945,Structurally Balanced,0.14456720538467116,0.08475162867809385,0.9948074826641999,0.9332720998957819,171933.10575497398,7.662,7.552,0.2285873839495544,0.450543313865556,,,,621
"Pittsburgh, PA",2014,Pre-COVID (2006-2019),23432683.0,24172096.659441806,-0.031067180035787345,-739413.6594418064,Structurally Balanced,-0.031067180035787345,-739413.6594418064,Structurally Balanced,0.15926112290451203,0.0865208729383337,1.0163621010517538,1.0318121475835913,192524.78635613777,7.984,7.47,0.2311119361425654,0.455332281418229,7749.484769,5543.0,33716.635543,555
"Pittsburgh, PA",2015,Pre-COVID (2006-2019),24634625.0,23718809.006408438,0.03788461128876719,915815.9935915619,Structurally Balanced,0.03788461128876719,915815.9935915619,Structurally Balanced,0.1500612438641718,0.08851346908220617,1.0373685213267645,1.003558180680388,182305.25212635836,7.611,7.744,0.2330532212885154,0.4644957983193277,8698.929546,5828.283,35093.866955,545
"Pittsburgh, PA",2016,Pre-COVID (2006-2019),19319915.0,22955189.164358456,-0.17240758913881393,-3635274.1643584557,Structurally Balanced,-0.17240758913881393,-3635274.1643584557,Structurally Balanced,0.14460433078583906,0.08782037643030188,1.0361186001522185,0.9985003345045874,178051.798632294,7.864,7.284,0.241699526353858,0.4746494318579528,9208.72569,4600.563,34163.701246,519
"Pittsburgh, PA",2017,Pre-COVID (2006-2019),18757256.0,20323626.28505238,-0.08020340147538363,-1566370.2850523815,Structurally Balanced,-0.08020340147538363,-1566370.2850523815,Structurally Balanced,0.150725291485081,0.08575832981503222,1.01627457267325,1.0358083373383127,198968.78618317467,7.423,8.321,0.2421030315878736,0.4803194120556851,9143.35561,4599.765,33977.3863,636
"Pittsburgh, PA",2018,Pre-COVID (2006-2019),16167236.0,16911093.066197302,-0.04498307589587114,-743857.0661973022,Structurally Balanced,-0.04498307589587114,-743857.0661973022,Structurally Balanced,0.14404907734485656,0.08655929459850097,1.0095908953952315,0.9790412748465396,192580.34516694088,7.089,7.438,0.2436057908036747,0.485251399286777,9911.73544,4613.663,35690.73201,580
"Pittsburgh, PA",2019,Pre-COVID (2006-2019),17749163.0,19048989.68323928,-0.07067570528572276,-1299826.6832392812,Structurally Balanced,-0.07067570528572276,-1299826.6832392812,Structurally Balanced,0.14493883833693774,0.08732863083830993,1.0083206036198726,1.00357444747092,194652.35447063908,7.764,7.486,0.2509840895698291,0.4853741897466117,10948.82159,4649.154,36736.01113,674
"Pittsburgh, PA",2020,COVID (2020),19503357.0,22561878.52935491,-0.1456750867093426,-3058521.5293549113,Structurally Balanced,-0.047424572907772244,-947221.6413052529,Structurally Balanced,0.14263555970010267,0.09167571199646193,1.0166985915100581,1.026625896835658,188041.1918645582,7.228,7.789,0.2496965947219379,0.4862099326559265,8186.03815,3791.0,29660.32096,678
"Pittsburgh, PA",2021,COVID (2021),17075210.0,18628589.17875264,-0.08706974922042576,-1553379.1787526384,Structurally Balanced,-0.015393156279536413,-264874.77530512214,Structurally Balanced,0.16462223798353876,0.08970967707676047,0.9984493659001266,1.1407003970496332,240208.2234669667,8.002,9.776,0.2576262992506647,0.4802030456852791,9478.0,3895.0,35234.0,643
"Pittsburgh, PA",2022,Recovery (2022),17473341.0,19516461.867652174,-0.11058195978495178,-2043120.867652174,Structurally Balanced,-0.03429873398830807,-609709.8418066204,Structurally Balanced,0.16392395888955602,0.0886812147592902,0.976869771860744,1.1071730594983327,252608.73857872238,9.749,7.635,0.2611075566929693,0.4759602853012962,9253.0,4177.0,35451.0,681
"Pittsburgh, PA",2023,Recovery (2023),17563194.0,17505587.1339356,0.0032853675558328632,57606.86606439948,Structurally Balanced,0.08059372726917147,1359945.6906963252,Structurally Balanced,0.16378439885719656,0.08854283370484572,0.9778984107709592,1.1212664865922881,266182.98609454464,7.719,7.573,0.2648267069600529,0.4753045613372367,9402.80175,3910.0,36251.93682,722
"Portland-Vancouver-Hillsboro, OR-WA",2006,Pre-COVID (2006-2019),14220557.0,15433892.732279161,-0.08187732412839566,-1213335.732279161,Structurally Balanced,-0.08187732412839566,-1213335.732279161,Structurally Balanced,0.20606730043463659,0.10318707093663212,1.2085200910793967,1.3235800946079477,172359.72029422203,13.949,9.612,0.3885798713714584,0.3188119242134538,9932.0,3950.0,35389.0,732
"Portland-Vancouver-Hillsboro, OR-WA",2007,Pre-COVID (2006-2019),12500290.0,14771507.80521444,-0.16694833295486333,-2271217.8052144405,Structurally Balanced,-0.16694833295486333,-2271217.8052144405,Structurally Balanced,0.1973484757283722,0.10239706693382326,1.197752593066209,1.2716374407588735,172548.137997215,12.666,10.245,0.3904871255129595,0.3284216793178967,10027.0,3966.0,35211.0,714
"Portland-Vancouver-Hillsboro, OR-WA",2008,Pre-COVID (2006-2019),14225118.0,15099454.845616851,-0.05964936499704976,-874336.845616851,Structurally Balanced,-0.05964936499704976,-874336.845616851,Structurally Balanced,0.20926394945860333,0.1031435730597275,1.199692620642367,1.3533448012471272,189915.3626759196,11.23,10.699,0.3867189986209823,0.3401718468229553,9758.0,3621.0,34294.0,674
"Portland-Vancouver-Hillsboro, OR-WA",2009,Pre-COVID (2006-2019),24483402.0,18037667.53488162,0.30553320637686454,6445734.465118378,Moderate Structural Surplus,0.30553320637686454,6445734.465118378,Moderate Structural Surplus,0.2015767528985803,0.10119208968777474,1.2081339281483152,1.3404311881070041,192345.3719506791,9.455,12.859,0.3663940389321223,0.3601551994003659,,,,689
"Portland-Vancouver-Hillsboro, OR-WA",2010,Pre-COVID (2006-2019),25942240.0,24115911.51707994,0.07300067671681632,1826328.4829200618,Structurally Balanced,0.07300067671681632,1826328.4829200618,Structurally Balanced,0.21222332066726945,0.10198271863406906,1.2246204670445509,1.357623948826196,207936.0830576519,10.682,10.977,0.3545424292845258,0.372534664448142,9884.164,3765.0,34902.474,835
"Portland-Vancouver-Hillsboro, OR-WA",2011,Pre-COVID (2006-2019),22622588.0,22481088.87521191,0.0062744148063167415,141499.1247880906,Structurally Balanced,0.0062744148063167415,141499.1247880906,Structurally Balanced,0.2217616549770203,0.1056478460326673,1.2492059550757617,1.393512822990969,216210.9838044281,10.644,10.271,0.3464643560195528,0.3788237375859857,9849.10066,3734.0,34828.942951,1008
"Portland-Vancouver-Hillsboro, OR-WA",2012,Pre-COVID (2006-2019),21162239.0,20237311.75704766,0.04469039697631061,924927.2429523394,Structurally Balanced,0.04469039697631061,924927.2429523394,Structurally Balanced,0.21126010716067373,0.10724425776983676,1.2579824021986459,1.3496044794658817,201989.0263014327,10.655,9.883,0.3378886605151528,0.3838282240783662,9784.08483,3627.0,34720.677082,1039
"Portland-Vancouver-Hillsboro, OR-WA",2013,Pre-COVID (2006-2019),19059839.0,17057008.409886435,0.11102228147627358,2002830.5901135653,Structurally Balanced,0.11102228147627358,2002830.5901135653,Structurally Balanced,0.20451902979025696,0.10660999312356316,1.2513791243933041,1.3202987765663743,196269.64299898277,10.813,9.178,0.3330103150504985,0.3897323255162909,,,,1094
"Portland-Vancouver-Hillsboro, OR-WA",2014,Pre-COVID (2006-2019),17675072.0,15586551.383558976,0.12574683368054096,2088520.6164410245,Structurally Balanced,0.12574683368054096,2088520.6164410245,Structurally Balanced,0.19794093276098504,0.10625445737916496,1.248172838304259,1.2824087586602402,194928.4607407925,10.677,8.797,0.330289579370112,0.395434369055168,10391.20118,3492.0,36239.767434,1191
"Portland-Vancouver-Hillsboro, OR-WA",2015,Pre-COVID (2006-2019),14186047.0,12937509.928651454,0.09212803744273401,1248537.071348546,Structurally Balanced,0.09212803744273401,1248537.071348546,Structurally Balanced,0.1934812635382193,0.10637846063098144,1.2467443378960614,1.2939363944491296,197534.98535011066,10.938,8.449,0.3346686765647262,0.401305057096248,10736.4892,3412.781,36979.27562,1136
"Portland-Vancouver-Hillsboro, OR-WA",2016,Pre-COVID (2006-2019),12098668.0,12970777.418297576,-0.06960357236346937,-872109.4182975758,Structurally Balanced,-0.06960357236346937,-872109.4182975758,Structurally Balanced,0.189150660998408,0.10514308106709304,1.240494591336531,1.3060950336154782,200021.41004263825,11.214,8.504,0.3432784843188073,0.403933859723143,10785.07881,3511.757,37527.628217,1273
"Portland-Vancouver-Hillsboro, OR-WA",2017,Pre-COVID (2006-2019),11858288.0,12915612.31274534,-0.08540980400803377,-1057324.3127453402,Structurally Balanced,-0.08540980400803377,-1057324.3127453402,Structurally Balanced,0.19093247145306252,0.10417155291798007,1.2344795036793277,1.312118516083726,214537.9991576417,10.886,9.031,0.3496191641343383,0.408402067958483,10793.18885,3724.666,37878.33422999999,1182
"Portland-Vancouver-Hillsboro, OR-WA",2018,Pre-COVID (2006-2019),11969728.0,10936907.41937973,0.09023772441990374,1032820.5806202702,Structurally Balanced,0.09023772441990374,1032820.5806202702,Structurally Balanced,0.18752342682520606,0.1062960887583174,1.2397924905037196,1.274518228416108,214442.3541335462,10.21,8.872,0.3535568908703237,0.4123279705369257,11071.85053,3478.957,38098.33797,1078
"Portland-Vancouver-Hillsboro, OR-WA",2019,Pre-COVID (2006-2019),13510329.0,12547262.983224757,0.07395195120034259,963066.016775243,Structurally Balanced,0.07395195120034259,963066.016775243,Structurally Balanced,0.1811495331988407,0.10713510008699616,1.2370115934670718,1.2543017784302923,212549.4274139991,9.821,9.114,0.3569323806405639,0.4151532076343817,11086.18584,3472.716,38311.26446999999,1271
"Portland-Vancouver-Hillsboro, OR-WA",2020,COVID (2020),15593201.0,15191109.5010837,0.026124630432931895,402091.4989163,Structurally Balanced,0.07965487516415237,1193893.563252531,Structurally Balanced,0.1825629115211064,0.11171717691754027,1.2389617047525814,1.314004818737707,220658.84287479837,9.646,9.581,0.3525494196677766,0.4177429599830616,9203.91434,3336.0,33343.75708,1142
"Portland-Vancouver-Hillsboro, OR-WA",2021,COVID (2021),12075023.0,12643675.000620808,-0.04601798588221939,-568652.0006208085,Structurally Balanced,-0.043592572006357244,-538023.0148309004,Structurally Balanced,0.17415926230229248,0.11084902700869566,1.2337257733385532,1.206784345125726,223985.41019492765,10.484,10.449,0.3535604311008468,0.4174749807544264,10306.0,3299.0,36394.0,983
"Portland-Vancouver-Hillsboro, OR-WA",2022,Recovery (2022),12265096.0,13117632.607310073,-0.06719982088816323,-852536.6073100735,Structurally Balanced,-0.061652824793863914,-779974.587148061,Structurally Balanced,0.17722207740409338,0.11271982329105135,1.2416675658017795,1.1969910376697335,238914.33712414856,11.844,9.528,0.356422867615432,0.4126755558880182,10480.0,3390.0,36575.0,935
"Portland-Vancouver-Hillsboro, OR-WA",2023,Recovery (2023),17046708.0,11678194.526870696,0.3782337186356912,5368513.473129304,Moderate Structural Surplus,0.44957641634291434,6172641.985465754,Moderate Structural Surplus,0.17255160304616993,0.11121811394948501,1.228332235702918,1.1812866857492204,247823.39340866695,10.487,9.997,0.3508339863427739,0.4137094667711481,10665.508,3305.0,37099.06778,1013
"Providence-Warwick, RI-MA",2006,Pre-COVID (2006-2019),16920553.0,19237430.91136095,-0.12832887094716838,-2316877.9113609493,Structurally Balanced,-0.12832887094716838,-2316877.9113609493,Structurally Balanced,0.13366690955599309,0.08367966410016918,0.9800506435727157,0.8585489324260401,120535.80299936858,11.182,9.292,0.3192652329749104,0.3469832735961768,7388.0,1824.0,26663.0,378
"Providence-Warwick, RI-MA",2007,Pre-COVID (2006-2019),17609237.0,18740035.134862058,-0.06223855775305154,-1130798.1348620579,Structurally Balanced,-0.06223855775305154,-1130798.1348620579,Structurally Balanced,0.12077611456130413,0.08262990845879638,0.9665334182404742,0.7782346869348385,113105.9073404283,9.863,10.226,0.3161886917893082,0.3605814269741017,7880.0,1826.0,27273.0,336
"Providence-Warwick, RI-MA",2008,Pre-COVID (2006-2019),20330607.0,25881519.9634033,-0.2414017145578562,-5550912.963403299,Moderate Structural Deficit,-0.2414017145578562,-5550912.963403299,Moderate Structural Deficit,0.1244003002102443,0.08168173084900233,0.950063749334136,0.8045174527130884,121473.81094915551,8.791,10.671,0.3043397568746326,0.3765040675554456,7190.0,1832.0,26006.0,306
"Providence-Warwick, RI-MA",2009,Pre-COVID (2006-2019),23867286.0,27299325.647141583,-0.13435326563344674,-3432039.6471415833,Structurally Balanced,-0.13435326563344674,-3432039.6471415833,Structurally Balanced,0.12064136813593453,0.0781185163217709,0.9326581778885958,0.802232648854441,128855.20739836081,7.587,11.736,0.2835575341140037,0.3956901835543082,,,,288
"Providence-Warwick, RI-MA",2010,Pre-COVID (2006-2019),24035516.0,26180142.710157763,-0.08546864177367297,-2144626.710157763,Structurally Balanced,-0.08546864177367297,-2144626.710157763,Structurally Balanced,0.1219392750398426,0.07665865353676068,0.9205261180969617,0.7800635650035167,137282.44608903822,8.769,9.939,0.2668089297439264,0.4110308601444517,7144.642,1853.0,26363.51,454
"Providence-Warwick, RI-MA",2011,Pre-COVID (2006-2019),24057362.0,23201942.537555892,0.03620505674091845,855419.462444108,Structurally Balanced,0.03620505674091845,855419.462444108,Structurally Balanced,0.12017198085580788,0.07657751034065198,0.905471200168519,0.7551404515994725,138660.45629665302,8.846,9.414,0.254783617973802,0.4227159675012436,7307.695212,1846.0,25490.154108,584
"Providence-Warwick, RI-MA",2012,Pre-COVID (2006-2019),23296709.0,23106127.37012062,0.008214269488629355,190581.6298793815,Structurally Balanced,0.008214269488629355,190581.6298793815,Structurally Balanced,0.11467957932518849,0.07493619022079352,0.8790065831578929,0.7326138192423878,136995.23810435578,9.055,8.911,0.2506687803428118,0.4293074408005548,7181.233808,1932.0,25533.290989,1000
"Providence-Warwick, RI-MA",2013,Pre-COVID (2006-2019),20550592.0,20385690.90655845,0.008056519726537203,164901.0934415497,Structurally Balanced,0.008056519726537203,164901.0934415497,Structurally Balanced,0.12173141781905258,0.07441122806539409,0.8734327307720506,0.7858527501377862,148468.06976446958,8.27,8.636,0.2444289230359874,0.4418279784474156,,,,1381
"Providence-Warwick, RI-MA",2014,Pre-COVID (2006-2019),20127606.0,20318056.991287813,-0.009417692026197244,-190450.9912878126,Structurally Balanced,-0.009417692026197244,-190450.9912878126,Structurally Balanced,0.1180115800444482,0.07443616739758988,0.8744028685930585,0.7645668925642445,146291.96683175745,8.687,8.556,0.2433955970647098,0.4507004669779853,7547.768871,2276.0,25697.302067,1395
"Providence-Warwick, RI-MA",2015,Pre-COVID (2006-2019),19443100.0,20505067.759102922,-0.05317981201500288,-1061967.759102922,Structurally Balanced,-0.05317981201500288,-1061967.759102922,Structurally Balanced,0.12375959645469849,0.07501701229877537,0.8791914714184046,0.8276617750299072,158461.77242630252,8.953,8.381,0.2501244648013542,0.4598559527365661,5312.333041,2287.891,22834.824767,1465
"Providence-Warwick, RI-MA",2016,Pre-COVID (2006-2019),17323373.0,18780557.723328825,-0.08076554093480226,-1457184.723328825,Structurally Balanced,-0.08076554093480226,-1457184.723328825,Structurally Balanced,0.12464503815430555,0.07393510797757023,0.8722980211844197,0.8606803932845918,162929.93429950977,9.632,7.475,0.2577783575761529,0.4666036135933729,8066.94464,2299.841,26612.13792200001,1352
"Providence-Warwick, RI-MA",2017,Pre-COVID (2006-2019),13768919.0,13089009.29264599,0.05064091289700556,679909.7073540092,Structurally Balanced,0.05064091289700556,679909.7073540092,Structurally Balanced,0.11688758772145515,0.07204197496273596,0.853729631602014,0.8032702189547971,159421.61221946546,8.004,8.081,0.2623314002736691,0.4735778979605134,8290.61586,2324.362,27267.14393,1420
"Providence-Warwick, RI-MA",2018,Pre-COVID (2006-2019),10812884.0,9614392.206653483,0.11747722207208611,1198491.7933465168,Structurally Balanced,0.11747722207208611,1198491.7933465168,Structurally Balanced,0.11605653555731378,0.07273328691836978,0.8483302065429136,0.7887876869512092,159550.94078920633,8.109,8.466,0.2652315720808871,0.476842791911285,8202.85765,2333.841,27271.23843,1267
"Providence-Warwick, RI-MA",2019,Pre-COVID (2006-2019),10774190.0,9842395.78400472,0.09045430373678087,931794.2159952801,Structurally Balanced,0.09045430373678087,931794.2159952801,Structurally Balanced,0.1080610740680356,0.07200236555442346,0.8313592919178766,0.7482282454122935,155715.5838339766,8.659,7.824,0.2704541037766405,0.4793677528017102,7595.4867,2322.756,25363.50462,1367
"Providence-Warwick, RI-MA",2020,COVID (2020),10199097.0,9948389.617641406,0.024888496360940593,250707.38235859387,Structurally Balanced,-0.006431394390595813,-65805.79993518628,Structurally Balanced,0.11082738625876849,0.07434427031677474,0.8244900778171758,0.7976851288071765,166620.58057861388,8.312,8.381,0.2741197468765212,0.4760668505597923,6615.17854,2218.0,23050.10649,1456
"Providence-Warwick, RI-MA",2021,COVID (2021),8660339.0,8350859.901249438,0.036389351558691274,309479.0987505624,Structurally Balanced,-0.02761763546195617,-242511.4680270087,Structurally Balanced,0.10939235727756313,0.0744801412682217,0.8289479155941825,0.7580015124881807,169403.78373801705,9.041,10.314,0.279898804047838,0.4715797082402418,7498.0,2289.0,24910.0,1271
"Providence-Warwick, RI-MA",2022,Recovery (2022),7800814.0,10680926.51388232,-0.3142314947805769,-2880112.5138823204,Moderate Structural Deficit,-0.39912959775174706,-3826508.1338711046,Moderate Structural Deficit,0.10754662554398417,0.0742056285667187,0.8174136500668499,0.7263900118620238,176261.9766900618,11.332,8.332,0.2890448813645459,0.4631706000063526,7733.0,2380.0,25031.0,1259
"Providence-Warwick, RI-MA",2023,Recovery (2023),8653854.0,10367534.513377812,-0.18067447128080083,-1713680.5133778118,Moderate Structural Deficit,-0.2448311769727507,-2400627.903121859,Moderate Structural Deficit,0.10804816099243927,0.0750887585376686,0.8293068401845356,0.7396967153408888,182965.98333681154,9.3,8.505,0.2907163811867133,0.4624459796220939,7688.33236,2403.0,25579.89656,1355
"Provo-Orem-Lehi, UT",2006,Pre-COVID (2006-2019),877839.0,1160811.329781474,-0.2794112563219464,-282972.3297814741,Moderate Structural Deficit,-0.2794112563219464,-282972.3297814741,Moderate Structural Deficit,0.12459093378537536,0.08421294664729799,0.9862964131887846,0.8002535073692926,93323.82811503227,20.733,11.677,0.5285808580858086,0.2205940594059406,3766.0,2051.0,9321.0,114
"Provo-Orem-Lehi, UT",2007,Pre-COVID (2006-2019),1043223.0,1371407.0329213885,-0.2735222846404426,-328184.0329213885,Moderate Structural Deficit,-0.2735222846404426,-328184.0329213885,Moderate Structural Deficit,0.14427184411054947,0.08985121908958903,1.0510020831384477,0.9296321035223816,107272.88758433165,19.934,11.956,0.5364545232870032,0.2217751767861497,3828.0,2065.0,9763.0,120
"Provo-Orem-Lehi, UT",2008,Pre-COVID (2006-2019),2166554.0,1955289.2867221574,0.10259973164308711,211264.71327784262,Structurally Balanced,0.10259973164308711,211264.71327784262,Structurally Balanced,0.16417200242323615,0.094640916484246,1.1007957718435126,1.0617276724664388,119722.6471166663,16.069,14.858,0.520609210685362,0.2279705064668197,3643.0,1986.0,9305.0,93
"Provo-Orem-Lehi, UT",2009,Pre-COVID (2006-2019),3522079.0,3250543.11351013,0.08022934603041953,271535.88648987,Structurally Balanced,0.08022934603041953,271535.88648987,Structurally Balanced,0.1884372422460838,0.09648236071618013,1.1519044009142914,1.2530569764391934,141599.14604057997,13.788,17.828,0.4907442387608614,0.2468202997103639,,,,117
"Provo-Orem-Lehi, UT",2010,Pre-COVID (2006-2019),3914653.0,3206056.751022306,0.19968493651870034,708596.2489776942,Moderate Structural Surplus,0.19968493651870034,708596.2489776942,Structurally Balanced,0.19659183113147644,0.10004839285362366,1.2013928558140141,1.257626999938139,147194.62683300502,15.546,15.546,0.4724250818433644,0.2591286829513976,3921.602,2156.0,9863.121,184
"Provo-Orem-Lehi, UT",2011,Pre-COVID (2006-2019),2851111.0,2986575.81697622,-0.04641877655283011,-135464.81697621988,Structurally Balanced,-0.04641877655283011,-135464.81697621988,Structurally Balanced,0.19187744256584746,0.10112543482709228,1.19573185956454,1.2057254744330295,146331.73382667513,14.793,13.664,0.4576736067821967,0.2687944146615135,3799.616465,2120.0,9881.299362999998,154
"Provo-Orem-Lehi, UT",2012,Pre-COVID (2006-2019),2818310.0,2744927.1562182987,0.026382876810794542,73382.84378170129,Structurally Balanced,0.026382876810794542,73382.84378170129,Structurally Balanced,0.15151513360726312,0.09736407897609294,1.1420872362329233,0.9679324022481564,120320.3687577889,15.421,12.246,0.4413718149981886,0.2794348508634223,3767.592193,1981.0,9796.320494,191
"Provo-Orem-Lehi, UT",2013,Pre-COVID (2006-2019),1688030.0,2189645.320877079,-0.2601774082473636,-501615.3208770789,Moderate Structural Deficit,-0.2601774082473636,-501615.3208770789,Moderate Structural Deficit,0.15094661614114652,0.10151217051881561,1.1915413118155693,0.9744552026399453,115514.23365866955,14.35,11.22,0.4314459522695367,0.2944548432381844,,,,233
"Provo-Orem-Lehi, UT",2014,Pre-COVID (2006-2019),1896420.0,1884126.3020428247,0.006503685080463839,12293.697957175318,Structurally Balanced,0.006503685080463839,12293.697957175318,Structurally Balanced,0.15266688870516354,0.1043708828846281,1.2260464580940245,0.9890897880597395,114098.96042475349,15.052,10.861,0.4155916993830622,0.3083567021873247,4170.247377,1934.0,10186.037061,278
"Provo-Orem-Lehi, UT",2015,Pre-COVID (2006-2019),2309757.0,1764707.4245041711,0.2691574127038905,545049.5754958289,Moderate Structural Surplus,0.2691574127038905,545049.5754958289,Moderate Structural Surplus,0.1519170674758074,0.10230519147728317,1.1990060530592812,1.0159692930995448,121141.56776105089,14.617,10.919,0.4173781476277964,0.3151410353398897,4492.030008,1883.218,10900.027865,278
"Provo-Orem-Lehi, UT",2016,Pre-COVID (2006-2019),1313557.0,1654492.2923454035,-0.23075546505805278,-340935.29234540346,Moderate Structural Deficit,-0.23075546505805278,-340935.29234540346,Moderate Structural Deficit,0.1352171249675352,0.09996853006333845,1.1794444255281262,0.933681195971859,114617.32055866338,13.962,10.092,0.4157549234135667,0.3244763988746483,5052.651823,3143.416,12912.290529,264
"Provo-Orem-Lehi, UT",2017,Pre-COVID (2006-2019),1881428.0,1866331.2349974196,0.00805646559053308,15096.76500258036,Structurally Balanced,0.00805646559053308,15096.76500258036,Structurally Balanced,0.1411403261079207,0.10265032218630246,1.2164522389797057,0.9699389205142331,121951.41284006373,14.408,10.637,0.4220349187236604,0.3356411800120409,5190.48991,2001.282,12042.28728,332
"Provo-Orem-Lehi, UT",2018,Pre-COVID (2006-2019),1777348.0,1736112.8265289767,0.023473759310871145,41235.17347102333,Structurally Balanced,0.023473759310871145,41235.17347102333,Structurally Balanced,0.15180965175778993,0.10868224955454701,1.2676236578670472,1.0317866502895918,130620.39397129716,14.35,10.365,0.42774843975036,0.341910705712914,5293.07296,2001.282,12234.39053,352
"Provo-Orem-Lehi, UT",2019,Pre-COVID (2006-2019),1563325.0,1845990.4827918261,-0.16620101719784408,-282665.4827918261,Structurally Balanced,-0.16620101719784408,-282665.4827918261,Structurally Balanced,0.1404844499240073,0.10762225664501339,1.2426364382622088,0.9727317110338067,130508.50675082458,14.853,10.223,0.4411710887465691,0.3415370539798719,5534.94515,2340.532,12889.37906,520
"Provo-Orem-Lehi, UT",2020,COVID (2020),1577375.0,1215240.868645314,0.2608197700479149,362134.1313546861,Moderate Structural Surplus,-0.14355682732746544,-243503.17839731276,Structurally Balanced,0.1352482742364364,0.10512273753484824,1.165828296937432,0.9734555753515693,136035.5323129076,14.552,11.717,0.4429028815368196,0.3432942013518321,5025.91912,2113.0,11607.33398,442
"Provo-Orem-Lehi, UT",2021,COVID (2021),1676637.0,1482013.1956863354,0.12338857064388087,194623.80431366456,Structurally Balanced,-0.26879063840600637,-517043.30923211435,Moderate Structural Deficit,0.12744447773652132,0.10236623516792832,1.1393141289043653,0.8830882639948665,139073.0887340203,16.982,10.038,0.4598961338718984,0.3322067430549831,5528.0,2321.0,12804.0,350
"Provo-Orem-Lehi, UT",2022,Recovery (2022),3542954.0,2223994.1385784624,0.4656561015980092,1318959.8614215376,Moderate Structural Surplus,0.22301056527676621,708213.8442049823,Moderate Structural Surplus,0.16392666320700666,0.11498259067198212,1.2665931271078983,1.1071913249638934,167430.34685220412,16.348,10.908,0.4699530516431925,0.3249608763693271,5657.0,2352.0,13085.0,302
"Provo-Orem-Lehi, UT",2023,Recovery (2023),4433993.0,2682517.4072033227,0.502544847809455,1751475.5927966773,Moderate Structural Surplus,0.3047371158381882,1164733.794301326,Moderate Structural Surplus,0.1633523439856057,0.11200471286575116,1.2370197126894236,1.118308642919362,182459.42557716958,15.152,11.641,0.4639581596301069,0.3266883953611764,5450.95326,2422.0,12952.46407,347
"Raleigh-Cary, NC",2006,Pre-COVID (2006-2019),5837389.0,5978406.065454369,-0.02387038036997602,-141017.0654543694,Structurally Balanced,-0.02387038036997602,-141017.0654543694,Structurally Balanced,0.19189261715101996,0.09085459909281274,1.0640830035582345,1.2325354281227963,184056.14881157424,15.367,9.633,0.4141778483143365,0.2864906458904439,5614.0,6061.0,22949.0,238
"Raleigh-Cary, NC",2007,Pre-COVID (2006-2019),5883122.0,5566853.303888027,0.05525761554902964,316268.6961119734,Structurally Balanced,0.05525761554902964,316268.6961119734,Structurally Balanced,0.19016160457265996,0.08908644285027875,1.0420563901495918,1.225328015718811,194049.11480324183,13.986,10.65,0.4138011695906433,0.2940350877192982,5734.0,6560.0,24649.0,207
"Raleigh-Cary, NC",2008,Pre-COVID (2006-2019),7145948.0,7523698.3602088895,-0.051512337508915707,-377750.36020888947,Structurally Balanced,-0.051512337508915707,-377750.36020888947,Structurally Balanced,0.19419079025046174,0.09101681853492448,1.058642844256173,1.2558641711362821,203179.33423744544,12.66,11.036,0.4084813170551239,0.3091934887162412,6039.0,6698.0,25376.0,240
"Raleigh-Cary, NC",2009,Pre-COVID (2006-2019),9820402.0,10335812.174074437,-0.0511527164701846,-515410.17407443747,Structurally Balanced,-0.0511527164701846,-515410.17407443747,Structurally Balanced,0.1999101125622491,0.08957124846436852,1.069392524556985,1.3293484781513603,221513.71222019172,10.344,13.188,0.3889500119588615,0.3278163118871083,,,,277
"Raleigh-Cary, NC",2010,Pre-COVID (2006-2019),9542322.0,10390303.048908744,-0.08513611997891246,-847981.048908744,Structurally Balanced,-0.08513611997891246,-847981.048908744,Structurally Balanced,0.1992651009972431,0.08971738432047843,1.0773368915844523,1.274728302377612,224230.59952567428,11.536,10.964,0.3793169060983731,0.3388830748739416,6280.92,5632.0,24323.284,456
"Raleigh-Cary, NC",2011,Pre-COVID (2006-2019),9725752.0,9195528.591359178,0.05605986976378219,530223.4086408224,Structurally Balanced,0.05605986976378219,530223.4086408224,Structurally Balanced,0.19802270805583153,0.09289440133280397,1.0984061076101306,1.2443412859080298,213347.64688775458,11.367,10.71,0.3712648576975896,0.3468295685940237,6466.987,6050.0,25618.178511,444
"Raleigh-Cary, NC",2012,Pre-COVID (2006-2019),9463863.0,8876038.756966287,0.06412527911166954,587824.2430337127,Structurally Balanced,0.06412527911166954,587824.2430337127,Structurally Balanced,0.18690576019678037,0.09471177385599958,1.110975517659612,1.1940202747682174,193929.97043501138,11.215,9.748,0.361872784928185,0.355623950755456,6504.919,6090.0,25836.762527,545
"Raleigh-Cary, NC",2013,Pre-COVID (2006-2019),8783295.0,8758151.849246778,0.0028667154070340928,25143.150753222406,Structurally Balanced,0.0028667154070340928,25143.150753222406,Structurally Balanced,0.2079163597764246,0.10260332052006862,1.204349138672543,1.3422306751722373,206119.55584763628,10.99,9.499,0.3502367707231851,0.364305089421176,,,,646
"Raleigh-Cary, NC",2014,Pre-COVID (2006-2019),7712681.0,7694675.690380767,0.002337236448468616,18005.309619233012,Structurally Balanced,0.002337236448468616,18005.309619233012,Structurally Balanced,0.20740537281864502,0.10565626899784936,1.2411459096636754,1.3437264490260517,205147.7294242612,11.271,9.116,0.3436540891857736,0.3714118071854125,7560.541,5817.0,29831.457866,766
"Raleigh-Cary, NC",2015,Pre-COVID (2006-2019),6599363.0,7140731.182428216,-0.07884204838787845,-541368.1824282156,Structurally Balanced,-0.07884204838787845,-541368.1824282156,Structurally Balanced,0.2200002039876748,0.1085909347291768,1.2726743009572434,1.4712859814958437,222976.50161887074,11.395,8.93,0.3506121729939223,0.3783581432220558,7841.349,6396.268,31739.404575,663
"Raleigh-Cary, NC",2016,Pre-COVID (2006-2019),5505015.0,5573475.090186165,-0.012359258540429963,-68460.09018616471,Structurally Balanced,-0.012359258540429963,-68460.09018616471,Structurally Balanced,0.2147996151082571,0.10780510354592726,1.2719015508197036,1.483202379703934,224840.04342064704,11.679,8.219,0.3562222601570501,0.3823403892113349,8043.585,6510.0,32823.888599,638
"Raleigh-Cary, NC",2017,Pre-COVID (2006-2019),4776790.0,4874692.375458843,-0.020288227192013508,-97902.37545884307,Structurally Balanced,-0.020288227192013508,-97902.37545884307,Structurally Balanced,0.19578424701114444,0.1108936956190975,1.3141399018676008,1.345460694589003,201488.77667101356,11.941,8.884,0.3643144242323789,0.3878920979571541,8264.805,6717.0,33138.71678,643
"Raleigh-Cary, NC",2018,Pre-COVID (2006-2019),4070882.0,4581953.622106583,-0.11826577862895071,-511071.62210658286,Structurally Balanced,-0.11826577862895071,-511071.62210658286,Structurally Balanced,0.21245420020600086,0.11641970695520283,1.3578700789064562,1.4439622582116591,216636.05309201375,10.908,9.361,0.3683398936817758,0.3934585886458629,8290.402,6689.0,33486.55451,587
"Raleigh-Cary, NC",2019,Pre-COVID (2006-2019),4186239.0,5224717.274780547,-0.2215979688242431,-1038478.2747805472,Moderate Structural Deficit,-0.2215979688242431,-1038478.2747805472,Moderate Structural Deficit,0.20283265018004498,0.11887784460333371,1.3725965800311022,1.4044383628927173,208602.79047913873,10.765,8.418,0.3716593419646039,0.3969592588193372,8947.1835,6930.0,34638.23831,769
"Raleigh-Cary, NC",2020,COVID (2020),4380743.0,4363559.600153353,0.003930198381949523,17183.399846646935,Structurally Balanced,-0.19629234824659214,-950106.9617091175,Structurally Balanced,0.18822047055907395,0.11473511706261336,1.2724311529623307,1.3547253559828798,209363.972199447,10.762,9.194,0.3734475374732334,0.3939264161962235,7273.8025,5870.0,29095.78255,683
"Raleigh-Cary, NC",2021,COVID (2021),3949095.0,5922619.026092814,-0.4052923153823791,-1973524.0260928143,Moderate Structural Deficit,-0.6262473097732499,-3437994.013627936,Significant Structural Deficit,0.1922814778929921,0.11438143901265765,1.2730407574114087,1.3323567998131494,227075.87623860867,12.887,9.48,0.3843185734622012,0.3877275792312879,8444.0,6827.0,33042.0,722
"Raleigh-Cary, NC",2022,Recovery (2022),6097734.0,5166115.480861958,0.16579617831258453,931618.5191380419,Structurally Balanced,0.03166898810559715,190083.30619586725,Structurally Balanced,0.18597416530920718,0.11847431142572057,1.3050562499390905,1.2561042753474052,223221.81663536167,12.584,9.681,0.3925538863487916,0.3816314681762102,8909.0,7230.0,34846.0,764
"Raleigh-Cary, NC",2023,Recovery (2023),9145352.0,6120123.91613368,0.4016634280272324,3025228.0838663196,Moderate Structural Surplus,0.3485475025243403,2691363.772558756,Moderate Structural Surplus,0.17460974689848674,0.11475404889543615,1.2673843534131046,1.1953767196125855,227092.38676870384,12.186,9.503,0.3908013544018058,0.3813134875846501,8243.162,7687.0,30671.60575,711
"Richmond, VA",2006,Pre-COVID (2006-2019),12235146.0,9504942.975722592,0.25250065327813687,2730203.0242774077,Moderate Structural Surplus,0.25250065327813687,2730203.0242774077,Moderate Structural Surplus,0.09362807946047819,0.060207272190367915,0.7051435553958975,0.6013776179378264,127169.56873700419,12.773,9.379,0.3517879270667374,0.3328022658877677,9426.0,3179.0,26954.0,119
"Richmond, VA",2007,Pre-COVID (2006-2019),10398772.0,10872622.1535472,-0.0445601782667886,-473850.15354719944,Structurally Balanced,-0.0445601782667886,-473850.15354719944,Structurally Balanced,0.09788749051721808,0.06110155798919807,0.7147133381197796,0.6307492240018754,135123.74542327318,11.449,9.801,0.353311475409836,0.3436939890710382,9342.0,3058.0,26981.0,142
"Richmond, VA",2008,Pre-COVID (2006-2019),12208709.0,11551789.939643813,0.05530915143670967,656919.0603561867,Structurally Balanced,0.05530915143670967,656919.0603561867,Structurally Balanced,0.1013012345073787,0.06297134285880088,0.7324378349380737,0.6551319490775325,137128.1145919415,9.834,10.156,0.3459950816792552,0.3560952046372738,9007.0,3200.0,26709.0,136
"Richmond, VA",2009,Pre-COVID (2006-2019),16469544.0,15460338.146156434,0.06323494185731704,1009205.853843566,Structurally Balanced,0.06323494185731704,1009205.853843566,Structurally Balanced,0.1000154215716186,0.05932631178743427,0.7082977565089634,0.6650756520208428,151945.1900142227,8.769,11.002,0.3290121505036361,0.3743619856362076,,,,125
"Richmond, VA",2010,Pre-COVID (2006-2019),18634059.0,17320299.68150995,0.07311182966625651,1313759.3184900507,Structurally Balanced,0.07311182966625651,1313759.3184900507,Structurally Balanced,0.09749617915244438,0.05834163717703905,0.7005732336304027,0.6236974679325228,158214.9646101433,8.794,10.262,0.3100728989959195,0.3868231626243638,8999.047,3223.0,26585.911,207
"Richmond, VA",2011,Pre-COVID (2006-2019),20451320.0,18797088.274543934,0.08434544925567167,1654231.7254560664,Structurally Balanced,0.08434544925567167,1654231.7254560664,Structurally Balanced,0.10016622587336933,0.05974995618179944,0.7064980866220433,0.629427662774315,158137.14304566212,9.459,10.089,0.2987133203739702,0.3966953623993335,8927.70039,3225.0,26414.337966,197
"Richmond, VA",2012,Pre-COVID (2006-2019),19950513.0,21481307.587898124,-0.07392828516626793,-1530794.587898124,Structurally Balanced,-0.07392828516626793,-1530794.587898124,Structurally Balanced,0.10180346650721891,0.059979945708878546,0.7035688227572527,0.6503566445642398,162647.01769107056,9.519,8.825,0.2934513436668807,0.4005778226176282,9010.2895,3166.0,26304.983239,164
"Richmond, VA",2013,Pre-COVID (2006-2019),18606591.0,18568227.073247556,0.0020639746129234027,38363.92675244436,Structurally Balanced,0.0020639746129234027,38363.92675244436,Structurally Balanced,0.09631998625686303,0.058872192028869764,0.6910368339187004,0.621806000860877,159977.67003198908,9.706,8.796,0.2909430694197548,0.4100460367382287,,,,198
"Richmond, VA",2014,Pre-COVID (2006-2019),14557439.0,15625391.494260844,-0.07079511650083958,-1067952.4942608438,Structurally Balanced,-0.07079511650083958,-1067952.4942608438,Structurally Balanced,0.08651115600491922,0.05728132154716237,0.6728846154868242,0.5604836889219615,150458.17754690137,9.162,8.136,0.2862195619643586,0.4169500748197524,9166.55675,3114.0,26706.377137,217
"Richmond, VA",2015,Pre-COVID (2006-2019),14274090.0,13920466.34542094,0.025085849527922477,353623.65457906015,Structurally Balanced,0.025085849527922477,353623.65457906015,Structurally Balanced,0.08257296666726151,0.05690474919023831,0.6669176582506687,0.5522197075547787,148861.18549320044,9.182,8.512,0.2880007193274289,0.4266510812390415,12805.240698,3107.817,32453.7228,207
"Richmond, VA",2016,Pre-COVID (2006-2019),13557664.0,11515805.978879783,0.1632314716385146,2041858.0211202167,Structurally Balanced,0.1632314716385146,2041858.0211202167,Structurally Balanced,0.08151353973654482,0.05717861177758184,0.6746022461046242,0.5628551804173457,147628.53945395807,9.274,7.851,0.2926731616175096,0.435161706481605,10076.39786,3124.296,28190.13868,186
"Richmond, VA",2017,Pre-COVID (2006-2019),12627719.0,12616137.380581453,0.0009175793156579459,11581.619418546557,Structurally Balanced,0.0009175793156579459,11581.619418546557,Structurally Balanced,0.08385463968550018,0.057736308161890224,0.6842010803091808,0.5762625107899592,154242.70618556702,9.558,8.371,0.298494983277592,0.4408554831895793,10367.39498,3090.759,28330.80244,184
"Richmond, VA",2018,Pre-COVID (2006-2019),8319384.0,11290085.680863885,-0.30533675359552426,-2970701.680863885,Moderate Structural Deficit,-0.30533675359552426,-2970701.680863885,Moderate Structural Deficit,0.08459164238162296,0.05829760062427774,0.6799584849513949,0.5749339803155904,158962.94665006126,8.92,8.367,0.2998557124743125,0.4463731362861265,10262.39844,3219.151,28933.64462,223
"Richmond, VA",2019,Pre-COVID (2006-2019),8468400.0,8199416.014840386,0.03227865478093328,268983.9851596141,Structurally Balanced,0.03227865478093328,268983.9851596141,Structurally Balanced,0.07948591743725164,0.05862247940132325,0.6768714137414933,0.5503703257809232,152780.30923101495,9.168,7.583,0.3035983624218918,0.4475328592975652,10337.40345,3323.715,29358.40241,333
"Richmond, VA",2020,COVID (2020),8121026.0,6506471.721615589,0.2216591698205832,1614554.2783844108,Moderate Structural Surplus,0.14480134603557282,1094761.8104626331,Structurally Balanced,0.07670852712875834,0.05959464896073653,0.6609143724158426,0.5521130959494336,154526.8647339123,8.748,8.802,0.3053889631962722,0.4483323984985115,8786.99869,3075.0,25576.78784,326
"Richmond, VA",2021,COVID (2021),6228861.0,7440246.55302591,-0.17771049609879164,-1211385.5530259097,Structurally Balanced,-0.3075852913088397,-2243242.1392169595,Moderate Structural Deficit,0.07668570837217095,0.05909163078422602,0.6576771114227873,0.531370603751085,163450.18266229334,10.049,10.377,0.3155013897797734,0.4405815693820825,9941.0,2457.0,27347.0,255
"Richmond, VA",2022,Recovery (2022),7058945.0,7483911.656391636,-0.05845999710071581,-424966.65639163554,Structurally Balanced,-0.16333117304837153,-1252444.3078983165,Structurally Balanced,0.07606998855627213,0.059503769669074634,0.6554650165681655,0.5137909219395811,175380.77637201548,11.387,9.266,0.3279044516829533,0.4321389793702497,10120.0,3062.0,28133.0,272
"Richmond, VA",2023,Recovery (2023),6222185.0,4717264.646803293,0.27689202361199783,1504920.3531967066,Moderate Structural Surplus,0.14680290048168487,849551.3239719784,Structurally Balanced,0.07403917964083001,0.060337361388677326,0.6663871862152911,0.5068715421328484,179125.00179813855,10.186,8.864,0.3258450123660346,0.4342951360263808,11508.6484,2656.0,30689.11501,313
"Riverside-San Bernardino-Ontario, CA",2006,Pre-COVID (2006-2019),45039622.0,39173043.542135425,0.13955374575112955,5866578.457864575,Structurally Balanced,0.13955374575112955,5866578.457864575,Structurally Balanced,0.0909831397163991,0.05948749522967904,0.696713575649474,0.5843890438684972,104280.86402586444,16.189,10.407,0.4478088922622139,0.2970678704110574,15701.0,2880.0,43645.0,232
"Riverside-San Bernardino-Ontario, CA",2007,Pre-COVID (2006-2019),54858904.0,49389042.850147225,0.10503591224505726,5469861.149852775,Structurally Balanced,0.10503591224505726,5469861.149852775,Structurally Balanced,0.08782940936650671,0.058195402319724844,0.6807196350460849,0.5659388294638402,105536.98782715568,14.39,11.69,0.448323776346948,0.2996653423880071,15490.0,1952.0,42407.0,200
"Riverside-San Bernardino-Ontario, CA",2008,Pre-COVID (2006-2019),73596890.0,56282931.560216196,0.2682114496723038,17313958.439783804,Moderate Structural Surplus,0.2682114496723038,17313958.439783804,Moderate Structural Surplus,0.08437612093796261,0.05495356795504485,0.6391807845890649,0.5456744217827145,110255.30196661435,12.219,12.939,0.4354893194237456,0.312488822652757,14951.0,2670.0,42835.0,170
"Riverside-San Bernardino-Ontario, CA",2009,Pre-COVID (2006-2019),83102145.0,74257425.13919859,0.11253273924495488,8844719.860801414,Structurally Balanced,0.11253273924495488,8844719.860801414,Structurally Balanced,0.08214425920366351,0.05118720577605108,0.6111248436114457,0.5462372291309584,118204.87730089013,11.049,14.311,0.4132025308629253,0.3304960738649244,,,,187
"Riverside-San Bernardino-Ontario, CA",2010,Pre-COVID (2006-2019),70377917.0,84145278.87126042,-0.17866528035542117,-13767361.87126042,Moderate Structural Deficit,-0.17866528035542117,-13767361.87126042,Structurally Balanced,0.08707934017046856,0.05160021258087094,0.6196214150470231,0.5570594093603963,128499.29298275853,11.066,12.732,0.394369165279329,0.344656818325501,14678.209,2590.0,41857.96000000001,230
"Riverside-San Bernardino-Ontario, CA",2011,Pre-COVID (2006-2019),60595891.0,69438465.9412547,-0.13621389275239437,-8842574.941254705,Structurally Balanced,-0.13621389275239437,-8842574.941254705,Structurally Balanced,0.08620076288998342,0.05254532900272989,0.6213088138240777,0.5416710497188677,127049.4600303454,11.326,11.391,0.3792775866072748,0.35329012645401,14781.7495,2579.0,44557.07716,235
"Riverside-San Bernardino-Ontario, CA",2012,Pre-COVID (2006-2019),55385924.0,59226098.86940889,-0.067036821973403,-3840174.8694088906,Structurally Balanced,-0.067036821973403,-3840174.8694088906,Structurally Balanced,0.08343638291912074,0.05220700920558024,0.6123917514818623,0.533021201453966,122300.74385061549,11.434,10.292,0.3681733952403756,0.3582627162755835,14740.92685,2585.0,44485.592924,310
"Riverside-San Bernardino-Ontario, CA",2013,Pre-COVID (2006-2019),51661111.0,57790653.706029646,-0.11212176857844014,-6129542.706029646,Structurally Balanced,-0.11212176857844014,-6129542.706029646,Structurally Balanced,0.07892386335317247,0.048856959188540265,0.5734788739646015,0.5095031026401311,126862.77749566088,11.248,10.362,0.3589500381466894,0.367197971008516,,,,334
"Riverside-San Bernardino-Ontario, CA",2014,Pre-COVID (2006-2019),50779826.0,50249612.11190383,0.010496321981477763,530213.8880961686,Structurally Balanced,0.010496321981477763,530213.8880961686,Structurally Balanced,0.07646189392812403,0.048823378510567755,0.5735290211278047,0.4953770860298967,124566.63404248514,11.587,9.448,0.3536324786324786,0.3731454604096113,16037.492,3735.0,57094.65358899999,380
"Riverside-San Bernardino-Ontario, CA",2015,Pre-COVID (2006-2019),49609206.0,48287640.61012833,0.027000781422596987,1321565.3898716718,Structurally Balanced,0.027000781422596987,1321565.3898716718,Structurally Balanced,0.07141352681050371,0.04694241984883825,0.5501602091865017,0.47758919755982626,127316.20668897095,11.697,9.137,0.3579040677632227,0.3803013887520929,16129.364,4102.878,47154.153745,348
"Riverside-San Bernardino-Ontario, CA",2016,Pre-COVID (2006-2019),46306457.0,43968008.24459383,0.051819127298365686,2338448.755406171,Structurally Balanced,0.051819127298365686,2338448.755406171,Structurally Balanced,0.07032783703248616,0.04540794716858858,0.5357300955484205,0.48561732847352823,129732.06357116264,11.62,9.099,0.3657784713793037,0.3883397876808662,16316.4845,3527.381,47904.905596,416
"Riverside-San Bernardino-Ontario, CA",2017,Pre-COVID (2006-2019),46861297.0,45630926.65216117,0.026606408195036124,1230370.3478388265,Structurally Balanced,0.026606408195036124,1230370.3478388265,Structurally Balanced,0.07160426469148409,0.04372338569807926,0.5181416803706732,0.4920759722913514,140262.70942030885,11.464,9.407,0.3743317521270988,0.3948309615239816,16316.4845,3577.0,47965.57522999999,365
"Riverside-San Bernardino-Ontario, CA",2018,Pre-COVID (2006-2019),44992220.0,42570079.481527455,0.05533793901770778,2422140.518472545,Structurally Balanced,0.05533793901770778,2422140.518472545,Structurally Balanced,0.0715274313015127,0.04337008754015408,0.5058503043044903,0.48614200672929003,147159.8255687311,11.522,9.308,0.3818862247986644,0.3987085175469171,17896.9685,3699.259,50892.10142999999,315
"Riverside-San Bernardino-Ontario, CA",2019,Pre-COVID (2006-2019),41085277.0,39026033.29387877,0.051420889687523896,2059243.7061212286,Structurally Balanced,0.051420889687523896,2059243.7061212286,Structurally Balanced,0.06839631081423918,0.04253194741808816,0.49108566665998704,0.47358451759411024,150851.2907591421,11.316,9.277,0.3869960147919434,0.4012135138046171,17752.8455,3931.0,50258.93294,336
"Riverside-San Bernardino-Ontario, CA",2020,COVID (2020),35392276.0,44863965.057976924,-0.2371413083266063,-9471689.057976924,Moderate Structural Deficit,-0.019789437752002925,-707369.378992483,Structurally Balanced,0.06531702732899251,0.04244586460570716,0.4707315582311984,0.47012226054466744,153335.43149597035,12.448,9.506,0.3990025371007542,0.3955791888228547,16215.0028,2144.0,43969.62011,317
"Riverside-San Bernardino-Ontario, CA",2021,COVID (2021),24372599.0,22279619.26586975,0.08978718316052792,2092979.7341302484,Structurally Balanced,0.2325823413004855,5057692.251641076,Moderate Structural Surplus,0.06597118551707853,0.04171184276041396,0.464243817520662,0.45712753291989255,165415.44453424506,12.818,11.002,0.4078712896492032,0.3863856219133445,16902.0,2181.0,47154.0,284
"Riverside-San Bernardino-Ontario, CA",2022,Recovery (2022),45487994.0,41317710.90641464,0.0961571794559859,4170283.093585357,Structurally Balanced,0.3636663051415425,13868237.913119655,Moderate Structural Surplus,0.06716913229346697,0.04202954891893429,0.46297737322715427,0.4536728749658341,175463.68494654537,14.962,9.362,0.4235208088258672,0.3725876704924808,17158.0,2532.0,47883.0,249
"Riverside-San Bernardino-Ontario, CA",2023,Recovery (2023),77462612.0,37120041.59477573,0.735638365681794,40342570.40522427,Significant Structural Surplus,1.109545379922217,51922505.66088626,Significant Structural Surplus,0.06521454296876508,0.04107722940626247,0.45367146808471537,0.4464581607254595,183761.68823025882,12.631,10.661,0.4244777050202681,0.3694418459619582,17170.09725,2526.0,48098.11258,266
"Rochester, NY",2007,Pre-COVID (2006-2019),11380729.0,11087846.79234145,0.026071861477838354,292882.20765854977,Structurally Balanced,0.026071861477838354,292882.20765854977,Structurally Balanced,0.23876827686974256,0.11265846253324006,1.317781550493503,1.538530659598067,165091.27816634421,9.959,9.888,0.3138082571990285,0.348386723719209,3860.0,2199.0,16742.0,653
"Rochester, NY",2008,Pre-COVID (2006-2019),15284891.0,11574463.864807826,0.27806354361858254,3710427.1351921745,Moderate Structural Surplus,0.27806354361858254,3710427.1351921745,Moderate Structural Surplus,0.22087170035450393,0.10528649831132944,1.2246176017601564,1.4284140588511292,164292.25999646416,9.492,8.779,0.312320422939892,0.3555913113435237,3810.0,2190.0,16267.0,485
"Rochester, NY",2009,Pre-COVID (2006-2019),16428559.0,15561309.676379712,0.05423353814456888,867249.3236202877,Structurally Balanced,0.05423353814456888,867249.3236202877,Structurally Balanced,0.21511898725712308,0.09982779083430096,1.1918455429780794,1.43048340409829,181262.3483719835,7.916,9.253,0.2985804049336746,0.3711310216430067,,,,471
"Rochester, NY",2010,Pre-COVID (2006-2019),17408091.0,16110780.944284461,0.07744642638049726,1297310.0557155386,Structurally Balanced,0.07744642638049726,1297310.0557155386,Structurally Balanced,0.20872319797107786,0.09566540450911971,1.1487614168272118,1.3352331466219938,188881.6086292462,8.035,8.209,0.2866868381240545,0.384091702548586,3854.265,2262.0,16111.308,555
"Rochester, NY",2011,Pre-COVID (2006-2019),16499406.0,17809226.522631235,-0.07639228671373743,-1309820.5226312354,Structurally Balanced,-0.07639228671373743,-1309820.5226312354,Structurally Balanced,0.18931880349201735,0.0943600658895223,1.1157364835823003,1.1896474182011825,173631.79719473253,8.503,8.067,0.2835456290350724,0.3927761298202757,3809.99,2284.0,15831.43351,516
"Rochester, NY",2012,Pre-COVID (2006-2019),14826176.0,16602590.5409857,-0.11316447267137164,-1776414.5409856997,Structurally Balanced,-0.11316447267137164,-1776414.5409856997,Structurally Balanced,0.17116401541609189,0.09382683424395055,1.10059511611536,1.093456426930784,158696.49813553318,8.895,7.778,0.2800987030873407,0.3994031906346838,3721.64198,2305.0,15758.45951,700
"Rochester, NY",2013,Pre-COVID (2006-2019),13852437.0,13446800.404830784,0.029719984202174032,405636.5951692164,Structurally Balanced,0.029719984202174032,405636.5951692164,Structurally Balanced,0.1704463162174762,0.09129960743289574,1.0716671060508456,1.1003380125701134,166567.57190721374,8.276,8.397,0.2735719201651755,0.4100711172287222,,,,671
"Rochester, NY",2014,Pre-COVID (2006-2019),14478906.0,13064184.094320973,0.10281838432131707,1414721.9056790266,Structurally Balanced,0.10281838432131707,1414721.9056790266,Structurally Balanced,0.16080084757516458,0.09145437068879043,1.0743159793345367,1.041787630552313,159387.29394726755,8.345,8.155,0.2684343724836075,0.4182100540664902,4105.31288,2299.0,16538.12843,735
"Rochester, NY",2015,Pre-COVID (2006-2019),12678477.0,12847143.391303468,-0.013215651064122369,-168666.3913034685,Structurally Balanced,-0.013215651064122369,-168666.3913034685,Structurally Balanced,0.15448368971672835,0.09231207613837122,1.0818877953515527,1.0331339831971684,158447.26593155463,8.363,7.994,0.2712960842683765,0.4262651705976643,3980.36964,2265.0,16247.25862,524
"Rochester, NY",2016,Pre-COVID (2006-2019),10923717.0,10049171.076772442,0.08344614583415577,874545.9232275579,Structurally Balanced,0.08344614583415577,874545.9232275579,Structurally Balanced,0.14584821918295587,0.09080696563301721,1.071354848842214,1.0070894478033237,154527.66305527973,8.962,7.849,0.2777777777777778,0.4305555555555556,4052.63662,3007.0,17274.61734,463
"Rochester, NY",2017,Pre-COVID (2006-2019),11092396.0,9687230.702785173,0.1354512326517643,1405165.2972148266,Structurally Balanced,0.1354512326517643,1405165.2972148266,Structurally Balanced,0.145989734197915,0.08801332435148408,1.0429972667119047,1.0032648293997313,160973.6136404136,8.287,8.333,0.2797469797127878,0.4391953498974242,4223.13409,2921.0,17512.4652,322
"Rochester, NY",2018,Pre-COVID (2006-2019),9156147.0,7225451.429639859,0.23681574334965738,1930695.5703601409,Moderate Structural Surplus,0.23681574334965738,1930695.5703601409,Moderate Structural Surplus,0.13984301029219495,0.08563592424455381,0.9988210952628832,0.9504543978930032,159683.51364443728,8.163,8.694,0.2791083166619034,0.4453272363532438,4384.38206,2856.0,17578.33769,296
"Rochester, NY",2019,Pre-COVID (2006-2019),8658039.0,8562407.89066971,0.01110680727771296,95631.10933029093,Structurally Balanced,0.01110680727771296,95631.10933029093,Structurally Balanced,0.13943194514719467,0.08524746781083403,0.9842909178232269,0.9654440377505785,166265.5760042431,7.824,7.577,0.2820995041887502,0.4522710434832165,4259.98096,2881.0,17634.82829,348
"Rochester, NY",2020,COVID (2020),9057001.0,4676696.314797787,0.6609461047923499,4380304.685202213,Significant Structural Surplus,0.6058899387906003,4115603.8701870563,Moderate Structural Surplus,0.13269815930136333,0.0902338839793225,1.0007084837453977,0.9551010076844471,163175.51740292666,7.825,9.05,0.2810966810966811,0.4546031746031746,2706.52155,2681.0,14312.65413,337
"Rochester, NY",2021,COVID (2021),6959736.0,7059172.321927407,-0.014186267185687385,-99436.32192740683,Structurally Balanced,-0.12188635480112708,-902160.7757145241,Structurally Balanced,0.12153814130175057,0.08776471148246161,0.9768023181388954,0.8421620780871922,159180.14092341924,9.026,9.821,0.280275814115193,0.4550353459265268,2901.0,2762.0,14838.0,319
"Rochester, NY",2022,Recovery (2022),6104728.0,6362989.801127875,-0.041434808483609586,-258261.80112787522,Structurally Balanced,-0.17533288743286768,-1169927.3717769738,Structurally Balanced,0.1205203316655747,0.087488147855466,0.9637275184836696,0.8140168480913238,164071.74535324806,9.683,8.698,0.2856,0.4513142857142857,3644.0,2604.0,15565.0,229
"Rochester, NY",2023,Recovery (2023),7165731.0,6158006.840458939,0.15155691947605376,1007724.1595410611,Structurally Balanced,0.04968662133931723,347340.4214046383,Structurally Balanced,0.11363047220316812,0.08432426882497651,0.9313070863334568,0.7779131664924792,168969.7102975729,8.961,8.325,0.2881693507084732,0.4514880783019405,4160.0099,2794.0,17071.24017,248
"Sacramento-Roseville-Folsom, CA",2006,Pre-COVID (2006-2019),20575141.0,20698176.10028689,-0.005961985775496004,-123035.10028688982,Structurally Balanced,-0.005961985775496004,-123035.10028688982,Structurally Balanced,0.09135176429743332,0.05961189903722342,0.69817058474431,0.5867567371260447,126221.98026014464,14.551,10.572,0.3987919815587523,0.3288202853724724,8402.0,974.0,34174.0,85
"Sacramento-Roseville-Folsom, CA",2007,Pre-COVID (2006-2019),20790694.0,20365079.579971552,0.020683833970057464,425614.4200284481,Structurally Balanced,0.020683833970057464,425614.4200284481,Structurally Balanced,0.09299063047113976,0.06107940563109853,0.7144542189364791,0.5991957470684117,129187.28736933175,13.392,12.081,0.4001619152258139,0.3356849592320592,8529.0,1892.0,34838.0,76
"Sacramento-Roseville-Folsom, CA",2008,Pre-COVID (2006-2019),24398250.0,22817393.847005386,0.0669882752797939,1580856.152994614,Structurally Balanced,0.0669882752797939,1580856.152994614,Structurally Balanced,0.09996842232616171,0.06283849440709464,0.7308926363139825,0.6465124308033365,137041.97965160842,11.724,12.707,0.3905245545542607,0.345524994863064,8262.0,2736.0,35086.0,58
"Sacramento-Roseville-Folsom, CA",2009,Pre-COVID (2006-2019),28889503.0,25774837.02743982,0.11407960415537133,3114665.9725601785,Structurally Balanced,0.11407960415537133,3114665.9725601785,Structurally Balanced,0.09997594828851762,0.06236833309876165,0.7446164961229438,0.6648131653054618,141058.0935900086,10.836,13.541,0.3751168752827628,0.3599155481827779,,,,75
"Sacramento-Roseville-Folsom, CA",2010,Pre-COVID (2006-2019),31100816.0,28229136.550338972,0.09687940122922001,2871679.4496610276,Structurally Balanced,0.09687940122922001,2871679.4496610276,Structurally Balanced,0.10202047037996437,0.06259677390323641,0.7516694153636228,0.6526400276033116,147771.44440139073,10.099,12.38,0.3590520975126841,0.3734686301200347,8009.562,2906.0,35043.979,137
"Sacramento-Roseville-Folsom, CA",2011,Pre-COVID (2006-2019),31201275.0,31976762.004612666,-0.024550492277029434,-775487.0046126656,Structurally Balanced,-0.024550492277029434,-775487.0046126656,Structurally Balanced,0.10250221828069495,0.06448330598549033,0.762466371677273,0.6441066449200566,150008.98452569763,10.846,10.982,0.3482685863224525,0.3812523271689214,7958.975,2862.0,34960.58586,141
"Sacramento-Roseville-Folsom, CA",2012,Pre-COVID (2006-2019),28450834.0,29616052.262760412,-0.040139045779831406,-1165218.262760412,Structurally Balanced,-0.040139045779831406,-1165218.262760412,Structurally Balanced,0.10363693079244916,0.06372737418026235,0.7475264123618768,0.6620694645828604,155882.72458313662,11.256,10.376,0.3415601180231128,0.3836365871649865,8026.6705,2905.0,36476.389589,186
"Sacramento-Roseville-Folsom, CA",2013,Pre-COVID (2006-2019),26929117.0,29695267.880672723,-0.09777958492263039,-2766150.880672723,Structurally Balanced,-0.09777958492263039,-2766150.880672723,Structurally Balanced,0.09832928788419362,0.06237682398935998,0.7321739088358332,0.634777304719682,156200.95843175586,10.836,10.222,0.3337299771167048,0.3920671243325705,,,,219
"Sacramento-Roseville-Folsom, CA",2014,Pre-COVID (2006-2019),23007064.0,24968740.822008092,-0.0818233761782956,-1961676.822008092,Structurally Balanced,-0.0818233761782956,-1961676.822008092,Structurally Balanced,0.09970360288130872,0.06241512898732842,0.7331915349512313,0.6459541835107213,161659.31746393457,10.756,9.126,0.3284016565632315,0.3990756857331493,7228.993,3572.0,37005.49657,278
"Sacramento-Roseville-Folsom, CA",2015,Pre-COVID (2006-2019),20938067.0,21327033.72887455,-0.018406567309082078,-388966.72887454927,Structurally Balanced,-0.018406567309082078,-388966.72887454927,Structurally Balanced,0.09822305029029929,0.06148585146701547,0.7206076937241778,0.6568821043455706,167406.49949361428,11.197,9.506,0.326922510529261,0.4039112891349807,7453.2363,3174.98,36112.38097100001,222
"Sacramento-Roseville-Folsom, CA",2016,Pre-COVID (2006-2019),16640785.0,16063823.52277513,0.03528685219515282,576961.4772248697,Structurally Balanced,0.03528685219515282,576961.4772248697,Structurally Balanced,0.09190711519611108,0.06040210859903808,0.7126335681053113,0.6346233530348416,160944.44236011084,11.594,8.669,0.3368745321586918,0.4091668106178384,7879.16145,3177.737,37874.433671,262
"Sacramento-Roseville-Folsom, CA",2017,Pre-COVID (2006-2019),13962450.0,15191650.278614316,-0.08437436977495949,-1229200.2786143161,Structurally Balanced,-0.08437436977495949,-1229200.2786143161,Structurally Balanced,0.09026200212565434,0.05867414098996727,0.6953148188655243,0.6202949314306382,166791.27674485717,10.708,9.671,0.3444623792937445,0.4151162461416475,8843.35765,6705.0,41507.10927,292
"Sacramento-Roseville-Folsom, CA",2018,Pre-COVID (2006-2019),10341442.0,13567343.08280476,-0.27150634345014524,-3225901.08280476,Moderate Structural Deficit,-0.27150634345014524,-3225901.08280476,Moderate Structural Deficit,0.08835394000090331,0.058035286151176216,0.6768989602059347,0.6005047422074842,173432.17940838306,10.786,8.916,0.3495937214010371,0.4162899692171164,8908.7651,6880.116,41696.04958000001,266
"Sacramento-Roseville-Folsom, CA",2019,Pre-COVID (2006-2019),11028649.0,10784263.428029062,0.022408360084519074,244385.57197093777,Structurally Balanced,0.022408360084519074,244385.57197093777,Structurally Balanced,0.08653525517775243,0.059717508350997456,0.6895149218432183,0.5991808123912332,170686.5138673573,11.374,9.203,0.3604764482945317,0.415511640498105,8946.61475,3741.0,38428.51167,283
"Sacramento-Roseville-Folsom, CA",2020,COVID (2020),11930164.0,13047490.076858062,-0.08952580112342545,-1117326.0768580623,Structurally Balanced,-0.08951259038973802,-1117153.7110799085,Structurally Balanced,0.0857037782649126,0.06100419321440491,0.6765464479805358,0.6168568231401342,178273.45661921718,11.506,9.5,0.3732038423879965,0.4111778559898383,8085.54045,2251.0,33858.48286999999,186
"Sacramento-Roseville-Folsom, CA",2021,COVID (2021),9558766.0,13472518.091088098,-0.3431932744066515,-3913752.0910880975,Moderate Structural Deficit,-0.38747256522002615,-4523710.238156194,Moderate Structural Deficit,0.08742641706073678,0.06180389180468388,0.6878639918606093,0.6057951214572931,186294.37407605234,11.715,10.851,0.3791507608638811,0.4062647074203838,8432.0,2231.0,35106.0,154
"Sacramento-Roseville-Folsom, CA",2022,Recovery (2022),11394208.0,13214879.700877275,-0.14823828867586286,-1820671.7008772753,Structurally Balanced,-0.15741186922678807,-1942457.2148289438,Structurally Balanced,0.0862815925505215,0.06140601076335863,0.6764191930399382,0.5827620041004011,198136.93765550933,13.146,9.474,0.3914009083196087,0.395593152667565,8177.0,2318.0,35408.0,146
"Sacramento-Roseville-Folsom, CA",2023,Recovery (2023),12335810.0,11797822.962989237,0.044591394838676024,537987.0370107628,Structurally Balanced,0.051287400689844276,616721.4314381331,Structurally Balanced,0.08808855337670445,0.06122038166271872,0.6761395748223926,0.6030534253742491,210598.52951437343,11.911,10.048,0.3927089726279612,0.3930281085061986,8525.0865,2264.0,35948.27877,186
"Salt Lake City-Murray, UT",2006,Pre-COVID (2006-2019),8078361.0,7975405.52423238,0.012826508610562115,102955.47576761991,Structurally Balanced,0.012826508610562115,102955.47576761991,Structurally Balanced,0.11928001001112287,0.09079328183112585,1.0633648598799041,0.7661411907777992,107734.71144063663,15.38,10.745,0.4244530960326289,0.2803114571746385,7285.0,4002.0,21207.0,218
"Salt Lake City-Murray, UT",2007,Pre-COVID (2006-2019),7944996.0,10375262.68986304,-0.2668820887738441,-2430266.689863039,Moderate Structural Deficit,-0.2668820887738441,-2430266.689863039,Moderate Structural Deficit,0.1249171122801894,0.09173551279500267,1.0730429260975152,0.8049176786427625,117866.3923534639,14.478,11.175,0.4292037376492154,0.2868064559395538,7393.0,4105.0,22317.0,192
"Salt Lake City-Murray, UT",2008,Pre-COVID (2006-2019),10123173.0,8971310.935855359,0.12079534017864901,1151862.0641446412,Structurally Balanced,0.12079534017864901,1151862.0641446412,Structurally Balanced,0.1359167543480892,0.09488401012245282,1.1036232640006143,0.8789962789828589,123311.68370930225,12.364,12.234,0.4161109867979414,0.3022600134258223,7200.0,3885.0,21516.0,142
"Salt Lake City-Murray, UT",2009,Pre-COVID (2006-2019),12906824.0,12974372.760359015,-0.005219921965956331,-67548.76035901532,Structurally Balanced,-0.005219921965956331,-67548.76035901532,Structurally Balanced,0.14206204475421697,0.09566445118905835,1.1421393663852046,0.9446743867861291,133947.32702823906,10.862,14.262,0.3872334481795325,0.3244715522860601,,,,194
"Salt Lake City-Murray, UT",2010,Pre-COVID (2006-2019),12975785.0,15158727.385164829,-0.15549150293576375,-2182942.385164829,Structurally Balanced,-0.15549150293576375,-2182942.385164829,Structurally Balanced,0.1496895214726445,0.0964679076965588,1.1583979693860105,0.9575859929089198,145907.38875846984,11.615,12.591,0.3731744087439932,0.3351078865542259,7363.41,3730.0,21754.779,297
"Salt Lake City-Murray, UT",2011,Pre-COVID (2006-2019),11866432.0,13900107.140620397,-0.1581829743517993,-2033675.1406203974,Structurally Balanced,-0.1581829743517993,-2033675.1406203974,Structurally Balanced,0.1536184945087396,0.09817395160098356,1.160832800465681,0.965312700108948,153914.02219488475,11.771,11.028,0.3594851075824485,0.346143004791882,7563.996332,3612.0,21932.6454,315
"Salt Lake City-Murray, UT",2012,Pre-COVID (2006-2019),12942172.0,12398383.80964798,0.042925000425473314,543788.1903520208,Structurally Balanced,0.042925000425473314,543788.1903520208,Structurally Balanced,0.14834712342469705,0.09871327595517888,1.1579134081146132,0.9476940297941799,148265.6436344663,11.981,10.354,0.35217712859388,0.3563834704631598,7670.125809,3610.0,22087.489812,409
"Salt Lake City-Murray, UT",2013,Pre-COVID (2006-2019),10496829.0,11063253.2769713,-0.05255588929710697,-566424.2769712992,Structurally Balanced,-0.05255588929710697,-566424.2769712992,Structurally Balanced,0.14837297730057114,0.09846490936678351,1.1557728169446617,0.9578407476622344,149770.37915338686,11.372,9.551,0.3488171848092087,0.3644067796610169,,,,429
"Salt Lake City-Murray, UT",2014,Pre-COVID (2006-2019),12218808.0,11854642.503232004,0.030256840694438125,364165.4967679959,Structurally Balanced,0.030256840694438125,364165.4967679959,Structurally Balanced,0.1424051219452176,0.0972388175142189,1.1422659702356321,0.9226064215891281,148368.4131982271,10.998,9.331,0.3372596261098469,0.3775041270691117,8158.174095,4572.0,23871.279756,472
"Salt Lake City-Murray, UT",2015,Pre-COVID (2006-2019),12521456.0,11762591.625344152,0.06251935834408684,758864.3746558484,Structurally Balanced,0.06251935834408684,758864.3746558484,Structurally Balanced,0.13749740969742094,0.09710836512534524,1.1380997963708788,0.9195355627540217,147851.9189114296,11.187,9.336,0.3365283151600422,0.3872230038691523,8458.792453,4534.463,24771.216386,485
"Salt Lake City-Murray, UT",2016,Pre-COVID (2006-2019),9359497.0,10140996.60185975,-0.08019472781128556,-781499.6018597502,Structurally Balanced,-0.08019472781128556,-781499.6018597502,Structurally Balanced,0.12651032987462987,0.09759285041870303,1.1514157837952668,0.8735603284606056,140203.1122031122,11.404,9.152,0.337968561064087,0.3976939022283641,8800.301577,4570.907,25850.620703,464
"Salt Lake City-Murray, UT",2017,Pre-COVID (2006-2019),7348196.0,8576951.950502466,-0.15462375893725344,-1228755.9505024664,Structurally Balanced,-0.15462375893725344,-1228755.9505024664,Structurally Balanced,0.13335330025895606,0.10107064852110623,1.1977323993731852,0.9164252320154126,154227.69185308556,11.188,9.417,0.3432404891304347,0.4047214673913043,8857.00503,4004.485,25689.91237,512
"Salt Lake City-Murray, UT",2018,Pre-COVID (2006-2019),8991409.0,8333753.274026823,0.0759556380887485,657655.7259731768,Structurally Balanced,0.0759556380887485,657655.7259731768,Structurally Balanced,0.13544840075151446,0.10361678843765615,1.2085422680716162,0.9205860765787313,160503.82553612467,10.912,9.615,0.3456568856285428,0.4103451150383461,9115.42822,4004.485,26181.16747,471
"Salt Lake City-Murray, UT",2019,Pre-COVID (2006-2019),7744426.0,8792484.154320296,-0.12692392439116418,-1048058.1543202959,Structurally Balanced,-0.12692392439116418,-1048058.1543202959,Structurally Balanced,0.134470043630517,0.10616859004302968,1.225852000312092,0.9310872177971249,164591.93209773503,10.716,9.634,0.3517459795171307,0.4145518858223995,9238.1396,4206.09,26838.15967,537
"Salt Lake City-Murray, UT",2020,COVID (2020),8957536.0,8844084.970937144,0.012746318468796147,113451.02906285599,Structurally Balanced,-0.044516936366175486,-407771.0799899567,Structurally Balanced,0.13724840706698085,0.1092937992914916,1.2120860518076035,0.987851621928352,169272.65374121736,11.361,9.82,0.3575475515985431,0.413314447592068,7891.51873,3751.0,23456.48705,561
"Salt Lake City-Murray, UT",2021,COVID (2021),8799860.0,11792271.084892217,-0.292708511797672,-2992411.084892217,Moderate Structural Deficit,-0.35352125654564226,-3731785.295812944,Moderate Structural Deficit,0.14828855453557974,0.11176108755014852,1.243876810539333,1.0275210391293932,190164.24640912042,12.804,9.421,0.3700555102674586,0.4064671402507667,8743.0,4125.0,26003.0,466
"Salt Lake City-Murray, UT",2022,Recovery (2022),11452818.0,10590000.629487937,0.07832559420135254,862817.3705120627,Structurally Balanced,0.07017745592112945,776176.0777361859,Structurally Balanced,0.1578358064959511,0.11737738524831856,1.2929730367402712,1.0660525402162113,210255.8311728758,12.637,10.642,0.3761426133131045,0.4003792907263417,8938.0,4190.0,26765.0,436
"Salt Lake City-Murray, UT",2023,Recovery (2023),16206643.0,9690858.879562663,0.5142381622778522,6515784.120437337,Moderate Structural Surplus,0.5754804708451147,7091466.705639277,Moderate Structural Surplus,0.1538552086123103,0.11754064017755897,1.2981604543377692,1.0532913415951317,216107.21001426197,11.959,10.179,0.3776617564795823,0.3992168562371807,9103.92384,4255.0,27014.80768,476
"San Antonio-New Braunfels, TX",2006,Pre-COVID (2006-2019),10700178.0,6819265.428512248,0.45050861921839847,3880912.571487752,Moderate Structural Surplus,0.45050861921839847,3880912.571487752,Moderate Structural Surplus,0.10198518024781464,0.058284937398705196,0.6826292985571507,0.6550556747057875,122930.40912812554,13.533,9.864,0.3713379164463247,0.3307244843997884,14118.0,2129.0,37845.0,104
"San Antonio-New Braunfels, TX",2007,Pre-COVID (2006-2019),9367864.0,9899529.09479855,-0.05520208114364067,-531665.09479855,Structurally Balanced,-0.05520208114364067,-531665.09479855,Structurally Balanced,0.11205378697864465,0.06215656805649181,0.7270539361627751,0.7220313730570054,133718.08889860808,12.499,10.671,0.372311641459692,0.3375884556681005,12730.0,2122.0,36089.0,113
"San Antonio-New Braunfels, TX",2008,Pre-COVID (2006-2019),12139821.0,13904360.166316856,-0.13571143110217676,-1764539.1663168557,Structurally Balanced,-0.13571143110217676,-1764539.1663168557,Structurally Balanced,0.11217320503118791,0.0626440753793372,0.7286312925773445,0.7254427925160476,131657.79451862458,11.251,10.347,0.3698407764307671,0.3470106724691741,13283.0,2155.0,37681.0,85
"San Antonio-New Braunfels, TX",2009,Pre-COVID (2006-2019),14511812.0,14916286.602750486,-0.027490738090101274,-404474.60275048576,Structurally Balanced,-0.027490738090101274,-404474.60275048576,Structurally Balanced,0.1081737555329873,0.06210579583607358,0.7414820596720779,0.7193263784938169,132807.5613516639,10.33,10.564,0.3574045002616431,0.3631257631257631,,,,97
"San Antonio-New Braunfels, TX",2010,Pre-COVID (2006-2019),15040024.0,15514255.499241687,-0.031044396614834824,-474231.49924168736,Structurally Balanced,-0.031044396614834824,-474231.49924168736,Structurally Balanced,0.1191471595502582,0.06483323515336717,0.7785251048112584,0.7622019895431484,145886.7458054788,9.851,9.979,0.3429802739918012,0.3737079990189552,13188.543,1682.0,36534.998,224
"San Antonio-New Braunfels, TX",2011,Pre-COVID (2006-2019),14149454.0,16621734.542568874,-0.1610351119848552,-2472280.5425688736,Structurally Balanced,-0.1610351119848552,-2472280.5425688736,Structurally Balanced,0.133226877949117,0.0674051784396354,0.7970153057706498,0.8371752222375205,162505.50684715502,10.388,9.658,0.3398834246623154,0.3802310565076263,14037.93622,1699.0,38146.97364,226
"San Antonio-New Braunfels, TX",2012,Pre-COVID (2006-2019),12005003.0,14664555.774790375,-0.20010993087686302,-2659552.7747903746,Moderate Structural Deficit,-0.20010993087686302,-2659552.7747903746,Structurally Balanced,0.133761602117511,0.06933509675838263,0.8133053777478579,0.8545165475137597,162678.99639211947,11.11,9.326,0.3369539064379748,0.3853160554085175,14230.77242,1709.0,38039.463111,287
"San Antonio-New Braunfels, TX",2013,Pre-COVID (2006-2019),12917818.0,14308974.751419332,-0.10227934675578254,-1391156.7514193319,Structurally Balanced,-0.10227934675578254,-1391156.7514193319,Structurally Balanced,0.13545321455339274,0.06874469366877113,0.8069194270579046,0.8744355654348341,168955.1186887999,10.699,9.245,0.3371145224833582,0.3901304170628991,,,,338
"San Antonio-New Braunfels, TX",2014,Pre-COVID (2006-2019),13076776.0,16355911.09527505,-0.22375153441782913,-3279135.09527505,Moderate Structural Deficit,-0.22375153441782913,-3279135.09527505,Moderate Structural Deficit,0.13474526942543757,0.06686006754968053,0.7854063005084172,0.872980193075428,179748.84192457332,10.849,8.763,0.3362445414847161,0.3944131471049035,16042.691194,2138.0,43142.271602,403
"San Antonio-New Braunfels, TX",2015,Pre-COVID (2006-2019),13090131.0,14567881.153228067,-0.10696059681031755,-1477750.1532280669,Structurally Balanced,-0.10696059681031755,-1477750.1532280669,Structurally Balanced,0.13404848959084967,0.06620884807428264,0.7759607157841505,0.8964703668491044,188416.8336087268,11.189,8.859,0.340377506624358,0.4010926101606202,17452.008804,2757.0,46910.180992,316
"San Antonio-New Braunfels, TX",2016,Pre-COVID (2006-2019),12880101.0,12745085.519555153,0.010537814407321378,135015.48044484667,Structurally Balanced,0.010537814407321378,135015.48044484667,Structurally Balanced,0.1304321861460818,0.0653829448548818,0.7713982568798806,0.9006409475377981,189093.93515553424,11.06,8.725,0.3475970187612439,0.40269210999743,18351.764378,2781.85,48695.624323,327
"San Antonio-New Braunfels, TX",2017,Pre-COVID (2006-2019),11987630.0,12861407.266802736,-0.0703558578088277,-873777.2668027356,Structurally Balanced,-0.0703558578088277,-873777.2668027356,Structurally Balanced,0.1458869386322342,0.06575088418599649,0.7791773915505894,1.0025584018126654,216627.2697232086,10.809,9.276,0.3543663219154252,0.4071227504190783,17969.56041,2799.0,48929.94437999999,348
"San Antonio-New Braunfels, TX",2018,Pre-COVID (2006-2019),12456522.0,15465206.290932545,-0.21634840409323886,-3008684.2909325454,Moderate Structural Deficit,-0.21634840409323886,-3008684.2909325454,Moderate Structural Deficit,0.14966287305180084,0.0670767856542522,0.7823551751781868,1.0171958941399133,227781.2403583299,10.266,9.592,0.3600275283886508,0.4082960553070354,18034.98687,3067.0,49744.35552999999,396
"San Antonio-New Braunfels, TX",2019,Pre-COVID (2006-2019),13544107.0,15159676.24591071,-0.11268747919871913,-1615569.2459107097,Structurally Balanced,-0.11268747919871913,-1615569.2459107097,Structurally Balanced,0.14030307466984807,0.0670729794169735,0.7744432317681219,0.9714758463355221,218395.0926489121,10.502,8.677,0.3630586935166994,0.4101485756385069,18594.7686,3094.0,52005.45476,522
"San Antonio-New Braunfels, TX",2020,COVID (2020),14626880.0,16672663.76868379,-0.13090954629416274,-2045783.7686837893,Structurally Balanced,-0.09016551927928518,-1380125.1955486182,Structurally Balanced,0.11680248605072237,0.06973237577315285,0.7733434154724725,0.8406911800015252,181773.5483380117,10.409,9.355,0.3636557631923909,0.4087126177483767,16063.49493,2584.0,45826.96038,524
"San Antonio-New Braunfels, TX",2021,COVID (2021),11199519.0,17239670.081604097,-0.4313422973042762,-6040151.081604097,Moderate Structural Deficit,-0.44396042794650015,-6259061.707842287,Moderate Structural Deficit,0.12038898326377116,0.07151819852590842,0.7959821314194752,0.8341993323108472,188445.65896432573,11.514,9.388,0.3695207004006529,0.4018993916011277,19511.0,2626.0,51617.0,572
"San Antonio-New Braunfels, TX",2022,Recovery (2022),15508577.0,19471725.209434975,-0.2275701983386611,-3963148.209434975,Moderate Structural Deficit,-0.17512757470166562,-2968313.709759295,Structurally Balanced,0.12221921823744124,0.07234985970552954,0.7969713894485579,0.8254914455586861,203358.86340227872,12.405,9.38,0.3795282344531808,0.3933666904932094,19429.0,2645.0,51813.0,579
"San Antonio-New Braunfels, TX",2023,Recovery (2023),17545436.0,17308542.28040921,0.013593706039333853,236893.71959079057,Structurally Balanced,0.09069988098952564,1521333.770430185,Structurally Balanced,0.12335997300940676,0.07349062357639684,0.8116564717308362,0.8445212394312206,212289.52922603767,11.83,9.355,0.3823999103465665,0.389936402095649,19027.79755,2626.0,51420.4953,610
"San Diego-Chula Vista-Carlsbad, CA",2006,Pre-COVID (2006-2019),17223681.0,16351467.890141264,0.05196756669483449,872213.1098587364,Structurally Balanced,0.05196756669483449,872213.1098587364,Structurally Balanced,0.1426788644511559,0.11295942207907676,1.3229732157347103,0.916433148347652,122942.05055699703,14.519,10.729,0.4257745342268692,0.3174625451738535,27669.0,2028.0,68220.0,1583
"San Diego-Chula Vista-Carlsbad, CA",2007,Pre-COVID (2006-2019),18575776.0,18926838.482422996,-0.018722573995209046,-351062.4824229963,Structurally Balanced,-0.018722573995209046,-351062.4824229963,Structurally Balanced,0.14710443081728153,0.11454133788607965,1.33980580278719,0.9478841994515852,133508.99710766927,13.127,12.247,0.4247716934615785,0.3238480502795235,26737.0,2994.0,68442.0,1420
"San Diego-Chula Vista-Carlsbad, CA",2008,Pre-COVID (2006-2019),22252358.0,22986107.799892124,-0.03244204421694974,-733749.7998921238,Structurally Balanced,-0.03244204421694974,-733749.7998921238,Structurally Balanced,0.1554764426015629,0.11856634031050603,1.3790792708404307,1.005492039386586,143988.34712478227,11.956,12.478,0.4138449436238091,0.3348833143955947,26518.0,2562.0,68087.0,1383
"San Diego-Chula Vista-Carlsbad, CA",2009,Pre-COVID (2006-2019),28712540.0,26055510.04065932,0.09710469742748629,2657029.9593406804,Structurally Balanced,0.09710469742748629,2657029.9593406804,Structurally Balanced,0.16943900947900895,0.12099839136925693,1.4446016710951293,1.126723838546471,158836.42345229068,11.024,13.35,0.3974146088881747,0.3480993447247665,,,,1470
"San Diego-Chula Vista-Carlsbad, CA",2010,Pre-COVID (2006-2019),28630897.0,28873779.458357852,-0.008447448716999872,-242882.45835785195,Structurally Balanced,-0.008447448716999872,-242882.45835785195,Structurally Balanced,0.17001942397467693,0.12628460556716745,1.5164403805032294,1.0876393839654737,155322.60591422417,10.846,12.391,0.380262751440045,0.3628186724329039,25728.129,2571.0,66847.52900000001,2226
"San Diego-Chula Vista-Carlsbad, CA",2011,Pre-COVID (2006-2019),27334641.0,26769383.50069292,0.020895971132876667,565257.4993070811,Structurally Balanced,0.020895971132876667,565257.4993070811,Structurally Balanced,0.1724942387387987,0.12528970803084238,1.4814561324178497,1.0839246920279784,164590.59990642418,11.86,10.953,0.3736504966172448,0.3683244565999712,25549.7085,2453.0,65836.6258,2643
"San Diego-Chula Vista-Carlsbad, CA",2012,Pre-COVID (2006-2019),25097203.0,25393544.01955285,-0.011738563593116424,-296341.01955284923,Structurally Balanced,-0.011738563593116424,-296341.01955284923,Structurally Balanced,0.18170675206898868,0.12486153332098483,1.4646342367946985,1.1608071672281803,174507.01881962825,11.586,10.536,0.3650358611116054,0.3738632116606453,25668.226,2571.0,66114.46956900001,3240
"San Diego-Chula Vista-Carlsbad, CA",2013,Pre-COVID (2006-2019),22177376.0,22761571.508235678,-0.026000983664705046,-584195.5082356781,Structurally Balanced,-0.026000983664705046,-584195.5082356781,Structurally Balanced,0.1865614646575494,0.12415062657403236,1.4572696031883978,1.2043714161679813,183945.62877052507,11.304,10.286,0.3576760563380282,0.3823415492957746,,,,4326
"San Diego-Chula Vista-Carlsbad, CA",2014,Pre-COVID (2006-2019),19180653.0,18340994.00352267,0.04476345073188881,839658.9964773282,Structurally Balanced,0.04476345073188881,839658.9964773282,Structurally Balanced,0.18925658604525064,0.12422343020612843,1.4592546542398321,1.226145093858034,189259.30517890022,12.092,10.009,0.3586047554183837,0.3854164870596755,27822.7942,5055.0,73177.885549,4961
"San Diego-Chula Vista-Carlsbad, CA",2015,Pre-COVID (2006-2019),16134491.0,16054787.007825859,0.004952217632599343,79703.99217414111,Structurally Balanced,0.004952217632599343,79703.99217414111,Structurally Balanced,0.19163548671567587,0.12450127833546447,1.4591418498149953,1.2815924715129028,195622.4704540319,11.791,9.85,0.3604358050381498,0.3908541846419327,28117.169,4566.331,71818.613224,5472
"San Diego-Chula Vista-Carlsbad, CA",2016,Pre-COVID (2006-2019),15481958.0,16250130.570573337,-0.04842559790462886,-768172.5705733374,Structurally Balanced,-0.04842559790462886,-768172.5705733374,Structurally Balanced,0.1824107691618296,0.12453990411609384,1.4693413574498735,1.2595557341575998,185597.78058007566,11.703,9.508,0.3681569796323894,0.3956449743334989,28603.5155,3968.461,72703.102604,5399
"San Diego-Chula Vista-Carlsbad, CA",2017,Pre-COVID (2006-2019),14139177.0,13310488.526897624,0.06039711961468086,828688.4731023759,Structurally Balanced,0.06039711961468086,828688.4731023759,Structurally Balanced,0.17775322361858129,0.12188996117989197,1.4444505679906614,1.221548614693588,190013.19678379633,11.421,10.118,0.370289334465417,0.4019332506041408,28603.7235,3994.0,73165.64358,5387
"San Diego-Chula Vista-Carlsbad, CA",2018,Pre-COVID (2006-2019),15595875.0,13842159.573899254,0.11928747961931663,1753715.4261007458,Structurally Balanced,0.11928747961931663,1753715.4261007458,Structurally Balanced,0.19252218092053006,0.12745373936635793,1.4865663525240904,1.3084926673527357,202956.45740689343,11.162,9.894,0.375214649098875,0.4057389545987065,29788.9585,4006.042,75448.90933,4944
"San Diego-Chula Vista-Carlsbad, CA",2019,Pre-COVID (2006-2019),15080853.0,13098326.735600762,0.14094143402470038,1982526.264399238,Structurally Balanced,0.14094143402470038,1982526.264399238,Structurally Balanced,0.19828769495864657,0.13117912525518913,1.5146305797985073,1.3729685306694754,209566.82255787987,11.258,9.648,0.3792695432673345,0.4075254397728169,29192.9245,4767.0,75515.56943999999,5282
"San Diego-Chula Vista-Carlsbad, CA",2020,COVID (2020),14976334.0,11687787.208172219,0.24792675356284022,3288546.791827781,Moderate Structural Surplus,0.2933896672012217,3808010.0270805266,Moderate Structural Surplus,0.20240559417919257,0.1416715149561842,1.5711601969189777,1.4568234252781376,220011.45649392827,11.706,9.865,0.3815154887775923,0.403774809868299,24515.8285,2454.0,60606.73985999999,5094
"San Diego-Chula Vista-Carlsbad, CA",2021,COVID (2021),9576619.0,12112420.672127374,-0.2349068210035341,-2535801.6721273735,Moderate Structural Deficit,-0.2788131689163542,-3079461.553496618,Moderate Structural Deficit,0.20766849154087733,0.14064250717766652,1.5653207846238302,1.438976493437445,238658.7857913257,11.854,11.631,0.3832219405392947,0.3993546900207421,25893.0,2486.0,64299.0,4632
"San Diego-Chula Vista-Carlsbad, CA",2022,Recovery (2022),12374213.0,11013981.684093596,0.11644918259984038,1360231.3159064036,Structurally Balanced,0.12376643010901489,1440529.2078991085,Structurally Balanced,0.19555462162821627,0.13681367750302922,1.5070739196861593,1.320812468133635,241110.77652144918,13.529,9.793,0.3921631981671048,0.3943808838432052,27245.0,2942.0,63426.0,4984
"San Diego-Chula Vista-Carlsbad, CA",2023,Recovery (2023),20328019.0,10671622.105509037,0.6444121020460685,9656396.894490963,Significant Structural Surplus,0.750939768329598,10734762.417169627,Significant Structural Surplus,0.1950913240006769,0.13312585247636488,1.4702890580973327,1.335593407877658,259525.4819696297,11.367,10.149,0.3881775687367534,0.3949714020265366,28740.13418,2486.0,67628.86043,6298
"San Francisco-Oakland-Fremont, CA",2006,Pre-COVID (2006-2019),6759104.0,9409622.226010978,-0.3308424698863117,-2650518.226010978,Moderate Structural Deficit,-0.3308424698863117,-2650518.226010978,Moderate Structural Deficit,0.20878582258095998,0.11253984966844467,1.3180592116515544,1.341041291954811,230767.3779795316,12.547,10.336,0.3550753213975866,0.3516050161684675,22897.0,2239.0,69531.0,2922
"San Francisco-Oakland-Fremont, CA",2007,Pre-COVID (2006-2019),6570462.0,8940524.068709943,-0.3080100584694545,-2370062.0687099434,Moderate Structural Deficit,-0.3080100584694545,-2370062.0687099434,Moderate Structural Deficit,0.2211216308513744,0.11449637326215738,1.3392798453890746,1.4248224807132108,254471.61831197442,12.12,11.036,0.3592406277536725,0.3594079395000725,22332.0,3198.0,68939.0,2726
"San Francisco-Oakland-Fremont, CA",2008,Pre-COVID (2006-2019),8669462.0,9062256.53575093,-0.04431141898877122,-392794.53575092927,Structurally Balanced,-0.04431141898877122,-392794.53575092927,Structurally Balanced,0.24367808937614868,0.11561250510945481,1.344722362424598,1.5759067736618482,292387.88869549404,10.77,10.97,0.3561676082862524,0.3708187606492691,21984.0,3885.0,69146.0,2684
"San Francisco-Oakland-Fremont, CA",2009,Pre-COVID (2006-2019),11307164.0,12411188.334095752,-0.09316184366698366,-1104024.3340957519,Structurally Balanced,-0.09316184366698366,-1104024.3340957519,Structurally Balanced,0.22533310781810553,0.11427613438704762,1.36434454073052,1.4984045585079675,272347.2552223793,9.549,11.476,0.347020124723028,0.385613449985152,,,,2763
"San Francisco-Oakland-Fremont, CA",2010,Pre-COVID (2006-2019),11102511.0,11510173.25740346,-0.03605997644082848,-407662.2574034594,Structurally Balanced,-0.03605997644082848,-407662.2574034594,Structurally Balanced,0.21134672232848406,0.1151577497719243,1.3828277888483531,1.3520162196921195,259875.8415341361,9.798,11.063,0.3382718619525114,0.395128552097429,21107.25,3889.0,67514.046,4319
"San Francisco-Oakland-Fremont, CA",2011,Pre-COVID (2006-2019),11088677.0,11233888.853375938,-0.013010502708038274,-145211.8533759378,Structurally Balanced,-0.013010502708038274,-145211.8533759378,Structurally Balanced,0.2071679560833419,0.11867684486643885,1.4032640219746353,1.3018084814747708,252714.14442741266,10.733,10.116,0.3332911392405063,0.4017721518987341,20554.225,3874.0,66929.65969,4390
"San Francisco-Oakland-Fremont, CA",2012,Pre-COVID (2006-2019),10202439.0,11105350.309802547,-0.08480019272774086,-902911.3098025471,Structurally Balanced,-0.08480019272774086,-902911.3098025471,Structurally Balanced,0.23780074702832665,0.12361907820863284,1.4500601542343532,1.5191554985138498,291865.11185121565,11.032,9.763,0.3319843105246451,0.4025189316646261,21945.5275,3888.0,71341.323569,5227
"San Francisco-Oakland-Fremont, CA",2013,Pre-COVID (2006-2019),7126751.0,11190917.909943998,-0.45124709809719477,-4064166.909943998,Moderate Structural Deficit,-0.45124709809719477,-4064166.909943998,Moderate Structural Deficit,0.2043759603403774,0.1224719654786459,1.4375656205677148,1.3193751734188641,266597.56468443194,10.793,9.689,0.3289795551964811,0.4083574586503288,,,,6084
"San Francisco-Oakland-Fremont, CA",2014,Pre-COVID (2006-2019),5221425.0,6957104.412039509,-0.2869930018820366,-1735679.412039509,Moderate Structural Deficit,-0.2869930018820366,-1735679.412039509,Moderate Structural Deficit,0.20708614184097143,0.12497736903836273,1.4681111859595284,1.3416582330381104,270610.2058715237,11.191,9.104,0.3315458559520794,0.4080403448693526,22632.846979,4560.0,58880.558682,6807
"San Francisco-Oakland-Fremont, CA",2015,Pre-COVID (2006-2019),4909475.0,6236831.140821672,-0.23930521194948717,-1327356.140821672,Moderate Structural Deficit,-0.23930521194948717,-1327356.140821672,Moderate Structural Deficit,0.20840953746712015,0.12970603815746032,1.5201410859356614,1.3937715753326538,269510.3659363636,10.994,9.365,0.3384963415162142,0.4097501840065809,23259.958,4551.842,69644.76259,6887
"San Francisco-Oakland-Fremont, CA",2016,Pre-COVID (2006-2019),4611927.0,5159647.493096718,-0.11222248786106448,-547720.4930967176,Structurally Balanced,-0.11222248786106448,-547720.4930967176,Structurally Balanced,0.21369722922126824,0.13287022216170483,1.5676237586770116,1.475590348508674,282954.32927222585,11.147,9.261,0.3492909123842604,0.4124748276560152,24235.93575,4304.144,69983.16858499999,7268
"San Francisco-Oakland-Fremont, CA",2017,Pre-COVID (2006-2019),3705725.0,5213903.736880957,-0.34144993179275573,-1508178.7368809571,Moderate Structural Deficit,-0.34144993179275573,-1508178.7368809571,Moderate Structural Deficit,0.21892587939403957,0.13478574222085302,1.5972713423102805,1.5044936977807313,304785.9453576291,10.518,9.855,0.3511765705305186,0.418457715669201,24235.93575,6149.0,71776.93856000001,8385
"San Francisco-Oakland-Fremont, CA",2018,Pre-COVID (2006-2019),4205766.0,5559566.878561531,-0.27906376476345507,-1353800.8785615312,Moderate Structural Deficit,-0.27906376476345507,-1353800.8785615312,Moderate Structural Deficit,0.24372789181193016,0.14080047645173444,1.6422370324566342,1.65651644782112,350034.6363936067,9.816,9.71,0.3512982485792153,0.4232565018063507,23423.80065,6040.203,71354.39809,8301
"San Francisco-Oakland-Fremont, CA",2019,Pre-COVID (2006-2019),5690476.0,5861618.451581932,-0.029631851557955002,-171142.45158193167,Structurally Balanced,-0.029631851557955002,-171142.45158193167,Structurally Balanced,0.23888815344067615,0.14480386307610865,1.6719455832730077,1.6540911280056572,357024.3480268324,10.448,9.277,0.3559631686641333,0.4234768446987096,22912.5063,4414.0,68185.46308,10666
"San Francisco-Oakland-Fremont, CA",2020,COVID (2020),7674139.0,7242229.751696601,0.057926969033726294,431909.2483033994,Structurally Balanced,-0.030243331318274613,-235636.7887590062,Structurally Balanced,0.23741197391111196,0.15973957585974358,1.7715379378922433,1.7087834278386034,358683.5783032082,10.711,9.913,0.3589626697887418,0.4192111234290332,20422.4992,2482.0,55992.30641,11597
"San Francisco-Oakland-Fremont, CA",2021,COVID (2021),7731684.0,6207498.217399817,0.21956874016418837,1524185.782600183,Moderate Structural Surplus,0.13289155367649386,962130.4613966318,Structurally Balanced,0.24705137003790886,0.16293606388530793,1.813443264647441,1.7118683316775098,411034.543013756,10.634,13.006,0.3592762292647745,0.4156802850960926,20943.0,2619.0,57384.0,10839
"San Francisco-Oakland-Fremont, CA",2022,Recovery (2022),8994318.0,8030354.190835448,0.11336440919440349,963963.809164552,Structurally Balanced,0.05692017502124358,497660.3407560382,Structurally Balanced,0.2533779217850043,0.16673034603104936,1.8366216061846572,1.7113618458973532,398438.80589463265,12.773,10.131,0.3610453739844894,0.41260718566555,22230.0,2596.0,58066.0,10438
"San Francisco-Oakland-Fremont, CA",2023,Recovery (2023),12047300.0,8173654.965231269,0.3879243954402085,3873645.0347687313,Moderate Structural Surplus,0.3898904108872365,3889698.7805620134,Moderate Structural Surplus,0.24264480748870465,0.16363744162978242,1.8072698536599048,1.6611441180056417,414127.23698043264,10.635,9.927,0.3578563646175934,0.4151537059476412,21720.67259,2600.0,57539.66395,11173
"San Jose-Sunnyvale-Santa Clara, CA",2006,Pre-COVID (2006-2019),26334649.0,23968350.300661694,0.09415130200012811,2366298.6993383057,Structurally Balanced,0.09415130200012811,2366298.6993383057,Structurally Balanced,0.3824450851721181,0.25522439353326076,2.989171070743131,2.456463014494721,215337.9424084954,13.315,10.782,0.3803519146592457,0.3295069136446648,6741.0,2034.0,37124.0,11117
"San Jose-Sunnyvale-Santa Clara, CA",2007,Pre-COVID (2006-2019),23946177.0,23217119.885077335,0.030918754278904004,729057.1149226651,Structurally Balanced,0.030918754278904004,729057.1149226651,Structurally Balanced,0.39095189846219797,0.2537099072716388,2.9676797238497477,2.5191432048584037,241207.89090625528,12.817,11.38,0.3799196787148594,0.3398737808376362,6780.0,1730.0,36851.0,9822
"San Jose-Sunnyvale-Santa Clara, CA",2008,Pre-COVID (2006-2019),26898006.0,22998909.776797414,0.15660534366936574,3899096.223202586,Structurally Balanced,0.15660534366936574,3899096.223202586,Structurally Balanced,0.37530578613078713,0.25523983317821125,2.9687680509242367,2.427165003107922,228947.4890969728,11.004,11.427,0.3770359246852258,0.3534711793923992,6455.0,2315.0,36859.0,9996
"San Jose-Sunnyvale-Santa Clara, CA",2009,Pre-COVID (2006-2019),32263600.0,26089325.232120685,0.21241342404589503,6174274.767879315,Moderate Structural Surplus,0.21241342404589503,6174274.767879315,Moderate Structural Surplus,0.37775660221661506,0.2562856589587154,3.059798456986299,2.5119797984802665,233759.14994197155,9.972,12.496,0.360361427936602,0.3740779143830544,,,,10469
"San Jose-Sunnyvale-Santa Clara, CA",2010,Pre-COVID (2006-2019),31993265.0,28699428.659251925,0.10864819667378711,3293836.3407480754,Structurally Balanced,0.10864819667378711,3293836.3407480754,Structurally Balanced,0.3779854047342417,0.25536014193123024,3.0663945859148414,2.418028500169032,263441.1997555696,10.248,11.486,0.3476262019230769,0.3862680288461538,6530.733,2134.0,36989.892,12868
"San Jose-Sunnyvale-Santa Clara, CA",2011,Pre-COVID (2006-2019),27810476.0,27998533.412246674,-0.00673934642470897,-188057.4122466743,Structurally Balanced,-0.00673934642470897,-188057.4122466743,Structurally Balanced,0.3776697560413561,0.2582722794454597,3.0538745618580587,2.373213024379875,280758.48724175047,11.515,10.275,0.3455419684198029,0.3913095096758874,6448.91,2132.0,35985.30924,12674
"San Jose-Sunnyvale-Santa Clara, CA",2012,Pre-COVID (2006-2019),24675899.0,21968938.262414943,0.11619745976376095,2706960.7375850566,Structurally Balanced,0.11619745976376095,2706960.7375850566,Structurally Balanced,0.38057780188585566,0.25341610476698667,2.9725880607498643,2.431265955099555,288116.50439762813,11.958,9.913,0.344658788089445,0.393494380720658,6464.4845,2153.0,36642.541662,14567
"San Jose-Sunnyvale-Santa Clara, CA",2013,Pre-COVID (2006-2019),23253249.0,18158513.944456745,0.2473053256334481,5094735.055543255,Moderate Structural Surplus,0.2473053256334481,5094735.055543255,Moderate Structural Surplus,0.36755813333466725,0.25045461203462555,2.9398151517081663,2.3728185795544974,296102.23150994425,11.48,10.167,0.3412945853951546,0.3977861045164612,,,,17150
"San Jose-Sunnyvale-Santa Clara, CA",2014,Pre-COVID (2006-2019),19547501.0,18351137.636082415,0.06315588307834119,1196363.3639175855,Structurally Balanced,0.06315588307834119,1196363.3639175855,Structurally Balanced,0.3638503798112263,0.2500638538304448,2.937504156451988,2.357293700718285,311257.58967880247,11.119,9.606,0.3403985456185349,0.404041827559965,6533.11,2574.0,48438.405209,20015
"San Jose-Sunnyvale-Santa Clara, CA",2015,Pre-COVID (2006-2019),15864135.0,15567049.45886372,0.018904434805307346,297085.5411362797,Structurally Balanced,0.018904434805307346,297085.5411362797,Structurally Balanced,0.35613401064616423,0.24986430406029805,2.9283832881371,2.381702234362237,331126.33568832773,11.163,9.851,0.3455506117908787,0.4080645161290323,6696.0925,2056.762,37061.164072,19928
"San Jose-Sunnyvale-Santa Clara, CA",2016,Pre-COVID (2006-2019),15935720.0,16127572.046825802,-0.011967226335119818,-191852.04682580195,Structurally Balanced,-0.011967226335119818,-191852.04682580195,Structurally Balanced,0.35396288014145305,0.24773477884605424,2.9228138468605604,2.444131875599809,340695.88836490456,11.487,9.803,0.355092745033476,0.4126605202502469,7122.1905,2024.854,37121.650611,21366
"San Jose-Sunnyvale-Santa Clara, CA",2017,Pre-COVID (2006-2019),16279271.0,13736616.033071859,0.16982761004376812,2542654.966928141,Structurally Balanced,0.16982761004376812,2542654.966928141,Structurally Balanced,0.35930354645122675,0.24633696650832274,2.919203253046427,2.4691915031807534,376990.12571334577,11.0,10.285,0.3566565499138709,0.4183413993929948,7122.1905,2594.0,37227.83433000001,21888
"San Jose-Sunnyvale-Santa Clara, CA",2018,Pre-COVID (2006-2019),16056298.0,13362495.07073948,0.1836492638981646,2693802.9292605203,Moderate Structural Surplus,0.1836492638981646,2693802.9292605203,Structurally Balanced,0.37141744945908867,0.25154332514489125,2.9338946446095764,2.524368915936415,394864.3312398042,10.209,10.193,0.3526761332605134,0.4241125068268705,7041.2701,2584.739,37553.89768,20098
"San Jose-Sunnyvale-Santa Clara, CA",2019,Pre-COVID (2006-2019),16107104.0,13765941.548023667,0.1570628790524502,2341162.451976333,Structurally Balanced,0.1570628790524502,2341162.451976333,Structurally Balanced,0.36953941785553807,0.2553888596265407,2.948790638584665,2.5587366460807566,405666.51254095166,10.559,9.848,0.3529906415299064,0.4275057642750576,6834.0331,2436.0,36447.07012,23124
"San Jose-Sunnyvale-Santa Clara, CA",2020,COVID (2020),19434561.0,12997976.15917368,0.4022593106562695,6436584.8408263195,Moderate Structural Surplus,0.4998035733674939,7644588.258235436,Moderate Structural Surplus,0.38423938129932184,0.2699501862052064,2.993791573751873,2.765580338138574,457797.4049156936,11.065,10.287,0.355926724137931,0.423572198275862,5684.22885,1317.0,29618.96828,22431
"San Jose-Sunnyvale-Santa Clara, CA",2021,COVID (2021),16918067.0,15036020.889714604,0.1179333891387202,1882046.1102853958,Structurally Balanced,0.18776210398086945,2896172.509721903,Structurally Balanced,0.39541132970576803,0.2685007801601408,2.9883557987305456,2.739884151243254,521891.3302597106,10.588,12.87,0.350855408388521,0.4258830022075055,5779.0,1287.0,29949.0,20697
"San Jose-Sunnyvale-Santa Clara, CA",2022,Recovery (2022),14369769.0,13927601.391699083,0.03125404195478154,442167.60830091685,Structurally Balanced,0.06845358965741255,950749.9177803975,Structurally Balanced,0.37615321280047914,0.27145059283989126,2.9901696703042626,2.5406091109416704,478622.33849723655,12.187,10.045,0.3540254521098459,0.4215673141326189,6285.0,1331.0,30446.0,19918
"San Jose-Sunnyvale-Santa Clara, CA",2023,Recovery (2023),16273385.0,11269420.291674206,0.36743806267457657,5003964.708325794,Moderate Structural Surplus,0.4295017654774469,5682124.438273257,Moderate Structural Surplus,0.3854014712430184,0.26959566332069507,2.977509976593646,2.6384549236886623,520162.84167561086,10.439,9.849,0.3496628374956688,0.4249047149444281,6170.25985,1318.0,30240.32521,21493
"Scranton--Wilkes-Barre, PA",2006,Pre-COVID (2006-2019),8892779.0,7410353.127084692,0.18236150545277674,1482425.872915308,Moderate Structural Surplus,0.18236150545277674,1482425.872915308,Structurally Balanced,0.12539507665214766,0.06766452549856128,0.7924824086593499,0.8054185553387465,113682.54438519104,9.272,8.73,0.2735288479969331,0.3621813302664367,2412.0,902.0,8186.0,33
"Scranton--Wilkes-Barre, PA",2007,Pre-COVID (2006-2019),10677366.0,10766692.296266831,-0.008331148115306775,-89326.29626683146,Structurally Balanced,-0.008331148115306775,-89326.29626683146,Structurally Balanced,0.12221336285855877,0.06647485366406486,0.7775655175874052,0.7874957604734631,119827.05990680543,8.273,8.429,0.27,0.37375,2461.0,905.0,8367.0,42
"Scranton--Wilkes-Barre, PA",2008,Pre-COVID (2006-2019),8766101.0,9977717.585572053,-0.1294622416083584,-1211616.5855720527,Structurally Balanced,-0.1294622416083584,-1211616.5855720527,Structurally Balanced,0.12421381380230948,0.06815700234275736,0.7927537347223886,0.8033114140650804,121846.02359624208,7.717,8.551,0.260415650307347,0.3895014147721728,2507.0,912.0,8360.0,33
"Scranton--Wilkes-Barre, PA",2009,Pre-COVID (2006-2019),11323003.0,12385456.729798853,-0.08968661964040336,-1062453.7297988534,Structurally Balanced,-0.08968661964040336,-1062453.7297988534,Structurally Balanced,0.12596350107411794,0.06501962989559827,0.776270369698758,0.8376234013842326,136067.1312454893,6.974,8.869,0.2531042018476209,0.4038939107976557,,,,26
"Scranton--Wilkes-Barre, PA",2010,Pre-COVID (2006-2019),11640468.0,11721151.00666595,-0.006907340405984286,-80683.00666595064,Structurally Balanced,-0.006907340405984286,-80683.00666595064,Structurally Balanced,0.12299906472697833,0.05767300797635121,0.6925442556330224,0.7868431962685947,156232.877633047,7.46,8.437,0.2445913461538461,0.4180689102564102,2150.573,906.0,7782.606,32
"Scranton--Wilkes-Barre, PA",2011,Pre-COVID (2006-2019),11504504.0,11350114.509994294,0.01351077800462619,154389.4900057055,Structurally Balanced,0.01351077800462619,154389.4900057055,Structurally Balanced,0.11965951654923518,0.055811727639233366,0.6599315097104641,0.751920212362855,157833.15426472118,7.192,8.22,0.2376358281710165,0.4281507057987204,2198.990208,885.0,7783.953265,31
"Scranton--Wilkes-Barre, PA",2012,Pre-COVID (2006-2019),12114964.0,10907426.588400556,0.10499748712631884,1207537.4115994442,Structurally Balanced,0.10499748712631884,1207537.4115994442,Structurally Balanced,0.11564497662424467,0.05563892576582536,0.6526483650141977,0.7387811195281894,155425.96038998917,7.945,7.519,0.237912199069391,0.4371838964191786,2127.427748,966.0,7691.843159999999,34
"Scranton--Wilkes-Barre, PA",2013,Pre-COVID (2006-2019),12540839.0,10173937.103386981,0.20916117457921146,2366901.8966130186,Moderate Structural Surplus,0.20916117457921146,2366901.8966130186,Moderate Structural Surplus,0.1223264952175757,0.0573447869903395,0.6731082821600054,0.7896943484576987,163030.9665943484,7.296,7.19,0.2360745391938424,0.4424751873607453,,,,44
"Scranton--Wilkes-Barre, PA",2014,Pre-COVID (2006-2019),10862884.0,10147015.77775865,0.06817219073051461,715868.2222413495,Structurally Balanced,0.06817219073051461,715868.2222413495,Structurally Balanced,0.127819432166511,0.056597987050255594,0.6648574740420966,0.8281094620042168,176592.99698285776,7.465,7.742,0.2320954907161803,0.4482758620689655,2020.839965,1008.0,7459.900005,33
"Scranton--Wilkes-Barre, PA",2015,Pre-COVID (2006-2019),10301155.0,8484242.49301784,0.19404540618470456,1816912.5069821607,Moderate Structural Surplus,0.19404540618470456,1816912.5069821607,Structurally Balanced,0.12702575890050424,0.05778054916135965,0.6771819415336613,0.8495047503212911,178837.98956475794,7.723,7.617,0.2303428454116197,0.4568877027304455,2401.165,1059.292,7530.230950000001,40
"Scranton--Wilkes-Barre, PA",2016,Pre-COVID (2006-2019),9069192.0,7861080.580949106,0.14295909977942678,1208111.4190508937,Structurally Balanced,0.14295909977942678,1208111.4190508937,Structurally Balanced,0.11946729475283377,0.055362903332813955,0.6531802325748765,0.8249278090414178,177439.14046825035,7.569,7.284,0.2317737789203084,0.4658097686375321,2734.022865,1075.39,8076.593991000001,34
"Scranton--Wilkes-Barre, PA",2017,Pre-COVID (2006-2019),8542884.0,8208988.366027792,0.03986895956552594,333895.633972208,Structurally Balanced,0.03986895956552594,333895.633972208,Structurally Balanced,0.108988800299129,0.05325573158141575,0.631104243424966,0.748988487028485,172203.45592875427,7.443,8.695,0.2297496318114874,0.4755943614559226,2726.61063,1042.395,8037.86562,40
"Scranton--Wilkes-Barre, PA",2018,Pre-COVID (2006-2019),7948154.0,8271820.850385995,-0.03991495973426673,-323666.85038599465,Structurally Balanced,-0.03991495973426673,-323666.85038599465,Structurally Balanced,0.10433954053130147,0.052354071252525794,0.6106356794910692,0.7091521768939332,171419.56199334783,6.18,7.398,0.2317901889997876,0.480038224676152,2764.90621,1174.178,8133.9943,28
"Scranton--Wilkes-Barre, PA",2019,Pre-COVID (2006-2019),10426685.0,8556425.873922307,0.19768582045231575,1870259.126077693,Moderate Structural Surplus,0.19768582045231575,1870259.126077693,Structurally Balanced,0.09710548049293778,0.04864821379606765,0.5617057754025916,0.6723703601484047,175376.0335390707,6.448,5.875,0.2362254591513616,0.4853282668355499,2860.09361,1181.239,8273.372519999999,38
"Scranton--Wilkes-Barre, PA",2020,COVID (2020),11197994.0,8020669.399671765,0.3337127704280469,3177324.600328235,Moderate Structural Surplus,0.3210674229104402,3075256.465020052,Moderate Structural Surplus,0.09851821414509383,0.0506405145248586,0.5616115617706399,0.7090893053878596,179612.87216114276,6.424,6.997,0.2365339578454332,0.4876516925697253,2210.76486,1185.0,6949.166380000001,44
"Scranton--Wilkes-Barre, PA",2021,COVID (2021),7277872.0,6345598.16637207,0.13707714140329763,932273.8336279299,Structurally Balanced,0.03831044386012117,273545.23124721274,Structurally Balanced,0.10710423510231491,0.0516415887712958,0.5747597499281661,0.7421466565114037,201218.82291337795,8.217,10.059,0.2381368904439099,0.4845834244478461,2641.0,1157.0,8233.0,33
"Scranton--Wilkes-Barre, PA",2022,Recovery (2022),7835337.0,6434666.890376236,0.19694381258714522,1400670.1096237637,Moderate Structural Surplus,0.11292827643551284,836698.6369296191,Structurally Balanced,0.11483566781863203,0.051579932064071396,0.5681798180684438,0.775621565874649,226137.2994990263,9.207,7.316,0.2464661494313954,0.4811350834307578,2430.0,1262.0,8073.0,29
"Scranton--Wilkes-Barre, PA",2023,Recovery (2023),7300680.0,5260670.153331769,0.32770907029042284,2040009.8466682313,Moderate Structural Surplus,0.22956774900041133,1497536.5463716136,Moderate Structural Surplus,0.11256017441155784,0.05091211679476146,0.5622914471943083,0.7705859176654851,233434.67543138866,8.073,7.84,0.2473083892975162,0.4839569342287602,2424.84721,821.0,7789.45192,25
"Seattle-Tacoma-Bellevue, WA",2006,Pre-COVID (2006-2019),23231480.0,24249121.749642868,-0.04287214474631185,-1017641.7496428676,Structurally Balanced,-0.04287214474631185,-1017641.7496428676,Structurally Balanced,0.1799677161479467,0.10969885959184653,1.2847857254002146,1.1559412204802084,177735.33563706654,14.018,10.564,0.3900152913858526,0.326612674859829,20913.0,7823.0,71114.0,2232
"Seattle-Tacoma-Bellevue, WA",2007,Pre-COVID (2006-2019),21887329.0,22340452.25439256,-0.02049115268681234,-453123.2543925606,Structurally Balanced,-0.02049115268681234,-453123.2543925606,Structurally Balanced,0.18821616915254052,0.11447737470460631,1.339057616645101,1.2127923804185041,191496.3849145748,13.331,10.944,0.3974566537977223,0.3333194957587834,20872.0,7852.0,71358.0,2334
"Seattle-Tacoma-Bellevue, WA",2008,Pre-COVID (2006-2019),25998490.0,24939908.62728284,0.041569182868265386,1058581.3727171607,Structurally Balanced,0.041569182868265386,1058581.3727171607,Structurally Balanced,0.1799482619610433,0.11784922978839514,1.3707383517114875,1.1637553694675429,183717.37306471608,11.805,11.223,0.3944074089409686,0.3430085710736615,20384.0,7685.0,69801.0,2659
"Seattle-Tacoma-Bellevue, WA",2009,Pre-COVID (2006-2019),33070547.0,33287017.846595045,-0.0065243989885779285,-216470.84659504518,Structurally Balanced,-0.0065243989885779285,-216470.84659504518,Structurally Balanced,0.1899683376993574,0.11840578693329476,1.4136485265260421,1.2632383493803945,201726.34963876774,9.95,13.02,0.3741846696388893,0.3637627764955488,,,,3596
"Seattle-Tacoma-Bellevue, WA",2010,Pre-COVID (2006-2019),33489243.0,32925306.68854176,0.016982720440275045,563936.3114582412,Structurally Balanced,0.016982720440275045,563936.3114582412,Structurally Balanced,0.2016026463712688,0.11916570466069784,1.430955782037031,1.2896819256234788,223382.3308279824,10.426,11.631,0.3590034304320018,0.3776382347810919,20791.873,7791.0,70829.762,4072
"Seattle-Tacoma-Bellevue, WA",2011,Pre-COVID (2006-2019),33745249.0,31742543.41005261,0.0611817925094158,2002705.5899473913,Structurally Balanced,0.0611817925094158,2002705.5899473913,Structurally Balanced,0.2057528120331554,0.12330897763773555,1.4580354920982779,1.2929159550345322,227056.40995707453,10.733,11.25,0.3501531068231433,0.3843201031456493,20788.25527,7784.0,70768.60191,3357
"Seattle-Tacoma-Bellevue, WA",2012,Pre-COVID (2006-2019),27903220.0,27149227.489900228,0.027393501789759966,753992.5100997724,Structurally Balanced,0.027393501789759966,753992.5100997724,Structurally Balanced,0.2136432045973175,0.12776878720331522,1.4987365216046173,1.3648285509610836,233605.12243285423,10.876,10.377,0.3412630323828358,0.389044800860828,20722.12858,7723.0,70206.433121,3901
"Seattle-Tacoma-Bellevue, WA",2013,Pre-COVID (2006-2019),26022902.0,23703920.393551327,0.09333654454746565,2318981.6064486727,Structurally Balanced,0.09333654454746565,2318981.6064486727,Structurally Balanced,0.21125332926471044,0.12800407810793554,1.502501092893109,1.3637729088574913,235454.7916563036,11.092,9.91,0.335849975645397,0.3950030085097848,,,,4068
"Seattle-Tacoma-Bellevue, WA",2014,Pre-COVID (2006-2019),21184722.0,19489725.791052822,0.0833928172918661,1694996.208947178,Structurally Balanced,0.0833928172918661,1694996.208947178,Structurally Balanced,0.21045300409737527,0.12649671053066894,1.4859589151709067,1.363471273860892,246192.21381156493,10.922,9.088,0.3334551845342706,0.3996485061511423,20114.91325,7513.0,68306.035655,4293
"Seattle-Tacoma-Bellevue, WA",2015,Pre-COVID (2006-2019),19349063.0,17650269.423726894,0.09189294646752089,1698793.576273106,Structurally Balanced,0.09189294646752089,1698793.576273106,Structurally Balanced,0.21011276511675187,0.1251849948284777,1.4671549349953437,1.4051621782447294,256933.75852394593,11.003,9.074,0.3380554479552874,0.4045293564274251,20662.2442,7679.78,69816.18459300001,4341
"Seattle-Tacoma-Bellevue, WA",2016,Pre-COVID (2006-2019),15419623.0,15353957.625133596,0.004267652525008714,65665.37486640364,Structurally Balanced,0.004267652525008714,65665.37486640364,Structurally Balanced,0.18455247024134783,0.12300300547458111,1.451208785787717,1.274344290162018,234530.56213625305,11.086,8.959,0.3470754435056644,0.4086908093129398,20955.02786,7798.046,70891.326194,4694
"Seattle-Tacoma-Bellevue, WA",2017,Pre-COVID (2006-2019),16398577.0,16977726.489277776,-0.034707715699251906,-579149.4892777763,Structurally Balanced,-0.034707715699251906,-579149.4892777763,Structurally Balanced,0.18463572852083796,0.1195732865847204,1.4169969376633336,1.2688462904140223,256728.59800719057,10.92,9.387,0.3532069620083951,0.4150870251049381,21164.24358,7845.647,71324.06721,5341
"Seattle-Tacoma-Bellevue, WA",2018,Pre-COVID (2006-2019),16426455.0,13934976.24184928,0.16449118891622305,2491478.758150719,Structurally Balanced,0.16449118891622305,2491478.758150719,Structurally Balanced,0.1836218428953708,0.12049563444603928,1.4054099682288776,1.2480007957813821,269925.3871943457,10.809,9.452,0.3614222128855218,0.4156742775363365,21391.08222,7910.345,71912.22914,5529
"Seattle-Tacoma-Bellevue, WA",2019,Pre-COVID (2006-2019),17663391.0,15145095.086755542,0.15381746971308985,2518295.913244458,Structurally Balanced,0.15381746971308985,2518295.913244458,Structurally Balanced,0.18022434852259217,0.12282678234217227,1.4181921109155304,1.247895685274528,276134.09213107056,10.555,9.283,0.3649116887498864,0.4174572070026084,21272.35868,7915.717,71940.34785,7118
"Seattle-Tacoma-Bellevue, WA",2020,COVID (2020),23934229.0,16203225.054982103,0.39009931019107924,7731003.945017897,Moderate Structural Surplus,0.5292669263769767,9836091.67979941,Moderate Structural Surplus,0.1490259758355245,0.1259316418648078,1.396602438336562,1.072621206209943,242438.98990492415,10.393,10.27,0.3626332108705281,0.4182886474374007,17138.87276,6598.0,59985.98703,6847
"Seattle-Tacoma-Bellevue, WA",2021,COVID (2021),20593886.0,25751093.8078906,-0.22348286855756783,-5157207.807890601,Moderate Structural Deficit,-0.11435813666821204,-2495022.9985268153,Structurally Balanced,0.14861377726931677,0.12156145044394975,1.35295273674665,1.0297745724675833,270145.29032667703,11.366,10.771,0.3667466522176639,0.4120545965890033,19361.0,7053.0,64119.0,5969
"Seattle-Tacoma-Bellevue, WA",2022,Recovery (2022),25002601.0,15826262.947331525,0.45730908751223254,9176338.052668475,Moderate Structural Surplus,0.6052048877167273,11352117.097438851,Moderate Structural Surplus,0.1661213516161196,0.1298416316870065,1.4302732035008041,1.1220146607167851,281369.5915759429,11.963,10.451,0.3704620983333123,0.4059439719986353,19864.0,7053.0,65177.0,5365
"Seattle-Tacoma-Bellevue, WA",2023,Recovery (2023),30014602.0,14842490.819826605,0.7041899279226129,15172111.180173395,Significant Structural Surplus,0.888602014447649,17671689.86493978,Significant Structural Surplus,0.16976561076655225,0.1310172619126239,1.4470010372042752,1.162213808253948,307699.72427200916,10.666,10.566,0.3640227703984819,0.4085135989879823,20387.0531,7250.0,65909.53572,5187
"Spokane-Spokane Valley, WA",2007,Pre-COVID (2006-2019),1982993.0,1996773.9472941752,-0.006925532352992647,-13780.94729417516,Structurally Balanced,-0.006925532352992647,-13780.94729417516,Structurally Balanced,0.09761968822408915,0.06104650673577745,0.7140693960273883,0.6290236093427961,110323.71001867691,12.081,10.371,0.347502356267672,0.3482563619227144,1879.0,878.0,7940.0,54
"Spokane-Spokane Valley, WA",2008,Pre-COVID (2006-2019),2448501.0,2865975.3548015314,-0.15743272963347898,-417474.3548015314,Structurally Balanced,-0.15743272963347898,-417474.3548015314,Structurally Balanced,0.09591356202096903,0.06190582894600209,0.7200445355743192,0.6202889741209354,109654.26380805564,10.081,10.796,0.3476027397260274,0.3586377473363775,1804.0,862.0,7794.0,43
"Spokane-Spokane Valley, WA",2009,Pre-COVID (2006-2019),2885736.0,3292280.832620301,-0.1318006067006614,-406544.8326203008,Structurally Balanced,-0.1318006067006614,-406544.8326203008,Structurally Balanced,0.09173607232633137,0.057252659151758464,0.6835403855318051,0.6100202064596332,118707.27536254113,9.075,12.114,0.3250246305418719,0.3755665024630542,,,,47
"Spokane-Spokane Valley, WA",2010,Pre-COVID (2006-2019),2939071.0,3374274.754945459,-0.13808686878750187,-435203.75494545884,Structurally Balanced,-0.13808686878750187,-435203.75494545884,Structurally Balanced,0.09132953816579902,0.056275990480303406,0.675768705408497,0.5842485541140042,124914.97330464578,9.83,9.921,0.311603521614403,0.3862894450489663,1838.324,841.0,7644.663,71
"Spokane-Spokane Valley, WA",2011,Pre-COVID (2006-2019),2934588.0,3222786.7798425057,-0.09367937620099198,-288198.7798425057,Structurally Balanced,-0.09367937620099198,-288198.7798425057,Structurally Balanced,0.09544666776313068,0.06016359859454587,0.711389095617295,0.5997707559201968,126554.03691490473,8.949,11.117,0.2962661511852681,0.3987180791535253,1809.86029,824.0,7492.64851,71
"Spokane-Spokane Valley, WA",2012,Pre-COVID (2006-2019),2607879.0,2482751.397222177,0.04916986770940035,125127.60277782287,Structurally Balanced,0.04916986770940035,125127.60277782287,Structurally Balanced,0.09834153372842094,0.06136446812878808,0.7198093644507172,0.6282405903376743,131039.04227155034,9.158,10.085,0.284348987771041,0.4080772787997123,1849.11532,830.0,7546.707046,77
"Spokane-Spokane Valley, WA",2013,Pre-COVID (2006-2019),2501072.0,2492414.623302334,0.0034674711378990253,8657.376697666012,Structurally Balanced,0.0034674711378990253,8657.376697666012,Structurally Balanced,0.09397425051774662,0.06013340788384901,0.7058408794498322,0.6066628035277016,129692.37859745124,9.43,9.216,0.269159646599548,0.4192521060201356,,,,86
"Spokane-Spokane Valley, WA",2014,Pre-COVID (2006-2019),2166992.0,2773176.661424155,-0.24665344148663948,-606184.6614241549,Moderate Structural Deficit,-0.24665344148663948,-606184.6614241549,Moderate Structural Deficit,0.08875068812659251,0.05981686365703982,0.70266966987407,0.5749930456683134,125665.73570270896,9.628,8.569,0.2636400651465798,0.4296620521172638,1904.34907,852.0,7750.672119,86
"Spokane-Spokane Valley, WA",2015,Pre-COVID (2006-2019),1858635.0,2403746.0776879117,-0.2571860388301719,-545111.0776879117,Moderate Structural Deficit,-0.2571860388301719,-545111.0776879117,Moderate Structural Deficit,0.09167339650812509,0.05898371964879203,0.6912829727370879,0.6130802640804406,134547.70702334392,10.688,7.82,0.2765788952682637,0.4294199168481489,2018.36202,878.273,7984.300927,82
"Spokane-Spokane Valley, WA",2016,Pre-COVID (2006-2019),1182730.0,1622649.824014377,-0.3162351811482331,-439919.8240143771,Moderate Structural Deficit,-0.3162351811482331,-439919.8240143771,Moderate Structural Deficit,0.09045372408881408,0.05801003154247893,0.6844114671300857,0.6245876127571088,135744.90843744652,10.535,8.522,0.2857281931464174,0.4348714953271028,2088.41604,897.748,8161.344144999999,65
"Spokane-Spokane Valley, WA",2017,Pre-COVID (2006-2019),1073795.0,1346040.5188239003,-0.22596823127265608,-272245.51882390026,Moderate Structural Deficit,-0.22596823127265608,-272245.51882390026,Moderate Structural Deficit,0.0889293963622321,0.056895725403382245,0.6742397985824761,0.6111370512465121,141989.28428170306,9.963,9.163,0.2928606119475473,0.4406022340942205,2110.64123,903.347,8212.24505,60
"Spokane-Spokane Valley, WA",2018,Pre-COVID (2006-2019),1076846.0,1311842.9633669446,-0.1973965926386949,-234996.96336694458,Moderate Structural Deficit,-0.1973965926386949,-234996.96336694458,Structurally Balanced,0.08857877823972314,0.056584713890529326,0.6599801006628332,0.6020328735917723,149463.79904083832,10.004,8.351,0.3046212482134349,0.4468794664125774,2185.0969,918.413,8349.20957,81
"Spokane-Spokane Valley, WA",2019,Pre-COVID (2006-2019),1671316.0,1657874.729274151,0.008074841517439424,13441.270725849085,Structurally Balanced,0.008074841517439424,13441.270725849085,Structurally Balanced,0.08740221474229021,0.056802637448214906,0.6558590135809036,0.6051837476703059,152635.01655230322,9.371,8.66,0.3116195518578046,0.450978538337903,2215.96909,926.422,8422.02072,94
"Spokane-Spokane Valley, WA",2020,COVID (2020),1827708.0,1103374.6321901628,0.5046893918462327,724333.3678098372,Moderate Structural Surplus,0.12975313879107198,222409.7191785283,Structurally Balanced,0.0892365505205221,0.05928134148717633,0.6574397414569849,0.6422841113483257,158418.75335914997,9.696,9.075,0.3159031167855802,0.4467705595193391,1903.76307,808.0,7346.81139,88
"Spokane-Spokane Valley, WA",2021,COVID (2021),1524433.0,1777108.442736427,-0.15336503540381052,-252675.44273642707,Structurally Balanced,-0.564564954172921,-1156560.6529110838,Moderate Structural Deficit,0.09232146862467124,0.058577508174526526,0.6519550376134017,0.6397139123263421,176599.76277722928,11.1,9.893,0.3267189663128749,0.435809875403784,2176.0,861.0,7828.0,77
"Spokane-Spokane Valley, WA",2022,Recovery (2022),2464080.0,1656235.6276651938,0.3972711795980466,807844.3723348062,Moderate Structural Surplus,0.08204595516467883,194096.51187751675,Structurally Balanced,0.08262309486997592,0.0592285610257367,0.6524334500141737,0.5580518269086321,178160.42828293092,12.207,10.545,0.3338746053225079,0.4275146594497068,2196.0,894.0,8128.0,98
"Spokane-Spokane Valley, WA",2023,Recovery (2023),2268414.0,1464137.055455282,0.437814880618129,804276.9445447179,Moderate Structural Surplus,0.10605324887106349,228255.1754061298,Structurally Balanced,0.0903834366817338,0.05919724509297032,0.6537953381004851,0.6187641753511935,210229.91748802445,11.275,10.123,0.3373139648872649,0.4201051599679173,2347.02639,924.0,8406.19734,98
"St. Louis, MO-IL",2006,Pre-COVID (2006-2019),29014905.0,26755200.027328003,0.08108081547366552,2259704.972671997,Structurally Balanced,0.08108081547366552,2259704.972671997,Structurally Balanced,0.14166389815958277,0.0835756975477507,0.9788329942465209,0.9099139714700456,135317.07596470066,11.344,10.043,0.3346995066236743,0.3424886368050969,23008.0,12306.0,64134.0,495
"St. Louis, MO-IL",2007,Pre-COVID (2006-2019),31825663.0,30349966.383224785,0.04747756703703487,1475696.6167752147,Structurally Balanced,0.04747756703703487,1475696.6167752147,Structurally Balanced,0.1457863504264801,0.08261800871087596,0.96639422525033,0.9393909979272919,146688.2283422824,10.809,10.186,0.3359083125778331,0.3536542652552926,24913.0,12028.0,67665.0,484
"St. Louis, MO-IL",2008,Pre-COVID (2006-2019),35677671.0,34490504.98917971,0.033840962464612545,1187166.010820292,Structurally Balanced,0.033840962464612545,1187166.010820292,Structurally Balanced,0.1333206402570316,0.08140419054446388,0.9468355980746017,0.8622067769321379,143429.66995672457,9.377,10.22,0.3238234770040983,0.3689639470193431,24753.0,11466.0,66114.0,500
"St. Louis, MO-IL",2009,Pre-COVID (2006-2019),46689002.0,39893985.28318491,0.15728306597727482,6795016.716815092,Structurally Balanced,0.15728306597727482,6795016.716815092,Structurally Balanced,0.1419505880476205,0.07769722710738082,0.9276283994243104,0.943933229666088,164671.70047670414,8.378,10.726,0.3083431639751047,0.385286580157019,,,,619
"St. Louis, MO-IL",2010,Pre-COVID (2006-2019),45156273.0,41993028.100233175,0.07262560019849218,3163244.899766825,Structurally Balanced,0.07262560019849218,3163244.899766825,Structurally Balanced,0.14450819875703658,0.07524616909416772,0.9035648389611503,0.9244403056998544,180491.80311331383,9.115,10.11,0.2988941224656973,0.3951873848044235,24582.121,13455.0,68285.655,777
"St. Louis, MO-IL",2011,Pre-COVID (2006-2019),43135962.0,40020277.220900565,0.07497077816415398,3115684.7790994346,Structurally Balanced,0.07497077816415398,3115684.7790994346,Structurally Balanced,0.15350484774288037,0.07613600517363524,0.9002507351562603,0.9645985630074156,192964.39017733716,9.041,9.29,0.2885914383987402,0.4033815424143218,26114.048706,11919.0,65839.185848,683
"St. Louis, MO-IL",2012,Pre-COVID (2006-2019),41961529.0,37407025.885210834,0.11489467765961336,4554503.114789166,Structurally Balanced,0.11489467765961336,4554503.114789166,Structurally Balanced,0.16026992814518928,0.07647720664743554,0.8970828101422335,1.0238611342931625,205553.16775984474,9.278,9.19,0.2849610742678255,0.4085760184536804,26909.935316,11190.0,66481.436441,816
"St. Louis, MO-IL",2013,Pre-COVID (2006-2019),39084501.0,35037608.83437248,0.10930397183312834,4046892.165627517,Structurally Balanced,0.10930397183312834,4046892.165627517,Structurally Balanced,0.15115563826506068,0.07735356569444515,0.9079696421631236,0.9758045717170537,192122.47963487203,10.261,9.199,0.2979615821040687,0.4072378019127897,,,,961
"St. Louis, MO-IL",2014,Pre-COVID (2006-2019),33140970.0,31609482.27451535,0.04731313377609325,1531487.7254846506,Structurally Balanced,0.04731313377609325,1531487.7254846506,Structurally Balanced,0.15421579225939458,0.07791799079558044,0.9153039046562875,0.9991247386713159,198691.9137241839,11.081,9.139,0.3129323159250817,0.4050341888811812,26685.319324,12034.0,67309.88230999999,1017
"St. Louis, MO-IL",2015,Pre-COVID (2006-2019),33743113.0,28947232.74345396,0.15330172523158225,4795880.256546039,Structurally Balanced,0.15330172523158225,4795880.256546039,Structurally Balanced,0.1516213170655246,0.07764950028485491,0.9100439529429232,1.0139914156940533,199626.35065783336,11.431,8.88,0.335306553911205,0.4007687872381318,26433.601151,11748.16,67154.866503,947
"St. Louis, MO-IL",2016,Pre-COVID (2006-2019),29333103.0,27643458.430092324,0.05932755833558545,1689644.5699076764,Structurally Balanced,0.05932755833558545,1689644.5699076764,Structurally Balanced,0.13507353677146022,0.07766217282482497,0.9162705178780421,0.9326897120997464,175026.93281321327,11.448,8.748,0.3501869492512635,0.4007290081355805,27109.576375,12294.75,68791.175011,983
"St. Louis, MO-IL",2017,Pre-COVID (2006-2019),26140923.0,25307172.724530254,0.03241415499121203,833750.2754697464,Structurally Balanced,0.03241415499121203,833750.2754697464,Structurally Balanced,0.13215355326970674,0.07772316827270939,0.9210543138319535,0.9081803786008549,173673.39583480073,10.452,10.073,0.3586120416986393,0.4032864816305141,27704.6121,12557.101,70501.38935999999,989
"St. Louis, MO-IL",2018,Pre-COVID (2006-2019),26295508.0,23693009.17667836,0.10421809293663031,2602498.8233216405,Structurally Balanced,0.10421809293663031,2602498.8233216405,Structurally Balanced,0.13512640721240027,0.07872926081889876,0.918264702740926,0.9183976212908712,181884.7349373084,9.854,9.891,0.3116722942234982,0.4394549020400736,27244.82083,12807.032,69877.95767,1030
"St. Louis, MO-IL",2019,Pre-COVID (2006-2019),30630544.0,23975861.03488638,0.24495014706413798,6654682.965113621,Moderate Structural Surplus,0.24495014706413798,6654682.965113621,Moderate Structural Surplus,0.1401486015050549,0.08053279028870453,0.9298539429233388,0.9704062550321476,191380.27041576075,10.032,8.587,0.3206088523933507,0.4369317043861406,27139.61038,14201.992,71373.85204,1142
"St. Louis, MO-IL",2020,COVID (2020),28749128.0,28339931.000566773,0.014335636790271167,409196.9994332269,Structurally Balanced,0.19013819737978466,4978059.3339040205,Structurally Balanced,0.13868146357361333,0.08472178023428624,0.939578354600047,0.9981661109970739,187371.82697224309,9.037,9.381,0.3142310588331061,0.4395083335029203,23515.53308,13396.0,63996.28795000001,1202
"St. Louis, MO-IL",2021,COVID (2021),24853027.0,22704581.493368633,0.09041282396493955,2148445.506631367,Structurally Balanced,0.23710936944614858,5246349.704838794,Moderate Structural Surplus,0.14917542151731986,0.08372801646396665,0.9318747728295991,1.0336663177417658,217002.90655288415,9.651,9.288,0.3144343460923425,0.4360059105722325,26757.0,13974.0,68964.0,1071
"St. Louis, MO-IL",2022,Recovery (2022),23902263.0,25639244.238714397,-0.07015101510139488,-1736981.238714397,Structurally Balanced,0.06874948671382342,1588053.922136329,Structurally Balanced,0.15009158965744354,0.08343505844929971,0.9190806275465099,1.0137466521166822,235656.3035344215,10.139,9.599,0.3137409838722749,0.4342937028932652,25522.0,2004.0,55347.0,1037
"St. Louis, MO-IL",2023,Recovery (2023),28184704.0,21023025.201784045,0.2931611441840154,7161678.7982159555,Moderate Structural Surplus,0.46500076472155527,10480915.526694942,Moderate Structural Surplus,0.1500848157086673,0.08343356067909495,0.9214697901472759,1.0274792664912855,248831.64932832323,9.318,9.708,0.293912712991702,0.4514473934249699,25429.72512,12668.0,64993.81976,1002
"Stockton-Lodi, CA",2007,Pre-COVID (2006-2019),14636581.0,12867342.121416684,0.12883146009955126,1769238.8785833158,Structurally Balanced,0.12883146009955126,1769238.8785833158,Structurally Balanced,0.035236449350851566,0.029273000258695274,0.34241031522259974,0.22705008543171964,85736.93780039184,11.801,10.889,0.3383675735702388,0.344364242087729,2376.0,392.0,7123.0,23
"Stockton-Lodi, CA",2008,Pre-COVID (2006-2019),14550368.0,12735446.646424547,0.13322710522376724,1814921.3535754532,Structurally Balanced,0.13322710522376724,1814921.3535754532,Structurally Balanced,0.035055591428785525,0.029222454440393956,0.33989478848960697,0.22671034613238672,87318.24989918774,9.677,11.814,0.327050491204021,0.3584647018505826,2283.0,670.0,7142.0,7
"Stockton-Lodi, CA",2009,Pre-COVID (2006-2019),18120470.0,17760216.187262267,0.020081328272144816,360253.8127377331,Structurally Balanced,0.020081328272144816,360253.8127377331,Structurally Balanced,0.03438879837656831,0.02813228843075508,0.3358718278722893,0.22867625955195314,94279.988638874,9.065,11.848,0.3141071007313045,0.3701344656758669,,,,12
"Stockton-Lodi, CA",2010,Pre-COVID (2006-2019),18735094.0,14505484.241344426,0.25587164812124286,4229609.758655574,Moderate Structural Surplus,0.25587164812124286,4229609.758655574,Moderate Structural Surplus,0.032258325814854154,0.02631928630013334,0.31604508207708415,0.20636127800463086,96370.29944289694,8.996,11.034,0.3012062726176115,0.3843184559710494,2323.618,676.0,7088.812999999999,14
"Stockton-Lodi, CA",2011,Pre-COVID (2006-2019),17798752.0,16713630.803479997,0.06290374020349887,1085121.1965200026,Structurally Balanced,0.06290374020349887,1085121.1965200026,Structurally Balanced,0.03338403662560036,0.02557016640807112,0.3023478977447751,0.20977965341120372,104677.46283947733,9.228,10.111,0.2930487804878048,0.3990243902439024,2329.92,658.0,7241.5225,19
"Stockton-Lodi, CA",2012,Pre-COVID (2006-2019),17620964.0,15161856.274677975,0.15030651129004013,2459107.725322025,Structurally Balanced,0.15030651129004013,2459107.725322025,Structurally Balanced,0.03947200231210902,0.027654811967001185,0.32439281611947296,0.25216114793217587,114034.77921062915,9.504,9.575,0.2803021074430503,0.4046777926665854,2248.6745,675.0,7171.363681,22
"Stockton-Lodi, CA",2013,Pre-COVID (2006-2019),15157478.0,14082806.000588736,0.07353938684714834,1074671.9994112644,Structurally Balanced,0.07353938684714834,1074671.9994112644,Structurally Balanced,0.03702913519506169,0.026634182490102888,0.31262979188796025,0.23904632221993777,113192.4022641385,8.895,9.513,0.2720489296636085,0.4110091743119266,,,,48
"Stockton-Lodi, CA",2014,Pre-COVID (2006-2019),13110018.0,12821758.004652359,0.022233098833215337,288259.9953476414,Structurally Balanced,0.022233098833215337,288259.9953476414,Structurally Balanced,0.03685557572008524,0.025854131506753062,0.3037089031429502,0.2387778639296122,117464.99179689442,10.026,8.163,0.2755224597645928,0.4184482344463127,2241.1,719.0,7105.881162,35
"Stockton-Lodi, CA",2015,Pre-COVID (2006-2019),11203305.0,12925509.980412278,-0.14299405245804309,-1722204.9804122783,Structurally Balanced,-0.14299405245804309,-1722204.9804122783,Structurally Balanced,0.035275360349047546,0.024168061052924777,0.2832471263161415,0.23590952295969517,123897.3425311931,10.151,8.186,0.2807120962037255,0.4244282008960151,2246.949,648.295,7254.717008000001,47
"Stockton-Lodi, CA",2016,Pre-COVID (2006-2019),6382611.0,8637851.52889998,-0.30257662497033877,-2255240.5288999807,Moderate Structural Deficit,-0.30257662497033877,-2255240.5288999807,Moderate Structural Deficit,0.03729548982760215,0.024379966101005235,0.28763867083147787,0.2575272736715297,132009.43653608512,9.962,7.766,0.2886801206216655,0.4287868244026908,2269.8625,620.153,7268.154210000001,46
"Stockton-Lodi, CA",2017,Pre-COVID (2006-2019),9100134.0,7776733.417489454,0.1571527578858678,1323400.5825105458,Structurally Balanced,0.1571527578858678,1323400.5825105458,Structurally Balanced,0.04060698684340262,0.02427662750305107,0.2876888961669855,0.2790577156107001,147517.8707698058,9.287,8.382,0.2926885434657455,0.4382268278641336,2269.8625,629.0,7313.47073,31
"Stockton-Lodi, CA",2018,Pre-COVID (2006-2019),7054753.0,6334282.294857566,0.10772505875695693,720470.7051424338,Structurally Balanced,0.10772505875695693,720470.7051424338,Structurally Balanced,0.03637862462835419,0.024671465554548935,0.28775750906316916,0.24725028226346588,135853.98848622406,9.803,8.569,0.3022438803263826,0.4408431550317316,2269.7735,628.365,7354.98948,37
"Stockton-Lodi, CA",2019,Pre-COVID (2006-2019),8341140.0,6713966.666863858,0.21700996385220606,1627173.3331361422,Moderate Structural Surplus,0.21700996385220606,1627173.3331361422,Moderate Structural Surplus,0.03892954938732058,0.025216216471979032,0.29115343238475694,0.26955301605115367,146628.80154732178,10.686,7.496,0.3156910211267605,0.4371698943661972,2377.16765,787.0,7874.49201,26
"Stockton-Lodi, CA",2020,COVID (2020),13823441.0,5986519.6707077995,0.8368555543089968,7836921.3292922005,Significant Structural Surplus,0.866308138332915,8010668.59036011,Significant Structural Surplus,0.03808112097777357,0.02618986313188228,0.29044985174539517,0.2740905918447898,146545.2275564635,10.269,9.087,0.3226226660877117,0.4311767260095527,2327.43825,399.0,6678.58089,22
"Stockton-Lodi, CA",2021,COVID (2021),11425329.0,7457600.210942686,0.4265990579426262,3967728.7890573144,Moderate Structural Surplus,0.4179706263695344,3903102.9872311037,Moderate Structural Surplus,0.037726737047165886,0.02680624930703822,0.2983477757909183,0.2614161030503817,149459.7855050177,12.049,10.28,0.3449888404718886,0.4167286640450632,2332.0,402.0,6738.0,21
"Stockton-Lodi, CA",2022,Recovery (2022),15131495.0,6043689.87682662,0.9177636010509609,9087805.12317338,Significant Structural Surplus,0.9652865525006025,9368301.31226015,Significant Structural Surplus,0.03898791633724833,0.029450154397366094,0.32440879035663955,0.2633316746800854,146575.82573154164,14.172,8.776,0.3693386773547094,0.3991983967935871,2332.0,426.0,6809.0,21
"Stockton-Lodi, CA",2023,Recovery (2023),16500214.0,5595832.650045621,1.0813511994446774,10904381.349954378,Significant Structural Surplus,1.1461815227748193,11255651.48872718,Significant Structural Surplus,0.045553344445258374,0.033038823437918786,0.36489246596040364,0.31185777665672265,160637.56490816883,12.492,9.862,0.3825621042377009,0.386653677545056,2332.03165,404.0,7008.31306,19
"Syracuse, NY",2007,Pre-COVID (2006-2019),7070690.0,5522397.067882262,0.24714605316309957,1548292.9321177378,Moderate Structural Surplus,0.24714605316309957,1548292.9321177378,Moderate Structural Surplus,0.21134184383531676,0.09741074873408025,1.1394269424159298,1.361805306213299,171428.05704268726,9.408,9.154,0.29286023366508,0.3534400692340978,3751.0,1407.0,10514.0,136
"Syracuse, NY",2008,Pre-COVID (2006-2019),7205619.0,9644308.643557794,-0.29150682517192195,-2438689.6435577944,Moderate Structural Deficit,-0.29150682517192195,-2438689.6435577944,Moderate Structural Deficit,0.20524419101406627,0.09471326969399368,1.1016373328757625,1.3273483541416518,171545.67339798616,8.357,9.036,0.2837448739202513,0.3648023732658581,3752.0,1401.0,10465.0,107
"Syracuse, NY",2009,Pre-COVID (2006-2019),9250418.0,9970825.476383949,-0.07499463688029806,-720407.4763839487,Structurally Balanced,-0.07499463688029806,-720407.4763839487,Structurally Balanced,0.18102233451362346,0.09141529506931122,1.0914086255723112,1.2037498344270074,163821.92467221557,8.027,9.545,0.27020825979527,0.3761030709495235,,,,88
"Syracuse, NY",2010,Pre-COVID (2006-2019),10251376.0,11588557.12148433,-0.12260621572393049,-1337181.12148433,Structurally Balanced,-0.12260621572393049,-1337181.12148433,Structurally Balanced,0.2541898290713887,0.0910461673429104,1.0932930742331064,1.6260899057196656,260791.39876366084,8.147,8.241,0.2640894681225784,0.3838499471644945,3832.246,1404.0,10248.18,132
"Syracuse, NY",2011,Pre-COVID (2006-2019),10765900.0,10022083.051640747,0.07159276815877291,743816.9483592529,Structurally Balanced,0.07159276815877291,743816.9483592529,Structurally Balanced,0.24618377338846778,0.08927507124212512,1.0556102639422638,1.5469772944501239,257265.50470255697,8.09,8.32,0.2541353383458646,0.3918620079610792,3874.0794,1396.0,10043.03483,149
"Syracuse, NY",2012,Pre-COVID (2006-2019),11225266.0,11589553.092061842,-0.03193696636840215,-364287.09206184186,Structurally Balanced,-0.03193696636840215,-364287.09206184186,Structurally Balanced,0.24640919879630066,0.09042324079219723,1.060670734562612,1.5741493410498077,261663.09196368768,8.622,8.018,0.2538454777182033,0.3994023028917992,3814.74025,1387.0,9980.46554,204
"Syracuse, NY",2013,Pre-COVID (2006-2019),10410347.0,11242744.8278401,-0.07692280101361249,-832397.8278400991,Structurally Balanced,-0.07692280101361249,-832397.8278400991,Structurally Balanced,0.2378535717408139,0.08830835029447287,1.0365559815770227,1.5354941791646388,261894.78754616182,8.228,8.839,0.250931016137613,0.4146125199503458,,,,218
"Syracuse, NY",2014,Pre-COVID (2006-2019),10199944.0,9723790.780056436,0.04780668968796675,476153.2199435644,Structurally Balanced,0.04780668968796675,476153.2199435644,Structurally Balanced,0.232553655940922,0.08890854562772219,1.0444101309524738,1.506655753700078,260103.90720037074,7.934,7.718,0.2472459132906894,0.4246624022743426,3785.28366,1365.0,10061.04402,138
"Syracuse, NY",2015,Pre-COVID (2006-2019),8547880.0,10063893.41704904,-0.16327081039939628,-1516013.4170490392,Structurally Balanced,-0.16327081039939628,-1516013.4170490392,Structurally Balanced,0.22732693160379813,0.08750209419614,1.0255153143409317,1.5202846252991224,268254.9929392778,8.36,8.374,0.2445637583892617,0.4365100671140939,3699.49954,1350.0,9978.99615,147
"Syracuse, NY",2016,Pre-COVID (2006-2019),7739572.0,7733338.477728718,0.0008057336875939569,6233.52227128204,Structurally Balanced,0.0008057336875939569,6233.52227128204,Structurally Balanced,0.21769465320070594,0.08577105166083399,1.0119403445160275,1.5031927664925209,265657.8013986845,8.353,7.693,0.24997779159634,0.439904059696189,3751.33161,2195.0,10841.6976,145
"Syracuse, NY",2017,Pre-COVID (2006-2019),6023170.0,6043690.633431429,-0.0034011585674988964,-20520.633431429043,Structurally Balanced,-0.0034011585674988964,-20520.633431429043,Structurally Balanced,0.24064791904874866,0.08874151829968394,1.0516266907588308,1.6537710324380552,294109.89468994434,7.366,8.429,0.2499775603626245,0.4477156449151782,3668.86867,1987.0,10539.27921,146
"Syracuse, NY",2018,Pre-COVID (2006-2019),4249074.0,5123329.343484819,-0.18710341327823343,-874255.3434848189,Moderate Structural Deficit,-0.18710341327823343,-874255.3434848189,Structurally Balanced,0.23341033486690052,0.09129710288600089,1.064850681572727,1.5863923325476788,280978.2935710655,7.45,8.914,0.2509807499315756,0.4506888057658972,3678.78704,1269.0,9997.39185,133
"Syracuse, NY",2019,Pre-COVID (2006-2019),5091571.0,5175633.955174561,-0.016375407721543667,-84062.95517456066,Structurally Balanced,-0.016375407721543667,-84062.95517456066,Structurally Balanced,0.22521006087612191,0.09148631262819924,1.0563263512400614,1.5593823229301145,276362.9240397139,7.778,7.638,0.2504317789291883,0.45477683846923,3613.4447,1413.0,10084.31972,150
"Syracuse, NY",2020,COVID (2020),5215063.0,4625881.6730162045,0.11988418411675816,589181.3269837955,Structurally Balanced,-0.045495214325736555,-242740.30244373158,Structurally Balanced,0.2311989698383182,0.09660454467949041,1.0713601494897462,1.6640650498150136,294727.39347534254,7.312,8.313,0.2541299559471365,0.4590675477239354,2458.05105,1280.0,7767.68246,152
"Syracuse, NY",2021,COVID (2021),3192754.0,6092209.920325141,-0.646127025566674,-2899455.9203251414,Significant Structural Deficit,-0.9095739771505791,-4735698.284329582,Significant Structural Deficit,0.1798955152789976,0.09326379278084106,1.0380059074763333,1.2465319887506352,236197.5252410233,7.895,9.72,0.2541612118945203,0.4646530764914905,2898.0,1340.0,8352.0,129
"Syracuse, NY",2022,Recovery (2022),3910754.0,3104284.3228059513,0.23094699731275092,806469.6771940487,Moderate Structural Surplus,0.00804206450432865,31324.410638283007,Structurally Balanced,0.1737408913185607,0.09138137315952935,1.0066134230679256,1.1734784561342968,240036.18201124787,9.501,8.808,0.2521335807050093,0.4666048237476808,3180.0,1362.0,9120.0,141
"Syracuse, NY",2023,Recovery (2023),3695195.0,3645062.9114083545,0.013659702069295676,50132.08859164547,Structurally Balanced,-0.22057698857854824,-911959.0129781868,Moderate Structural Deficit,0.1512556648839112,0.08974689492204106,0.9911964892432525,1.0354948891648459,217016.469380971,7.908,8.065,0.2498374059277153,0.4689213044690142,3474.06359,1393.0,9577.54135,136
"Tampa-St. Petersburg-Clearwater, FL",2006,Pre-COVID (2006-2019),9709487.0,12412956.35840754,-0.24563734595453823,-2703469.3584075402,Moderate Structural Deficit,-0.24563734595453823,-2703469.3584075402,Moderate Structural Deficit,0.11181464612455015,0.06695333464745237,0.7841529888555376,0.718190802635519,122533.16063635083,15.815,11.81,0.4604985052459203,0.2904202448730887,11674.0,14347.0,64632.0,160
"Tampa-St. Petersburg-Clearwater, FL",2007,Pre-COVID (2006-2019),11852289.0,12454932.072739212,-0.04959568140044368,-602643.0727392118,Structurally Balanced,-0.04959568140044368,-602643.0727392118,Structurally Balanced,0.1072301495533679,0.0665357978277865,0.7782783898631026,0.6909497144427768,123930.29890041112,14.673,13.11,0.458787023977433,0.2975270333803479,12304.0,14467.0,65365.0,143
"Tampa-St. Petersburg-Clearwater, FL",2008,Pre-COVID (2006-2019),18370858.0,14463033.018164624,0.23916965769391751,3907824.9818353765,Moderate Structural Surplus,0.23916965769391751,3907824.9818353765,Moderate Structural Surplus,0.11170166821934874,0.06941440500215358,0.80737894739347,0.7223932854482981,127049.05097325335,12.396,14.692,0.4409762512570588,0.3121567262319177,11863.0,13997.0,62865.0,152
"Tampa-St. Petersburg-Clearwater, FL",2009,Pre-COVID (2006-2019),25280977.0,26911254.207827058,-0.06249235546902199,-1630277.2078270577,Structurally Balanced,-0.06249235546902199,-1630277.2078270577,Structurally Balanced,0.11487943497605016,0.06970032384006837,0.8321532472936445,0.7639173431446458,136883.3369562476,11.772,15.45,0.4183276518949268,0.3305394024463605,,,,156
"Tampa-St. Petersburg-Clearwater, FL",2010,Pre-COVID (2006-2019),25885380.0,26470955.414008554,-0.022369779244929333,-585575.4140085541,Structurally Balanced,-0.022369779244929333,-585575.4140085541,Structurally Balanced,0.1159592011476558,0.06952847594818093,0.8349061079071163,0.7418081484627878,140619.24914139736,12.206,13.079,0.4002301681842961,0.3403662500757132,11671.62,14049.0,63010.437,245
"Tampa-St. Petersburg-Clearwater, FL",2011,Pre-COVID (2006-2019),24129151.0,26192896.71369193,-0.08206756160974038,-2063745.7136919312,Structurally Balanced,-0.08206756160974038,-2063745.7136919312,Structurally Balanced,0.11521495920348497,0.07178025399589585,0.8487472685510081,0.7239913639130929,137705.9368069705,13.194,12.42,0.3924722567204839,0.3453587596650775,12160.351195,14075.0,60871.97286,266
"Tampa-St. Petersburg-Clearwater, FL",2012,Pre-COVID (2006-2019),24925320.0,24192020.32476869,0.02986131414005655,733299.6752313115,Structurally Balanced,0.02986131414005655,733299.6752313115,Structurally Balanced,0.11263013851789204,0.071503513842369,0.8387410569068867,0.7195212646133975,136233.26270126356,13.095,10.749,0.3884428295141534,0.3476528160346949,12100.232515,14146.0,60747.543308,301
"Tampa-St. Petersburg-Clearwater, FL",2013,Pre-COVID (2006-2019),22237221.0,21900654.23029353,0.01525099663324525,336566.76970646903,Structurally Balanced,0.01525099663324525,336566.76970646903,Structurally Balanced,0.11442811260249522,0.07206717922255587,0.8459184827870022,0.7387053284421115,140336.56255785286,12.313,10.81,0.3815698345517507,0.3563678337822239,,,,346
"Tampa-St. Petersburg-Clearwater, FL",2014,Pre-COVID (2006-2019),20869984.0,18788618.373973567,0.10506067357391302,2081365.626026433,Structurally Balanced,0.10506067357391302,2081365.626026433,Structurally Balanced,0.11755906831386405,0.07280984004264236,0.8552983747138705,0.7616351846117598,145488.14551313047,11.962,10.469,0.3731334777157187,0.3659903491774003,13425.190258,14431.0,65184.826158,350
"Tampa-St. Petersburg-Clearwater, FL",2015,Pre-COVID (2006-2019),17746574.0,19620375.38686255,-0.10037610361449723,-1873801.38686255,Structurally Balanced,-0.10037610361449723,-1873801.38686255,Structurally Balanced,0.11841220370492014,0.07384714957451934,0.8654808036861334,0.7919002445963166,148296.72152803277,12.674,10.371,0.3756427453610552,0.3749906848498398,14039.299216,14536.86,66863.151292,280
"Tampa-St. Petersburg-Clearwater, FL",2016,Pre-COVID (2006-2019),14790538.0,15059683.24800763,-0.01803353749093972,-269145.24800763093,Structurally Balanced,-0.01803353749093972,-269145.24800763093,Structurally Balanced,0.1164464618134359,0.0745569317963412,0.8796343963041233,0.8040688023707364,147839.20474013992,13.343,9.488,0.3806512746688048,0.3812526194945059,14881.605426,14539.678,68922.74244999999,335
"Tampa-St. Petersburg-Clearwater, FL",2017,Pre-COVID (2006-2019),12314356.0,12838624.595595127,-0.04169243754641627,-524268.595595127,Structurally Balanced,-0.04169243754641627,-524268.595595127,Structurally Balanced,0.112652872975848,0.07428206120157117,0.880275655644619,0.7741685811571117,146762.54188531326,11.928,11.216,0.3793233420084358,0.3890873193933411,15308.90992,14618.322,70497.67403,362
"Tampa-St. Petersburg-Clearwater, FL",2018,Pre-COVID (2006-2019),12009270.0,13266234.83841302,-0.0995432216607064,-1256964.8384130206,Structurally Balanced,-0.0995432216607064,-1256964.8384130206,Structurally Balanced,0.11391711542075594,0.07511998420428437,0.876167631294358,0.7742469439174063,151833.38105327456,11.532,10.114,0.3821522771232636,0.3936521892034464,15265.34881,14770.688,71531.3816,347
"Tampa-St. Petersburg-Clearwater, FL",2019,Pre-COVID (2006-2019),12959421.0,13744736.191751432,-0.05883291439909044,-785315.1917514317,Structurally Balanced,-0.05883291439909044,-785315.1917514317,Structurally Balanced,0.11498143832405802,0.0760224650077728,0.8777764757040087,0.796145703660372,157302.42648936767,12.005,9.526,0.3864468864468864,0.394765670466605,15593.76759,14892.191,73154.35789,451
"Tampa-St. Petersburg-Clearwater, FL",2020,COVID (2020),13065084.0,14155567.349640245,-0.08016467063518107,-1090483.3496402446,Structurally Balanced,-0.06198899705639249,-835520.4583003316,Structurally Balanced,0.11738062540078502,0.07929523106994613,0.8793970397021862,0.8448523641410342,162033.08440422776,12.024,10.405,0.3917932464554849,0.3921641350708903,13807.37462,13720.0,65951.56764,477
"Tampa-St. Petersburg-Clearwater, FL",2021,COVID (2021),11515259.0,14576322.866450824,-0.23572546540370354,-3061063.866450824,Moderate Structural Deficit,-0.24278689158582267,-3164357.766285386,Moderate Structural Deficit,0.12251681250333561,0.07977966378144043,0.8879304586744474,0.8489434864916917,179615.60463883102,13.984,10.139,0.4053136911175798,0.3808842213609096,14965.0,14423.0,69372.0,436
"Tampa-St. Petersburg-Clearwater, FL",2022,Recovery (2022),10910854.0,16103202.050997768,-0.3892600637787531,-5192348.050997768,Moderate Structural Deficit,-0.4070972383864664,-5482160.7132801805,Moderate Structural Deficit,0.12500299887870198,0.08227070032357196,0.9062546163136775,0.8442936203623918,192887.44456944053,13.594,11.035,0.4126301635448263,0.3774195565840083,15277.0,15211.0,71291.0,431
"Tampa-St. Petersburg-Clearwater, FL",2023,Recovery (2023),12326519.0,13699960.153118214,-0.10563996652756913,-1373441.1531182136,Structurally Balanced,-0.09909455084217811,-1284062.0498365872,Structurally Balanced,0.12124419894287838,0.08282010035956776,0.9146945171360638,0.8300366696519719,196876.60170264897,13.087,10.974,0.4164808990136501,0.3734693254343909,16859.56412,16109.0,76507.13436,468
"Toledo, OH",2006,Pre-COVID (2006-2019),9288694.0,9942175.579485208,-0.06798790622216444,-653481.5794852078,Structurally Balanced,-0.06798790622216444,-653481.5794852078,Structurally Balanced,0.22479881453716552,0.0944097239309089,1.1057203884954723,1.4438935026823134,174561.01772217877,9.261,9.209,0.2708409842085935,0.3495225853837679,3871.0,2935.0,13209.0,130
"Toledo, OH",2007,Pre-COVID (2006-2019),9708278.0,9293647.741848264,0.04364779535950447,414630.2581517361,Structurally Balanced,0.04364779535950447,414630.2581517361,Structurally Balanced,0.21043880564066525,0.0905776827937772,1.0594996291279457,1.3559864764781524,175091.1138199624,9.152,9.78,0.2662307333021952,0.3622606258757589,3759.0,2934.0,12805.0,110
"Toledo, OH",2008,Pre-COVID (2006-2019),10659052.0,10971764.1024137,-0.028915588680408888,-312712.1024137009,Structurally Balanced,-0.028915588680408888,-312712.1024137009,Structurally Balanced,0.18726748561080486,0.08482096356259686,0.9865770696434645,1.211090007379121,167129.34782196718,7.934,10.031,0.2582591209422579,0.378243799674423,3552.0,2931.0,12503.0,106
"Toledo, OH",2009,Pre-COVID (2006-2019),11708553.0,13855195.378586672,-0.16834067950617992,-2146642.3785866722,Structurally Balanced,-0.16834067950617992,-2146642.3785866722,Structurally Balanced,0.1938366649943396,0.0753465138496858,0.8995631973839922,1.288961685417108,203687.84973120494,7.036,10.038,0.2463582677165354,0.3947834645669291,,,,84
"Toledo, OH",2010,Pre-COVID (2006-2019),11227607.0,13692004.018536408,-0.19843635805730742,-2464397.0185364075,Moderate Structural Deficit,-0.19843635805730742,-2464397.0185364075,Structurally Balanced,0.21684382770748825,0.08097766934011645,0.9723893672936879,1.3871820152714758,220469.5560009744,7.684,9.448,0.2402525809361531,0.4042297283752631,3515.306,2921.0,12645.572,96
"Toledo, OH",2011,Pre-COVID (2006-2019),13303711.0,11417599.683172617,0.1528870220901375,1886111.316827383,Structurally Balanced,0.1528870220901375,1886111.316827383,Structurally Balanced,0.25449715260907074,0.08451711163119556,0.9993509865108495,1.5992171667918835,266929.7708747938,7.557,8.24,0.2309790845710821,0.4108315651207436,3488.414286,2919.0,12235.15784,122
"Toledo, OH",2012,Pre-COVID (2006-2019),11830113.0,10422641.493897181,0.1266677234388105,1407471.506102819,Structurally Balanced,0.1266677234388105,1407471.506102819,Structurally Balanced,0.2496435389986778,0.08921830464500514,1.0465367520029696,1.5948114531916184,250374.6208023482,7.263,8.055,0.2303147601100132,0.416929815625955,3541.343576,2992.0,12511.672137,147
"Toledo, OH",2013,Pre-COVID (2006-2019),10554695.0,9749677.4341091,0.07933658384371967,805017.5658909008,Structurally Balanced,0.07933658384371967,805017.5658909008,Structurally Balanced,0.24064052249226967,0.0953189684767463,1.118846027616338,1.5534856964883392,237754.67327669612,6.957,7.917,0.2256003297949088,0.4280119550654436,,,,139
"Toledo, OH",2014,Pre-COVID (2006-2019),9130164.0,9097228.182477059,0.003613885413646045,32935.81752294116,Structurally Balanced,0.003613885413646045,32935.81752294116,Structurally Balanced,0.27425115627987223,0.10140355792871793,1.1911892435945628,1.7768032108380991,279988.90154789033,7.72,7.599,0.2175135360266555,0.4363806747188671,3738.440892,2979.0,13149.869508,163
"Toledo, OH",2015,Pre-COVID (2006-2019),7018503.0,6836739.650398708,0.026238988736045243,181763.34960129205,Structurally Balanced,0.026238988736045243,181763.34960129205,Structurally Balanced,0.22510180576272978,0.10270841646646851,1.2037318074007444,1.505403746110431,212901.18679868823,7.77,7.648,0.2187337018879733,0.4450818817148221,3735.882953,3045.736,13320.802322,148
"Toledo, OH",2016,Pre-COVID (2006-2019),6409415.0,6500880.497282624,-0.01416962573071423,-91465.49728262424,Structurally Balanced,-0.01416962573071423,-91465.49728262424,Structurally Balanced,0.1946974932977011,0.10409009707640023,1.2280713207612197,1.344396195663575,175971.48967820185,7.292,6.985,0.2240293809024134,0.455299055613851,3834.706293,3014.653,13575.239649,183
"Toledo, OH",2017,Pre-COVID (2006-2019),5577586.0,5429790.4378868155,0.02685552649016465,147795.56211318448,Structurally Balanced,0.02685552649016465,147795.56211318448,Structurally Balanced,0.19507192448579652,0.09881122797878954,1.1709572551850391,1.3405655001371664,192153.61263101298,7.517,7.59,0.2292236482221754,0.4580265095729013,3932.91169,2350.489,13036.35614,178
"Toledo, OH",2018,Pre-COVID (2006-2019),5713186.0,5272251.114324037,0.08031940877158306,440934.885675963,Structurally Balanced,0.08031940877158306,440934.885675963,Structurally Balanced,0.22242203769683333,0.10529823692039036,1.2281539699358546,1.511709476759437,212615.08740661165,7.287,8.122,0.2333789906226951,0.4594879359393109,3968.73659,1170.368,11876.42207,161
"Toledo, OH",2019,Pre-COVID (2006-2019),5524035.0,5431772.18365581,0.016843121818933326,92262.81634419039,Structurally Balanced,0.016843121818933326,92262.81634419039,Structurally Balanced,0.22467057116577585,0.1124594725415958,1.2984882752354956,1.5556468294337602,207854.20684272444,6.63,7.266,0.2316569613552144,0.4664902064584436,4015.10154,1112.123,11826.67407,166
"Toledo, OH",2020,COVID (2020),6632205.0,4869312.541627412,0.30898456284436016,1762892.4583725883,Moderate Structural Surplus,0.19165010719375708,1156685.150380401,Structurally Balanced,0.17899717256001338,0.11477548126734512,1.2728787985731964,1.2883402511746762,160879.41585409624,6.74,7.943,0.2305379576935466,0.4673037689251584,3386.59464,996.0,10358.94271,143
"Toledo, OH",2021,COVID (2021),6320285.0,3678452.924234735,0.5412720393143431,2641832.075765265,Significant Structural Surplus,0.4143094491370878,2143863.1928377994,Moderate Structural Surplus,0.23002279426000288,0.11583085256793474,1.2891724178113806,1.5938739258853263,229212.8307133302,8.031,8.155,0.2370010787486515,0.4660194174757281,3983.0,1204.0,11676.0,172
"Toledo, OH",2022,Recovery (2022),4957088.0,4603719.088469451,0.07395399722348195,353368.9115305487,Structurally Balanced,-0.10156512619671787,-529922.6430000663,Structurally Balanced,0.2753453258136835,0.11407873518559308,1.2566366881351063,1.8597337989201297,311531.6874905916,8.582,7.541,0.2472797098357158,0.4617025816087049,3993.0,1140.0,11502.0,176
"Toledo, OH",2023,Recovery (2023),5192868.0,3079450.8045490626,0.5225348748310896,2113417.1954509374,Moderate Structural Surplus,0.35630304463102824,1556508.291781589,Moderate Structural Surplus,0.2684329625134461,0.11255870471613807,1.243138194868109,1.837689589870153,318142.70699589193,8.052,8.332,0.245826198630137,0.4612585616438356,4137.75377,1150.0,11821.08499,159
"Tucson, AZ",2006,Pre-COVID (2006-2019),1853642.0,2858217.6816479755,-0.4330458898446885,-1004575.6816479755,Moderate Structural Deficit,-0.4330458898446885,-1004575.6816479755,Moderate Structural Deficit,0.19031487453210336,0.089797074876021,1.0516973504798495,1.222401512065236,148635.18944950396,14.261,9.781,0.3758095113495127,0.3352521750506966,3301.0,2334.0,18628.0,116
"Tucson, AZ",2007,Pre-COVID (2006-2019),2593915.0,2440245.227524762,0.06106978009245623,153669.77247523796,Structurally Balanced,0.06106978009245623,153669.77247523796,Structurally Balanced,0.20400390718628258,0.09429737952440868,1.1030094340270753,1.3145224734151786,161216.34242268789,12.764,10.06,0.3786060760786316,0.3422900178708195,3196.0,2434.0,18581.0,116
"Tucson, AZ",2008,Pre-COVID (2006-2019),4206488.0,4426580.050614845,-0.050999193032826184,-220092.050614845,Structurally Balanced,-0.050999193032826184,-220092.050614845,Structurally Balanced,0.19912995121015906,0.09488581545551115,1.10364426234965,1.2878065473774962,162756.52938155518,10.634,11.504,0.3681682461378683,0.356679215889913,3352.0,2512.0,18874.0,92
"Tucson, AZ",2009,Pre-COVID (2006-2019),5908102.0,6148498.5353498245,-0.03988328217184112,-240396.53534982447,Structurally Balanced,-0.03988328217184112,-240396.53534982447,Structurally Balanced,0.1863525219249865,0.09524477656820537,1.137128864578199,1.2391941470370091,150563.14622826024,8.996,12.404,0.3468441217987497,0.375815016468374,,,,62
"Tucson, AZ",2010,Pre-COVID (2006-2019),5879262.0,6193277.563364695,-0.052033196008794746,-314015.5633646948,Structurally Balanced,-0.052033196008794746,-314015.5633646948,Structurally Balanced,0.2060001872198112,0.09395554182074509,1.1282291847778507,1.3178136443862953,179312.00652088434,9.564,11.277,0.3290327031875258,0.3900234579826135,3451.542,2381.0,18186.277,111
"Tucson, AZ",2011,Pre-COVID (2006-2019),6060053.0,5512419.15955457,0.09471497018554409,547633.84044543,Structurally Balanced,0.09471497018554409,547633.84044543,Structurally Balanced,0.20860079482634136,0.09335106166253337,1.103805770970692,1.3108121983790972,186655.63867768884,9.847,10.251,0.3148380792853155,0.4022892238972641,3424.461715,2596.0,18270.227121,119
"Tucson, AZ",2012,Pre-COVID (2006-2019),5640911.0,5548969.369481675,0.01643336596731082,91941.63051832467,Structurally Balanced,0.01643336596731082,91941.63051832467,Structurally Balanced,0.2115366815549771,0.0931692591295135,1.0928817155166919,1.3513713347727074,191445.725470641,9.377,9.706,0.3021643202353435,0.4112208447152763,3467.263644,2490.0,18333.200212,100
"Tucson, AZ",2013,Pre-COVID (2006-2019),5134950.0,5227412.630349497,-0.017846332478871574,-92462.63034949731,Structurally Balanced,-0.017846332478871574,-92462.63034949731,Structurally Balanced,0.19459338729779055,0.09163498956479973,1.0756037932812137,1.256222520909978,178727.57915708635,8.828,9.462,0.2875141562853907,0.4248301245753114,,,,120
"Tucson, AZ",2014,Pre-COVID (2006-2019),5134603.0,4945477.000745479,0.037529106185759886,189125.99925452098,Structurally Balanced,0.037529106185759886,189125.99925452098,Structurally Balanced,0.20218701446504656,0.08883128290152598,1.0435025244517195,1.3099180377735735,195190.83243705766,9.096,8.858,0.2774537695590327,0.436628733997155,3498.364502,2581.0,18818.925828,130
"Tucson, AZ",2015,Pre-COVID (2006-2019),5061627.0,4462306.635814221,0.12602215786099258,599320.3641857794,Structurally Balanced,0.12602215786099258,599320.3641857794,Structurally Balanced,0.18390353635430307,0.08570788666763876,1.004487391358204,1.2298838368384237,183846.57752210763,9.146,8.558,0.2789096329949599,0.4448782565485909,3737.40935,2626.623,20819.879891,118
"Tucson, AZ",2016,Pre-COVID (2006-2019),4610475.0,4764005.589170734,-0.03275793612502831,-153530.5891707344,Structurally Balanced,-0.03275793612502831,-153530.5891707344,Structurally Balanced,0.19757607682245343,0.08474430550595728,0.9998266320503697,1.364272962816707,206814.57736816534,9.518,8.461,0.2839627959413754,0.4545518602029312,3887.110488,2576.749,20455.57718,110
"Tucson, AZ",2017,Pre-COVID (2006-2019),4271587.0,3956549.7989842705,0.07661303834098199,315037.20101572946,Structurally Balanced,0.07661303834098199,315037.20101572946,Structurally Balanced,0.1886675959851862,0.08542641795022281,1.0123412685930295,1.2965539292148294,203129.28079631037,8.915,9.274,0.2859569648924122,0.4642553793884484,3668.21405,2576.749,18549.10148,147
"Tucson, AZ",2018,Pre-COVID (2006-2019),4342989.0,4506884.065392309,-0.03704319940736944,-163895.06539230887,Structurally Balanced,-0.03704319940736944,-163895.06539230887,Structurally Balanced,0.19806215409974232,0.08858731369416821,1.0332448498800777,1.3461455458297478,215420.45127439272,8.616,8.965,0.2863235712254762,0.4748365083878305,3792.45276,2576.749,18463.20446,172
"Tucson, AZ",2019,Pre-COVID (2006-2019),4608424.0,4844386.601974359,-0.04993469993860522,-235962.60197435878,Structurally Balanced,-0.04993469993860522,-235962.60197435878,Structurally Balanced,0.21729583434149144,0.09060123159043845,1.0461069599856647,1.5045832393112186,241762.5535312874,9.101,8.404,0.2938890851289297,0.4781349346520664,4022.71459,2356.362,19166.08518,227
"Tucson, AZ",2020,COVID (2020),3588817.0,3683995.395612645,-0.02617524682656125,-95178.39561264496,Structurally Balanced,-0.26625015490593107,-1094809.8448118689,Moderate Structural Deficit,0.21045311320052584,0.09381921107304976,1.040470345714204,1.5147458076766716,241830.15876069374,9.085,9.075,0.2935098025337957,0.4782362516809399,3618.24302,2356.0,17313.76888,240
"Tucson, AZ",2021,COVID (2021),2658617.0,3301112.389249492,-0.21645343654871319,-642495.389249492,Moderate Structural Deficit,-0.5164913577286381,-1797587.6147596622,Moderate Structural Deficit,0.21374344480064256,0.0940001427090669,1.0462013234322798,1.481071059034136,259781.58067674315,10.02,9.522,0.3079349502313192,0.4693677274639002,4170.0,2403.0,18858.0,246
"Tucson, AZ",2022,Recovery (2022),3501402.0,2364672.2846465907,0.39252401623406996,1136729.7153534093,Moderate Structural Surplus,0.14752058800863743,480235.93317003036,Structurally Balanced,0.2005362787933601,0.09251296140752753,1.0190784570287563,1.354459511813322,258041.30156044668,11.127,9.414,0.3207973695026716,0.4565693930675435,4275.0,2401.0,19201.0,194
"Tucson, AZ",2023,Recovery (2023),3253579.0,2024625.2190005346,0.4743710148082023,1228953.7809994654,Moderate Structural Surplus,0.21469587913476573,628634.5286030569,Moderate Structural Surplus,0.20604707824916255,0.09368822485849797,1.0347259327895606,1.4105964005917486,283881.90284808906,10.739,9.023,0.3273853612551343,0.4527641236280385,4151.34873,2547.0,19538.26613,197
"Tulsa, OK",2006,Pre-COVID (2006-2019),8919466.0,7775453.418927211,0.1372643054172542,1144012.5810727887,Structurally Balanced,0.1372643054172542,1144012.5810727887,Structurally Balanced,0.22503835975863812,0.09191922990148153,1.0765518885665943,1.4454321130597525,196176.5788745443,11.933,10.002,0.3434945043045103,0.3380800259894959,2688.0,4474.0,22603.0,77
"Tulsa, OK",2007,Pre-COVID (2006-2019),6726923.0,7653125.84528926,-0.12899633904063101,-926202.8452892601,Structurally Balanced,-0.12899633904063101,-926202.8452892601,Structurally Balanced,0.2117716073676119,0.09625173389787206,1.1258697862684033,1.3645745366130895,184233.738045174,11.367,10.441,0.3433471765276953,0.3493878431584057,2720.0,4474.0,19948.0,47
"Tulsa, OK",2008,Pre-COVID (2006-2019),6893549.0,8357732.100340749,-0.19260106368038699,-1464183.1003407491,Moderate Structural Deficit,-0.19260106368038699,-1464183.1003407491,Structurally Balanced,0.22589855699631567,0.09708732203738248,1.1292506198009011,1.460923577668924,204429.73081773316,10.436,9.717,0.3383884721247773,0.3635382373576555,2728.0,4469.0,20208.0,32
"Tulsa, OK",2009,Pre-COVID (2006-2019),9506541.0,9241941.621917317,0.028228092175748287,264599.3780826833,Structurally Balanced,0.028228092175748287,264599.3780826833,Structurally Balanced,0.19761921397006788,0.09083277701491295,1.0844539334867054,1.3141146187028196,188868.23550500927,9.374,10.241,0.3283403885813524,0.3788668186258547,,,,43
"Tulsa, OK",2010,Pre-COVID (2006-2019),10413473.0,10665313.875822615,-0.023896333441761897,-251840.87582261488,Structurally Balanced,-0.023896333441761897,-251840.87582261488,Structurally Balanced,0.19006390932799566,0.08781410074727464,1.0544820388255416,1.2158669193371712,192264.59158263204,8.247,9.621,0.3122523117569353,0.3927234698370762,2676.763,4468.0,20747.999,62
"Tulsa, OK",2011,Pre-COVID (2006-2019),9967245.0,9869308.142349146,0.009874462838848075,97936.8576508537,Structurally Balanced,0.009874462838848075,97936.8576508537,Structurally Balanced,0.209158813340573,0.09054132705100365,1.0705827821383396,1.3143186925704793,221224.78397137384,9.12,9.671,0.3,0.4016722408026756,2650.235,4470.0,20517.79952,74
"Tulsa, OK",2012,Pre-COVID (2006-2019),9885474.0,8788642.148607034,0.1176061839867284,1096831.8513929658,Structurally Balanced,0.1176061839867284,1096831.8513929658,Structurally Balanced,0.18767441522974576,0.09481306398069525,1.1121636576778602,1.1989307156914775,195668.5053785881,9.13,9.076,0.2944218897725377,0.4082642789611256,2683.677,4471.0,20592.58579,76
"Tulsa, OK",2013,Pre-COVID (2006-2019),8482025.0,8027405.388770428,0.05508785744373945,454619.61122957245,Structurally Balanced,0.05508785744373945,454619.61122957245,Structurally Balanced,0.18152315577554323,0.09447644270358088,1.1089565310183918,1.1718459682441464,190817.6702134927,9.23,8.985,0.2891492669924478,0.4158151932474456,,,,76
"Tulsa, OK",2014,Pre-COVID (2006-2019),6898964.0,7520755.22509138,-0.08629530638484262,-621791.2250913801,Structurally Balanced,-0.08629530638484262,-621791.2250913801,Structurally Balanced,0.19176950897391343,0.09487217397846791,1.1144649701445812,1.242425679831864,210154.48279041887,8.78,8.338,0.2855719189458531,0.4221016498726608,2850.865,4682.0,22767.32476,46
"Tulsa, OK",2015,Pre-COVID (2006-2019),7334041.0,7829760.563442481,-0.06540527011922492,-495719.56344248075,Structurally Balanced,-0.06540527011922492,-495719.56344248075,Structurally Balanced,0.1651136119879601,0.0928336520802388,1.0880006103749054,1.1042232610186105,188641.19675437536,8.993,8.558,0.2854061826024442,0.429408837029254,2933.43566,4647.658,21634.79002,68
"Tulsa, OK",2016,Pre-COVID (2006-2019),7142681.0,5619107.404295547,0.239915369635618,1523573.595704453,Moderate Structural Surplus,0.239915369635618,1523573.595704453,Moderate Structural Surplus,0.14670452753156893,0.08700930437482546,1.0265494445996939,1.0130023009515154,174583.72893351174,9.606,8.329,0.2880347998458235,0.4411651340785199,3036.914,4525.631,22332.6819,76
"Tulsa, OK",2017,Pre-COVID (2006-2019),5543366.0,5324592.849914143,0.04026564892163975,218773.15008585714,Structurally Balanced,0.04026564892163975,218773.15008585714,Structurally Balanced,0.17712902941636546,0.0864640110964958,1.0246372115482112,1.217259052189492,222287.19406063727,8.606,9.445,0.2873032645570324,0.4486958456148156,2982.912,4536.687,22421.69,89
"Tulsa, OK",2018,Pre-COVID (2006-2019),5581871.0,5086774.789194995,0.09288003182121152,495096.2108050054,Structurally Balanced,0.09288003182121152,495096.2108050054,Structurally Balanced,0.19575756977305397,0.10257128943008861,1.1963480111280849,1.3304822509390022,215377.03028267424,9.025,8.869,0.2892575740761292,0.4534457884807457,2996.7897,1360.325,19255.25801,78
"Tulsa, OK",2019,Pre-COVID (2006-2019),5948594.0,5794230.616844621,0.02629218785749643,154363.38315537944,Structurally Balanced,0.02629218785749643,154363.38315537944,Structurally Balanced,0.19012316364836102,0.10261346677385569,1.1848035605701053,1.3164363058179764,210466.91540456726,9.128,8.237,0.2929276225125407,0.4581335097293423,2994.5825,1379.44,18158.63558,86
"Tulsa, OK",2020,COVID (2020),5799034.0,4750034.61347956,0.1995394468886289,1048999.3865204398,Moderate Structural Surplus,0.055373828139627435,312385.89339759387,Structurally Balanced,0.14534821549623086,0.09867499280078834,1.094321756690566,1.046150359707062,163034.90867875356,9.038,8.985,0.2997200417192732,0.456935829170555,2594.7315,1325.0,15998.64665,90
"Tulsa, OK",2021,COVID (2021),5759552.0,4293772.667515132,0.29369393774219965,1465779.3324848684,Moderate Structural Surplus,0.14816290502178298,793144.2657364076,Structurally Balanced,0.1655228884929095,0.09192693590670371,1.0231269786720354,1.1469411844804596,213118.87273769456,9.592,8.665,0.3077174090389949,0.449556752053081,2776.0,1397.0,16870.0,91
"Tulsa, OK",2022,Recovery (2022),6347371.0,4710569.6557786465,0.29823186468825114,1636801.3442213535,Moderate Structural Surplus,0.1721239819669691,1003679.3760967404,Structurally Balanced,0.1552128993735923,0.09035927058816542,0.9953544308629055,1.0483369352301304,215883.43296127423,10.256,9.263,0.3142657267394931,0.4453532798794597,2774.0,1411.0,18080.0,73
"Tulsa, OK",2023,Recovery (2023),4745745.0,5543310.915973992,-0.15534353339331197,-797565.9159739921,Structurally Balanced,-0.3395708133053663,-1918917.005015185,Moderate Structural Deficit,0.15124113479062157,0.0928500070356076,1.0254683583186914,1.0353954162799655,214738.40225944004,9.986,8.921,0.3186444290509937,0.4446102200671391,3010.68301,1414.0,18385.31566,92
"Urban Honolulu, HI",2007,Pre-COVID (2006-2019),1331546.0,1615587.5233058303,-0.1933580088612512,-284041.5233058303,Moderate Structural Deficit,-0.1933580088612512,-284041.5233058303,Structurally Balanced,0.08338458748262949,0.05897222386815628,0.6898062236744954,0.5372981120517519,128206.25159769364,9.754,9.374,0.3118909547438273,0.3771148442637652,5030.0,2966.0,13460.0,29
"Urban Honolulu, HI",2008,Pre-COVID (2006-2019),1758486.0,1944603.4928315198,-0.10060488499193632,-186117.4928315198,Structurally Balanced,-0.10060488499193632,-186117.4928315198,Structurally Balanced,0.0882559879148172,0.060384781242658475,0.7023527914237683,0.5707661674763286,138166.0310613502,8.48,9.086,0.298390999274135,0.3901524316477135,4905.0,3018.0,13315.0,36
"Urban Honolulu, HI",2009,Pre-COVID (2006-2019),2734170.0,2531923.6296585267,0.07684857455991967,202246.37034147326,Structurally Balanced,0.07684857455991967,202246.37034147326,Structurally Balanced,0.0886867667773854,0.06270427237627851,0.7486272803672264,0.5897431447394684,138625.82891073378,8.213,9.329,0.2848392036753445,0.4049617151607963,,,,32
"Urban Honolulu, HI",2010,Pre-COVID (2006-2019),3256182.0,3534313.622337076,-0.08196377087052831,-278131.6223370759,Structurally Balanced,-0.08196377087052831,-278131.6223370759,Structurally Balanced,0.09037647132352931,0.06312137191435263,0.7579688499147739,0.5781516446611258,146627.32230528898,7.642,9.031,0.2710682030520087,0.41993148551853,4599.908,3016.0,12976.929,51
"Urban Honolulu, HI",2011,Pre-COVID (2006-2019),3071758.0,3194163.2667621705,-0.03907512905264632,-122405.26676217047,Structurally Balanced,-0.03907512905264632,-122405.26676217047,Structurally Balanced,0.0948766303187931,0.06398572622925122,0.7565828670156934,0.5961887367999313,155682.2814055647,7.91,8.872,0.260235026535254,0.4296815769522365,4599.908,3016.0,12976.929,29
"Urban Honolulu, HI",2012,Pre-COVID (2006-2019),2567533.0,2637133.2743623103,-0.026746930531226454,-69600.2743623103,Structurally Balanced,-0.026746930531226454,-69600.2743623103,Structurally Balanced,0.09451119180270741,0.06304720156180758,0.7395479415116255,0.6037710078390849,159356.579732957,7.544,8.408,0.2492201922464829,0.4410210707237889,4568.35068,3124.0,12916.10174,36
"Urban Honolulu, HI",2013,Pre-COVID (2006-2019),2277656.0,2008100.6999651934,0.1259574940071886,269555.3000348066,Structurally Balanced,0.1259574940071886,269555.3000348066,Structurally Balanced,0.09040229803584998,0.06126908402765642,0.7191713504197058,0.583603607047854,159121.83033814305,8.209,8.061,0.2457368287095953,0.4513234919826928,,,,45
"Urban Honolulu, HI",2014,Pre-COVID (2006-2019),1888094.0,1648607.4101272419,0.1356369169326488,239486.58987275814,Structurally Balanced,0.1356369169326488,239486.58987275814,Structurally Balanced,0.09241670163311884,0.06031593228454855,0.7085322371552081,0.5987442110516401,168493.21204603405,8.096,7.994,0.2425561887686495,0.4605878209643337,,,,43
"Urban Honolulu, HI",2015,Pre-COVID (2006-2019),1715640.0,1768462.0122792309,-0.030324060393072116,-52822.01227923087,Structurally Balanced,-0.030324060393072116,-52822.01227923087,Structurally Balanced,0.08591723716408688,0.06071233604923379,0.7115421746174485,0.5745850427277632,162136.9901764997,7.926,8.084,0.245017358878745,0.4672110068149672,4916.06485,3369.518,13741.373966,35
"Urban Honolulu, HI",2016,Pre-COVID (2006-2019),1369629.0,1482137.2536356947,-0.0789452361281775,-112508.25363569474,Structurally Balanced,-0.0789452361281775,-112508.25363569474,Structurally Balanced,0.081919284769203,0.05980864182985923,0.7056317539123779,0.5656568707168761,160138.05782939418,8.444,7.464,0.2515819750719079,0.4722275487376158,5390.91391,3406.324,14210.382673,48
"Urban Honolulu, HI",2017,Pre-COVID (2006-2019),1290458.0,1514014.0399519238,-0.1597672342664005,-223556.03995192377,Structurally Balanced,-0.1597672342664005,-223556.03995192377,Structurally Balanced,0.08258979076874605,0.05980141657222116,0.7086735388069108,0.5675702665054162,167889.0880167536,8.422,8.261,0.2570733580847523,0.4799641531173985,5433.2091,3511.697,14346.63945,42
"Urban Honolulu, HI",2018,Pre-COVID (2006-2019),1318873.0,1533646.01343677,-0.15087033180927278,-214773.01343677007,Structurally Balanced,-0.15087033180927278,-214773.01343677007,Structurally Balanced,0.08436602439214265,0.06131802957284535,0.715187486999141,0.5734005492924932,171910.07315076623,7.947,7.917,0.2607078738137984,0.4853167478840728,5476.50606,3588.939,14590.06089,55
"Urban Honolulu, HI",2019,Pre-COVID (2006-2019),1891938.0,1660621.963060114,0.13040949179976558,231316.03693988593,Structurally Balanced,0.13040949179976558,231316.03693988593,Structurally Balanced,0.08202972649305698,0.06242026597289467,0.720721711307208,0.5679839743856999,170001.0368032763,8.065,7.678,0.2663432073544433,0.4862104187946884,5425.55154,3718.493,14687.24786,51
"Urban Honolulu, HI",2020,COVID (2020),2398043.0,1300439.0425317574,0.611951055578567,1097603.9574682426,Significant Structural Surplus,0.29129637513625006,605999.4568004801,Moderate Structural Surplus,0.088911264387015,0.07175865477878086,0.7958151799798255,0.639942849679482,171572.0180654385,7.144,8.555,0.2663718540677635,0.4904727840280939,4342.79254,3004.0,11856.1079,53
"Urban Honolulu, HI",2021,COVID (2021),1943757.0,1805782.1551234394,0.07362887336106283,137974.84487656062,Structurally Balanced,-0.2890036534516991,-651346.3740369002,Moderate Structural Deficit,0.09342912351728463,0.07188660743336028,0.8000824431363764,0.6473890745114438,185292.9230788546,8.105,11.937,0.2641088103938286,0.4886317498984978,4794.0,3367.0,13067.0,36
"Urban Honolulu, HI",2022,Recovery (2022),1206849.0,1537382.4035069481,-0.24206840152269393,-330533.40350694815,Moderate Structural Deficit,-0.6999588828560199,-1223346.5165047883,Significant Structural Deficit,0.09384435204355825,0.06944333796435731,0.7649545385527512,0.6338422953700689,204790.70288016714,10.178,8.826,0.2714635599391011,0.4826901436420202,4824.0,3428.0,13329.0,41
"Urban Honolulu, HI",2023,Recovery (2023),1355203.0,1324888.8725747427,0.022622672442588865,30314.12742525735,Structurally Balanced,-0.4120956963444229,-691124.9743530382,Moderate Structural Deficit,0.08935467201081758,0.0687186072974634,0.758952634050444,0.6117212618860701,207256.01288674108,8.789,8.883,0.2705463652540697,0.4798655506491794,4823.93664,3496.0,13553.69604,32
"Virginia Beach-Chesapeake-Norfolk, VA-NC",2006,Pre-COVID (2006-2019),7783426.0,5676647.528430399,0.31563576654301073,2106778.4715696014,Moderate Structural Surplus,0.31563576654301073,2106778.4715696014,Moderate Structural Surplus,0.13963544022629878,0.10872178811026373,1.2733423293895005,0.8968850894611998,111667.80382757937,12.889,8.907,0.3688115228720324,0.333345396641575,10921.0,4274.0,35466.0,47
"Virginia Beach-Chesapeake-Norfolk, VA-NC",2007,Pre-COVID (2006-2019),10699643.0,9226810.090738017,0.14809698994832488,1472832.909261983,Structurally Balanced,0.14809698994832488,1472832.909261983,Structurally Balanced,0.13916891727401237,0.10774429717635547,1.2602998815823359,0.8967508116915529,118439.03403441238,11.675,10.298,0.3727901889769426,0.3399074837738014,10729.0,4343.0,36022.0,57
"Virginia Beach-Chesapeake-Norfolk, VA-NC",2008,Pre-COVID (2006-2019),11078397.0,12368245.656028632,-0.1101353581127924,-1289848.656028632,Structurally Balanced,-0.1101353581127924,-1289848.656028632,Structurally Balanced,0.1386098482288425,0.10924506715247784,1.2706608566731938,0.8964129654795885,121399.8949149215,9.863,11.011,0.3649076805418988,0.3532175243089697,10726.0,4913.0,36507.0,62
"Virginia Beach-Chesapeake-Norfolk, VA-NC",2009,Pre-COVID (2006-2019),13929672.0,13913316.014081703,0.0011748730266596397,16355.985918296501,Structurally Balanced,0.0011748730266596397,16355.985918296501,Structurally Balanced,0.14444417922631228,0.11316383109054506,1.3510647344231075,0.960514940296126,129442.3762147154,9.107,11.528,0.344401311574266,0.3728187540044473,,,,44
"Virginia Beach-Chesapeake-Norfolk, VA-NC",2010,Pre-COVID (2006-2019),15111200.0,15219570.657088267,-0.007145952173260639,-108370.65708826669,Structurally Balanced,-0.007145952173260639,-108370.65708826669,Structurally Balanced,0.15013046870620664,0.11313806750239447,1.3585752068685768,0.9604067975338326,133491.50216959667,8.804,10.23,0.3231695623825413,0.3873355578567867,10809.43,4740.0,38394.594,66
"Virginia Beach-Chesapeake-Norfolk, VA-NC",2011,Pre-COVID (2006-2019),12205938.0,15136429.785981307,-0.21518185221730235,-2930491.785981307,Moderate Structural Deficit,-0.21518185221730235,-2930491.785981307,Moderate Structural Deficit,0.15305530658101438,0.11278797657924478,1.3336326039261788,0.9617737221953852,138429.192784355,9.174,10.191,0.3108555837068797,0.399064509842136,10856.6943,4716.0,36427.403429,49
"Virginia Beach-Chesapeake-Norfolk, VA-NC",2012,Pre-COVID (2006-2019),13393499.0,13830064.582925973,-0.032075375456102506,-436565.58292597346,Structurally Balanced,-0.032075375456102506,-436565.58292597346,Structurally Balanced,0.1514454824848948,0.11595467395616692,1.3601561736069598,0.9674874461794907,132884.71162054513,9.369,9.62,0.2991322701688555,0.4029862414008755,10884.76488,4715.0,36088.064478,76
"Virginia Beach-Chesapeake-Norfolk, VA-NC",2013,Pre-COVID (2006-2019),12111798.0,12123706.98067571,-0.0009827714870169757,-11908.980675710365,Structurally Balanced,-0.0009827714870169757,-11908.980675710365,Structurally Balanced,0.15159777996804333,0.11721341904375078,1.375841245202136,0.9786588740776488,132894.29055335184,9.043,9.125,0.2901799687010954,0.4120500782472613,,,,69
"Virginia Beach-Chesapeake-Norfolk, VA-NC",2014,Pre-COVID (2006-2019),11434147.0,12407031.574330881,-0.08165914518552597,-972884.5743308812,Structurally Balanced,-0.08165914518552597,-972884.5743308812,Structurally Balanced,0.14499370566859981,0.11727512825042646,1.3776328382016079,0.9393771945317775,128038.0649554088,8.946,8.797,0.2838793306622673,0.4237174954827559,10658.5998,4139.0,34116.855857,73
"Virginia Beach-Chesapeake-Norfolk, VA-NC",2015,Pre-COVID (2006-2019),9538699.0,11681729.530242555,-0.20266893966236665,-2143030.530242555,Moderate Structural Deficit,-0.20266893966236665,-2143030.530242555,Structurally Balanced,0.14385717822981348,0.11470100196205597,1.3442836444424962,0.962067515532537,135253.9929635271,8.978,8.662,0.283923941227312,0.4344307378015243,10552.655432,4258.32,34981.457621,66
"Virginia Beach-Chesapeake-Norfolk, VA-NC",2016,Pre-COVID (2006-2019),8613123.0,9516982.737762837,-0.09979088881328302,-903859.7377628367,Structurally Balanced,-0.09979088881328302,-903859.7377628367,Structurally Balanced,0.1404778582109111,0.11176738529518004,1.3186491734822265,0.9700068293377763,136966.34093624316,9.419,7.943,0.2877571695760598,0.4433057980049875,10827.439488,4170.903,34458.455259,54
"Virginia Beach-Chesapeake-Norfolk, VA-NC",2017,Pre-COVID (2006-2019),6819576.0,8392307.020268543,-0.20751815546473829,-1572731.0202685427,Moderate Structural Deficit,-0.20751815546473829,-1572731.0202685427,Moderate Structural Deficit,0.14149774918329083,0.11226732448960372,1.3304180184820018,0.972395189119042,138358.54181943546,8.47,8.57,0.2905001938735944,0.4536642109344707,10982.68564,4321.007,34648.52353999999,82
"Virginia Beach-Chesapeake-Norfolk, VA-NC",2018,Pre-COVID (2006-2019),6241685.0,5828481.421976046,0.06849368805298894,413203.5780239543,Structurally Balanced,0.06849368805298894,413203.5780239543,Structurally Balanced,0.15122543322645146,0.11400740951611202,1.329734064827461,1.0278159615059264,145472.62698842306,8.768,8.578,0.2950420881921384,0.4598038458568229,10942.73338,4276.295,34436.93153,93
"Virginia Beach-Chesapeake-Norfolk, VA-NC",2019,Pre-COVID (2006-2019),5381910.0,7150229.523662117,-0.28410112764530204,-1768319.5236621173,Moderate Structural Deficit,-0.28410112764530204,-1768319.5236621173,Moderate Structural Deficit,0.1584997720431743,0.11802131508656265,1.362706852560533,1.0974720301173913,151021.30915321162,9.081,8.021,0.2992283180404653,0.46404576342765,11042.09469,4230.035,34465.23374,77
"Virginia Beach-Chesapeake-Norfolk, VA-NC",2020,COVID (2020),5495900.0,4965798.967748993,0.10142815516294057,530101.0322510069,Structurally Balanced,-0.05346805044774605,-301852.89248738345,Structurally Balanced,0.15812988646442194,0.12520232701818945,1.3885142177907226,1.1381470150177504,151876.9549977208,8.781,8.644,0.303423395762972,0.4634633097942892,9631.42232,3729.0,30463.40281,89
"Virginia Beach-Chesapeake-Norfolk, VA-NC",2021,COVID (2021),3126077.0,5841894.735712404,-0.6252763214535229,-2715817.7357124044,Significant Structural Deficit,-0.8929414388641792,-4508750.176151194,Significant Structural Deficit,0.15762044172233936,0.12395604361626773,1.3796040425187563,1.0921835510083988,162080.3010744642,10.279,9.181,0.3196916660460266,0.4527072316973263,10493.0,222.0,26718.0,104
"Virginia Beach-Chesapeake-Norfolk, VA-NC",2022,Recovery (2022),4204319.0,7422921.0641594445,-0.568460323874735,-3218602.0641594445,Significant Structural Deficit,-0.7768985519704614,-4938885.101817291,Significant Structural Deficit,0.15369580547754613,0.12159657517765277,1.339449611456723,1.038090199476491,169597.31137343313,10.351,9.616,0.3246552675124103,0.4495311638168781,10368.0,3304.0,31661.0,90
"Virginia Beach-Chesapeake-Norfolk, VA-NC",2023,Recovery (2023),5606068.0,8099751.625046722,-0.36798381510388367,-2493683.6250467217,Moderate Structural Deficit,-0.5189132420591633,-3813251.2977228276,Moderate Structural Deficit,0.15603343493530455,0.12165563696895275,1.3436079361299782,1.0682034589471399,181930.1172083495,9.579,9.156,0.3272173498220249,0.4475065135224395,10963.2904,6947.0,36874.60443,94
"Washington-Arlington-Alexandria, DC-VA-MD-WV",2006,Pre-COVID (2006-2019),21908424.0,22135094.746596243,-0.010293126177376877,-226670.74659624323,Structurally Balanced,-0.010293126177376877,-226670.74659624323,Structurally Balanced,0.14976808258704935,0.1271476294017704,1.489144553386159,0.9619675344011952,126406.38027812044,13.241,9.872,0.3861458280625411,0.3268633304660223,29241.0,8046.0,96014.0,1815
"Washington-Arlington-Alexandria, DC-VA-MD-WV",2007,Pre-COVID (2006-2019),26455882.0,27068310.173238497,-0.022885161908565266,-612428.1732384972,Structurally Balanced,-0.022885161908565266,-612428.1732384972,Structurally Balanced,0.154129028788381,0.12992312473758102,1.5197286818212563,0.9931479986948274,133253.61022134425,12.188,10.738,0.3851553959864812,0.3367464623469357,29927.0,8353.0,97860.0,1616
"Washington-Arlington-Alexandria, DC-VA-MD-WV",2008,Pre-COVID (2006-2019),33196636.0,32972693.869235337,0.006768785061780136,223942.13076466322,Structurally Balanced,0.006768785061780136,223942.13076466322,Structurally Balanced,0.15927804685708435,0.1334636427361419,1.5523540882366025,1.030077647031474,139561.84661421884,10.781,11.389,0.3749608573997192,0.3509702314211542,29501.0,8435.0,98704.0,1572
"Washington-Arlington-Alexandria, DC-VA-MD-WV",2009,Pre-COVID (2006-2019),36853820.0,41870843.12768228,-0.12763043986178246,-5017023.1276822835,Structurally Balanced,-0.12763043986178246,-5017023.1276822835,Structurally Balanced,0.16771494338297777,0.13709512919626396,1.6367808736525502,1.115259262734791,148405.31731830753,10.664,11.395,0.3625450549901932,0.3666834392746018,,,,1649
"Washington-Arlington-Alexandria, DC-VA-MD-WV",2010,Pre-COVID (2006-2019),37414406.0,43171915.64334824,-0.14313436557372938,-5757509.643348239,Structurally Balanced,-0.14313436557372938,-5757509.643348239,Structurally Balanced,0.1700857411719512,0.13727054514400056,1.648360833651555,1.088063624878091,158021.6529522724,10.456,10.722,0.3458215633312027,0.3785748159755871,29568.495,8510.0,97404.054,2219
"Washington-Arlington-Alexandria, DC-VA-MD-WV",2011,Pre-COVID (2006-2019),36343458.0,32376206.206693012,0.11559043861759832,3967251.7933069877,Structurally Balanced,0.11559043861759832,3967251.7933069877,Structurally Balanced,0.17074276196067842,0.13747828480663654,1.625576843478179,1.07291870747337,161047.2706769567,10.999,9.99,0.3360207875439065,0.3875377441817472,29357.870884,8447.0,97735.937027,2311
"Washington-Arlington-Alexandria, DC-VA-MD-WV",2012,Pre-COVID (2006-2019),35035190.0,35554064.90951179,-0.01470150820264493,-518874.9095117897,Structurally Balanced,-0.01470150820264493,-518874.9095117897,Structurally Balanced,0.16842736937622155,0.13578712698118606,1.5927921899002484,1.0759737615863394,159811.07469217072,10.24,9.585,0.3294369527056507,0.3934329751504267,29163.068876,8468.0,97023.145535,2473
"Washington-Arlington-Alexandria, DC-VA-MD-WV",2013,Pre-COVID (2006-2019),33180520.0,34106773.61337415,-0.027533047520499565,-926253.6133741513,Structurally Balanced,-0.027533047520499565,-926253.6133741513,Structurally Balanced,0.16362640558798694,0.13235354416773448,1.5535547593461332,1.0563112065088829,160735.62436854478,10.757,9.386,0.3252914068853347,0.4007208618214311,,,,2596
"Washington-Arlington-Alexandria, DC-VA-MD-WV",2014,Pre-COVID (2006-2019),31764683.0,28897594.96996983,0.09459670250816998,2867088.0300301686,Structurally Balanced,0.09459670250816998,2867088.0300301686,Structurally Balanced,0.1612547814366448,0.13045623692654923,1.5324715361167798,1.0447285521277287,164510.18214679585,10.694,9.068,0.3230109575988566,0.4054410830554232,30065.426672,8037.0,99516.977428,2572
"Washington-Arlington-Alexandria, DC-VA-MD-WV",2015,Pre-COVID (2006-2019),29165783.0,32340618.730963457,-0.10332777893673395,-3174835.7309634574,Structurally Balanced,-0.10332777893673395,-3174835.7309634574,Structurally Balanced,0.16294719596581642,0.13122999695908033,1.5380017223449205,1.0897350129820471,169285.36940845157,10.588,9.373,0.3258643643055718,0.4143564744116841,32139.670927,8603.453,104204.485626,2536
"Washington-Arlington-Alexandria, DC-VA-MD-WV",2016,Pre-COVID (2006-2019),25555937.0,26940547.11450404,-0.05276282184389913,-1384610.1145040393,Structurally Balanced,-0.05276282184389913,-1384610.1145040393,Structurally Balanced,0.15997761248117773,0.13070352756937106,1.5420607554285806,1.1046536345600526,169739.32513439527,10.69,8.418,0.3312252354738882,0.4201991766849518,32679.107042,8350.32,106212.345124,2435
"Washington-Arlington-Alexandria, DC-VA-MD-WV",2017,Pre-COVID (2006-2019),22827696.0,20104170.243751373,0.1270472672480345,2723525.756248627,Structurally Balanced,0.1270472672480345,2723525.756248627,Structurally Balanced,0.1600691340648836,0.13170486486734567,1.5607615674272166,1.1000207196901772,173479.69880339803,9.763,9.072,0.332115391973065,0.4279565367104105,33270.65437,8463.759,108332.85901,2689
"Washington-Arlington-Alexandria, DC-VA-MD-WV",2018,Pre-COVID (2006-2019),21893284.0,20802267.481914826,0.051117928804625734,1091016.5180851743,Structurally Balanced,0.051117928804625734,1091016.5180851743,Structurally Balanced,0.1609831257901061,0.13372985271636814,1.5597682764310408,1.0941349129575242,177696.51165334496,9.627,9.222,0.3331658386742007,0.4324870112632257,33238.70938,8560.788,108613.87265,2753
"Washington-Arlington-Alexandria, DC-VA-MD-WV",2019,Pre-COVID (2006-2019),21668734.0,23047513.483607043,-0.06168749666561624,-1378779.4836070426,Structurally Balanced,-0.06168749666561624,-1378779.4836070426,Structurally Balanced,0.16230726196126036,0.1350990881385612,1.5598915589617726,1.123835561346415,181814.3045912242,9.523,8.403,0.3340900136952892,0.4356602817852654,32920.31018,8608.547,107771.49829,3582
"Washington-Arlington-Alexandria, DC-VA-MD-WV",2020,COVID (2020),20655098.0,27268744.05436937,-0.2777789744001389,-6613646.054369371,Moderate Structural Deficit,-0.16806105520273107,-3780065.4690347128,Structurally Balanced,0.16647918861468555,0.14438019905417326,1.6011999451499752,1.1982414951459066,185969.4283143114,9.506,9.364,0.3330146142092485,0.4377888392062019,28138.20785,8464.0,92245.08152,3698
"Washington-Arlington-Alexandria, DC-VA-MD-WV",2021,COVID (2021),16079863.0,30333858.497633964,-0.6346967869936542,-14253995.497633964,Significant Structural Deficit,-0.5750241187553335,-12496841.632131133,Moderate Structural Deficit,0.16674430839964371,0.14329597324839827,1.5948532899464465,1.1554046471914656,197917.01751921323,10.953,10.571,0.3385792531734576,0.4325709633248214,30311.0,10066.0,99707.0,3370
"Washington-Arlington-Alexandria, DC-VA-MD-WV",2022,Recovery (2022),16622972.0,29534404.574223004,-0.5747702464112479,-12911432.574223004,Significant Structural Deficit,-0.5084584699813348,-11016477.00818957,Moderate Structural Deficit,0.16557204618946156,0.1410876216173067,1.5541536402695135,1.118304549187318,209708.68158449768,11.389,10.138,0.3413291139240506,0.4311030741410488,31362.0,8317.0,100692.0,3366
"Washington-Arlington-Alexandria, DC-VA-MD-WV",2023,Recovery (2023),19732364.0,22879278.074505713,-0.14797148293239104,-3146914.074505713,Structurally Balanced,-0.04738783197804253,-957583.6670763195,Structurally Balanced,0.16548914278084195,0.13948456761148628,1.5405169598370547,1.1329371477977674,222199.71675422965,10.35,9.404,0.3398247670869989,0.4333390014050851,32173.5198,9358.0,104833.46547,4169
"Wichita, KS",2007,Pre-COVID (2006-2019),4554042.0,4633297.714954136,-0.017253673758601096,-79255.71495413594,Structurally Balanced,-0.017253673758601096,-79255.71495413594,Structurally Balanced,0.357337996699067,0.8546545977711328,9.997012524957398,2.3025481901047997,160504.81970096746,10.075,9.229,0.3134877873563218,0.347790948275862,2016.0,1514.0,11723.0,25
"Wichita, KS",2008,Pre-COVID (2006-2019),4513862.0,6297167.618281074,-0.3329468415314274,-1783305.6182810739,Moderate Structural Deficit,-0.3329468415314274,-1783305.6182810739,Moderate Structural Deficit,0.2979843141623764,0.8918672471491285,10.373564956663316,1.9271141707311557,129887.2125632861,9.215,9.208,0.3060559427898977,0.3601882864126007,1968.0,1518.0,11622.0,20
"Wichita, KS",2009,Pre-COVID (2006-2019),6056375.0,6338647.104109059,-0.04555391888023941,-282272.1041090591,Structurally Balanced,-0.04555391888023941,-282272.1041090591,Structurally Balanced,0.25047233149616416,0.8220301654568151,9.814230894074846,1.6655736341990621,115316.62881616261,7.693,8.836,0.2950849625433948,0.3761191302758999,,,,36
"Wichita, KS",2010,Pre-COVID (2006-2019),6267118.0,6125732.364262354,0.022818280892588305,141385.63573764637,Structurally Balanced,0.022818280892588305,141385.63573764637,Structurally Balanced,0.2898478275122361,0.7495892411610783,9.001155675169354,1.8541993919829616,153287.55095239315,7.781,8.751,0.2771855010660981,0.3888013349402058,1954.759,1539.0,11126.213,30
"Wichita, KS",2011,Pre-COVID (2006-2019),5907529.0,5880249.626197518,0.004628424636475614,27279.37380248215,Structurally Balanced,0.004628424636475614,27279.37380248215,Structurally Balanced,0.31884166992355534,0.7493600514847608,8.860616415418352,2.003547257024075,179735.33165997034,8.307,9.079,0.2700675168792198,0.4005063765941485,1923.1376,1471.0,11075.320995,37
"Wichita, KS",2012,Pre-COVID (2006-2019),5872120.0,5556756.380591897,0.05520117382896039,315363.6194081027,Structurally Balanced,0.05520117382896039,315363.6194081027,Structurally Balanced,0.30965251709461933,0.758987675971517,8.902976809322084,1.9781700850456532,174718.1720273121,7.866,8.651,0.2584693781258846,0.4077569123336793,2002.628,1385.0,11220.602845,42
"Wichita, KS",2013,Pre-COVID (2006-2019),5744522.0,4798188.418376678,0.1800082712166411,946333.5816233223,Moderate Structural Surplus,0.1800082712166411,946333.5816233223,Structurally Balanced,0.23820737257631577,0.7589058730446964,8.907973249814498,1.5377781857470108,127040.51221903901,7.832,8.344,0.2476027722396278,0.4210576284059622,,,,49
"Wichita, KS",2014,Pre-COVID (2006-2019),5126545.0,4247385.461055768,0.1881283350100773,879159.5389442323,Moderate Structural Surplus,0.1881283350100773,879159.5389442323,Structurally Balanced,0.2762920082916861,0.7459494271026328,8.762680047723814,1.7900253698861206,162951.8477383752,7.98,7.822,0.2449971412235563,0.4295788069372975,2058.7668,1462.0,11237.404255,47
"Wichita, KS",2015,Pre-COVID (2006-2019),4952324.0,4874153.193314966,0.015910575925680348,78170.80668503419,Structurally Balanced,0.015910575925680348,78170.80668503419,Structurally Balanced,0.27375419975152687,0.7362780474579772,8.629101054298005,1.8307742864302032,178324.16793608697,8.786,7.893,0.2483734087694483,0.4383781235266383,2127.1131,1524.273,11463.272985,40
"Wichita, KS",2016,Pre-COVID (2006-2019),3062463.0,4878298.414410984,-0.4655769793233784,-1815835.4144109841,Moderate Structural Deficit,-0.4655769793233784,-1815835.4144109841,Moderate Structural Deficit,0.2876127785889966,0.7415311014121336,8.74870044965294,1.985981015010031,198304.02470126684,9.306,7.758,0.252378709373528,0.4483278379651436,2156.209866,1520.856,11587.163776,44
"Wichita, KS",2017,Pre-COVID (2006-2019),2843413.0,3167065.877207693,-0.1078004772790262,-323652.8772076932,Structurally Balanced,-0.1078004772790262,-323652.8772076932,Structurally Balanced,0.29249415483449737,0.7158776021221516,8.48346983613381,2.010066666417984,208306.81330855552,8.832,8.363,0.2570541760722347,0.4556997742663657,2222.3103,1520.856,11721.04254,43
"Wichita, KS",2018,Pre-COVID (2006-2019),2542170.0,2787287.808747484,-0.09205096446000383,-245117.80874748388,Structurally Balanced,-0.09205096446000383,-245117.80874748388,Structurally Balanced,0.2925897252397273,0.7340478035971337,8.56162221208036,1.9886098743966003,209619.04392480868,7.836,8.189,0.2646558245083207,0.4626512859304085,2238.36069,1646.992,11210.39964,45
"Wichita, KS",2019,Pre-COVID (2006-2019),2957383.0,2909897.059753016,0.016187049745926885,47485.9402469839,Structurally Balanced,0.016187049745926885,47485.9402469839,Structurally Balanced,0.2569066718412647,0.7591467951782814,8.765319545287749,1.7788535785372261,180792.08106625735,8.065,7.896,0.2701674277016743,0.4634703196347032,2209.01973,1478.447,11011.95319,59
"Wichita, KS",2020,COVID (2020),3384497.0,2898644.12886505,0.15496221268225518,485852.87113494985,Structurally Balanced,-0.09682828645899377,-344105.8223724733,Structurally Balanced,0.2189125333739704,0.6729318232955824,7.462923625325302,1.5756328672607758,174341.83118719797,8.271,7.919,0.2755770874893132,0.4624299420537665,1958.34997,1241.0,9594.52712,81
"Wichita, KS",2021,COVID (2021),2217759.0,2850323.7693770276,-0.2509353645409931,-632564.7693770276,Moderate Structural Deficit,-0.5872106992751682,-1771908.6266980008,Moderate Structural Deficit,0.22854999836117004,0.6615438385767661,7.362840305142696,1.5836686286718373,193710.69837584705,9.336,7.983,0.285034965034965,0.4541724941724941,2282.0,1472.0,11184.0,51
"Wichita, KS",2022,Recovery (2022),1880592.0,1959081.213875925,-0.04088897401521585,-78489.21387592494,Structurally Balanced,-0.41012427883762115,-953469.6641448601,Moderate Structural Deficit,0.24805179585227005,0.7313290990659894,8.055970952798376,1.675388195772225,217557.95728251632,8.939,8.233,0.29244847028376,0.4462519641371661,2289.0,1472.0,11212.0,68
"Wichita, KS",2023,Recovery (2023),3637405.0,2110466.6754297353,0.5443614190958339,1526938.3245702647,Significant Structural Surplus,0.306974283391682,961477.0110998196,Moderate Structural Surplus,0.24123297650633527,0.7753855577398573,8.563632683997364,1.6514787360992507,213229.3620479648,9.396,7.808,0.3009779065555958,0.4368888084027526,2346.2515,1492.0,11273.65452,75
"Winston-Salem, NC",2006,Pre-COVID (2006-2019),5196890.0,5048074.904694056,0.029053406126823944,148815.09530594386,Structurally Balanced,0.029053406126823944,148815.09530594386,Structurally Balanced,0.08273659898812565,0.05530963220348509,0.6477827225968295,0.5314211196306649,119832.20246326012,11.613,9.221,0.3295964125560538,0.3396860986547085,1698.0,2906.0,10959.0,57
"Winston-Salem, NC",2007,Pre-COVID (2006-2019),6162655.0,5381485.584009484,0.13554322426895027,781169.4159905156,Structurally Balanced,0.13554322426895027,781169.4159905156,Structurally Balanced,0.08591654593831712,0.05495774727169102,0.6428483380904542,0.5536130755132889,123503.67767087246,11.369,10.244,0.3274755927475593,0.3532310553231055,1720.0,2983.0,11369.0,65
"Winston-Salem, NC",2008,Pre-COVID (2006-2019),7667976.0,7152239.279164247,0.06962720171749837,515736.7208357528,Structurally Balanced,0.06962720171749837,515736.7208357528,Structurally Balanced,0.08388793632397205,0.055034186194367785,0.6401184785619981,0.5425172506067799,123215.81931165108,8.92,9.646,0.324816832613188,0.3642682697726845,1587.0,3015.0,11239.0,53
"Winston-Salem, NC",2009,Pre-COVID (2006-2019),13194894.0,10364561.80006295,0.24143746847032332,2830332.1999370493,Moderate Structural Surplus,0.24143746847032332,2830332.1999370493,Moderate Structural Surplus,0.07846451760787086,0.0521567953917903,0.6227007890709094,0.5217679372694273,128577.50790675459,7.425,12.015,0.3018662980152068,0.3833316875678878,,,,50
"Winston-Salem, NC",2010,Pre-COVID (2006-2019),12532154.0,13238761.948159331,-0.05485137613371904,-706607.9481593315,Structurally Balanced,-0.05485137613371904,-706607.9481593315,Structurally Balanced,0.08031380817624777,0.04865580935556535,0.5842646751872107,0.5137793012505784,142989.00040271317,8.585,10.507,0.2908871454435727,0.3973043653188493,1678.265,3220.0,11020.885,88
"Winston-Salem, NC",2011,Pre-COVID (2006-2019),14048024.0,12580883.339967689,0.1103032787089333,1467140.6600323115,Structurally Balanced,0.1103032787089333,1467140.6600323115,Structurally Balanced,0.08668763291604872,0.048740049981488336,0.5763142645495949,0.544730458815189,153407.71160221868,8.617,9.613,0.2753579043557722,0.4092801299624327,1777.47,3274.0,11352.69001,74
"Winston-Salem, NC",2012,Pre-COVID (2006-2019),10451398.0,12254998.857287437,-0.15919817436807904,-1803600.8572874367,Structurally Balanced,-0.15919817436807904,-1803600.8572874367,Structurally Balanced,0.08772450564195683,0.04929615855209759,0.5782472763028891,0.5604152500181728,152158.10653068748,8.704,8.326,0.268213598135576,0.4177728239943257,1897.042,3335.0,11345.938209,85
"Winston-Salem, NC",2013,Pre-COVID (2006-2019),9081795.0,10115741.747810276,-0.10782093909989499,-1033946.7478102762,Structurally Balanced,-0.10782093909989499,-1033946.7478102762,Structurally Balanced,0.10558782880618225,0.05088154670899732,0.597243311841178,0.6816357447816497,177038.2602285293,8.775,8.583,0.2592177632919128,0.4271745773069871,,,,80
"Winston-Salem, NC",2014,Pre-COVID (2006-2019),6806153.0,8812691.892256638,-0.2583658869185612,-2006538.892256638,Moderate Structural Deficit,-0.2583658869185612,-2006538.892256638,Moderate Structural Deficit,0.11058938926664283,0.05301831524935118,0.6228070111990318,0.7164804137892947,190318.12456263122,8.102,8.605,0.2530206840057342,0.4411222609051812,2668.197,3684.0,14187.314172,89
"Winston-Salem, NC",2015,Pre-COVID (2006-2019),4740616.0,5622701.1185612865,-0.17064508945129298,-882085.1185612865,Structurally Balanced,-0.17064508945129298,-882085.1185612865,Structurally Balanced,0.11314262031555271,0.0536610871404353,0.6289022811653712,0.7566590765038814,199055.9657061205,8.477,7.548,0.2569974554707379,0.4491603053435114,2600.219,3832.503,14430.495421,112
"Winston-Salem, NC",2016,Pre-COVID (2006-2019),3294708.0,3834863.8279274413,-0.1518163815698923,-540155.8279274413,Structurally Balanced,-0.1518163815698923,-540155.8279274413,Structurally Balanced,0.11029758255012155,0.05190373737537139,0.6123684490776365,0.7616104751001609,198069.2458998227,8.855,7.048,0.2638110488390712,0.45806645316253,2812.656,3888.0,14954.423582,107
"Winston-Salem, NC",2017,Pre-COVID (2006-2019),4845457.0,4113688.312612921,0.16372153919158983,731768.687387079,Structurally Balanced,0.16372153919158983,731768.687387079,Structurally Balanced,0.10968266896877117,0.050945289352443454,0.6037244694251758,0.7537568636290659,208221.85581476934,8.532,7.75,0.2675734710087371,0.4649523431294678,2820.065,4185.0,15473.94438,129
"Winston-Salem, NC",2018,Pre-COVID (2006-2019),4977773.0,4349921.760623755,0.13482474338749384,627851.2393762451,Structurally Balanced,0.13482474338749384,627851.2393762451,Structurally Balanced,0.10861484876320286,0.05304256884998257,0.618666023420257,0.7382096571560384,193950.9008590358,8.655,8.112,0.2776357199055861,0.4651848937844217,3759.1441,4372.0,15996.78754,165
"Winston-Salem, NC",2019,Pre-COVID (2006-2019),5128478.0,4901140.471752767,0.04534100163083288,227337.52824723255,Structurally Balanced,0.04534100163083288,227337.52824723255,Structurally Balanced,0.10421433388942003,0.05432758624276759,0.6272813855852529,0.7215929405235937,185371.18238391576,8.562,7.766,0.2840155945419103,0.4655945419103314,3927.5485,4191.0,15706.77389,233
"Winston-Salem, NC",2020,COVID (2020),4805244.0,4164175.605591335,0.14318949937431036,641068.3944086651,Structurally Balanced,-0.03854757521173546,-188846.9162188731,Structurally Balanced,0.09582882545158722,0.054288339232370725,0.6020665324650186,0.6897323085406777,175283.45824411136,9.201,8.315,0.2941119691119691,0.4574324324324324,3325.853,3557.0,13458.52155,222
"Winston-Salem, NC",2021,COVID (2021),2396363.0,3382533.658968141,-0.3446728606457192,-986170.6589681408,Moderate Structural Deficit,-0.6654676103076742,-2265521.574859676,Significant Structural Deficit,0.0957983137701724,0.05501545639142387,0.6123101691885705,0.6638056674047164,179881.45075597547,9.097,9.081,0.3026303112053184,0.4516812795066962,3648.0,3876.0,14757.0,238
"Winston-Salem, NC",2022,Recovery (2022),3580387.0,4109236.550679219,-0.13776636203224335,-528849.550679219,Structurally Balanced,-0.37831129954467535,-1646323.9284592029,Moderate Structural Deficit,0.10090694718611203,0.05685194823792489,0.6262538222527279,0.6815443831243534,194958.64465892437,10.847,8.577,0.3136440837893942,0.441687110775618,3632.0,3973.0,14852.0,229
"Winston-Salem, NC",2023,Recovery (2023),5230805.0,4064898.3127277847,0.25217645855871673,1165906.6872722153,Moderate Structural Surplus,0.08739945867072763,437760.8702707356,Structurally Balanced,0.09880011177788862,0.05539203985298271,0.6117693039073016,0.6763846555660565,203493.29256263564,9.75,8.193,0.3170686456400742,0.4397959183673469,3862.3115,4118.0,15681.73005,245
"Worcester, MA",2006,Pre-COVID (2006-2019),16031314.0,12779817.61300764,0.22667675700090584,3251496.3869923595,Moderate Structural Surplus,0.22667675700090584,3251496.3869923595,Moderate Structural Surplus,0.17993439192787525,0.08553053385469124,1.0017279066639875,1.1557271774260125,153690.8899438465,11.148,9.481,0.3091603053435114,0.342470506592644,5039.0,1093.0,12053.0,124
"Worcester, MA",2007,Pre-COVID (2006-2019),17180389.0,11172078.480636638,0.43035088608759153,6008310.519363362,Moderate Structural Surplus,0.43035088608759153,6008310.519363362,Moderate Structural Surplus,0.18049130588166937,0.08369750633721396,0.9790212576436579,1.1630163417451507,165476.29269633014,10.144,10.226,0.3068372483221476,0.352978187919463,5131.0,1098.0,12246.0,114
"Worcester, MA",2008,Pre-COVID (2006-2019),17942577.0,13124396.984982513,0.31270362837867793,4818180.015017487,Moderate Structural Surplus,0.31270362837867793,4818180.015017487,Moderate Structural Surplus,0.18223971667613664,0.08557781383958393,0.9953802133129857,1.178574588611537,168713.5734184542,8.139,10.115,0.2939914163090129,0.3683834048640915,5131.0,1102.0,12053.0,104
"Worcester, MA",2009,Pre-COVID (2006-2019),19957691.0,16446048.13778509,0.19352936926370745,3511642.86221491,Moderate Structural Surplus,0.19352936926370745,3511642.86221491,Structurally Balanced,0.16394388495510231,0.08231682598671428,0.9827818620890206,1.0901827385016554,161405.7512649062,7.627,10.847,0.2818141461970997,0.3850991417579165,,,,125
"Worcester, MA",2010,Pre-COVID (2006-2019),20816977.0,17002423.207497198,0.20241298020308918,3814553.792502802,Moderate Structural Surplus,0.20241298020308918,3814553.792502802,Structurally Balanced,0.17621731639376464,0.08181691984947848,0.9824671860114854,1.1272882178162744,183998.5048756445,8.371,9.21,0.2722779691478209,0.3977085517447956,5106.649,1116.0,12072.329,182
"Worcester, MA",2011,Pre-COVID (2006-2019),19996598.0,16260620.007842757,0.20681592482900513,3735977.992157243,Moderate Structural Surplus,0.20681592482900513,3735977.992157243,Moderate Structural Surplus,0.16551900661609903,0.08003400404776218,0.9463416266348458,1.0400935102696724,179907.55966401493,8.604,8.866,0.2636808430560783,0.4054196462175385,5141.097172,1121.0,12148.964567,193
"Worcester, MA",2012,Pre-COVID (2006-2019),20661939.0,19100545.78830931,0.07857640219488005,1561393.2116906904,Structurally Balanced,0.07857640219488005,1561393.2116906904,Structurally Balanced,0.1684690755935072,0.07826742906309808,0.9180822402446668,1.0762401956917973,186623.9105472206,8.641,8.179,0.2561212302179755,0.4121379516273514,5628.544068,1210.0,13029.991773,216
"Worcester, MA",2013,Pre-COVID (2006-2019),18022286.0,16872796.962257084,0.06590642532838231,1149489.0377429165,Structurally Balanced,0.06590642532838231,1149489.0377429165,Structurally Balanced,0.16968831026255574,0.07709568098849938,0.9049426131945838,1.0954446080984717,196031.65783110817,8.39,8.777,0.2486299827340289,0.4246678177314015,,,,275
"Worcester, MA",2014,Pre-COVID (2006-2019),15457183.0,14629372.12107243,0.055042517505075494,827810.8789275698,Structurally Balanced,0.055042517505075494,827810.8789275698,Structurally Balanced,0.18250372120191552,0.07997760824107891,0.9394982642735518,1.1823950068985132,207238.8232486402,8.431,7.982,0.2476446837146702,0.430536862569164,5890.775121,1287.0,14157.755278,316
"Worcester, MA",2015,Pre-COVID (2006-2019),16433157.0,13770149.530125156,0.17679789029513415,2663007.469874844,Structurally Balanced,0.17679789029513415,2663007.469874844,Structurally Balanced,0.1753607317303401,0.08019552479655238,0.939883091667769,1.1727524866938632,206045.55899341372,8.542,7.551,0.2552036871840618,0.4371097234611953,6559.735217,1271.974,14663.07385,306
"Worcester, MA",2016,Pre-COVID (2006-2019),12602087.0,12128136.415356915,0.03833435835727528,473950.58464308456,Structurally Balanced,0.03833435835727528,473950.58464308456,Structurally Balanced,0.18611119927773145,0.08217888784098443,0.9695594313404409,1.285107394252836,218550.00100464144,9.091,7.116,0.2612164239186123,0.444631486496377,6253.778171,1310.702,14892.274055,308
"Worcester, MA",2017,Pre-COVID (2006-2019),10278237.0,9818108.94815711,0.04580021491372577,460128.0518428907,Structurally Balanced,0.04580021491372577,460128.0518428907,Structurally Balanced,0.17795296806540434,0.08127705294310619,0.9631694370220559,1.222921290515395,213697.08253677998,8.701,8.165,0.2686251640180784,0.4490450502988773,6337.53103,1322.799,15273.53515,384
"Worcester, MA",2018,Pre-COVID (2006-2019),11077535.0,8954965.515224151,0.2127109990351599,2122569.4847758487,Moderate Structural Surplus,0.2127109990351599,2122569.4847758487,Moderate Structural Surplus,0.19221907011743483,0.0830458965141915,0.9686121104562967,1.306432550116638,235972.66032367293,8.652,8.347,0.2769956458635704,0.4518142235123367,6529.14438,1316.478,15701.90167,263
"Worcester, MA",2019,Pre-COVID (2006-2019),9323938.0,8578287.088620152,0.08335081809656408,745650.9113798477,Structurally Balanced,0.08335081809656408,745650.9113798477,Structurally Balanced,0.19929379764888394,0.08504794354387643,0.9819871552729127,1.379934910164713,248903.0764472299,8.781,7.78,0.2845921014701643,0.4535168636494667,6641.81529,1313.66,15408.76259,270
"Worcester, MA",2021,COVID (2021),7052797.0,4591193.1168768285,0.4292843471215484,2461603.8831231715,Moderate Structural Surplus,0.32423902197689003,1953078.9506727941,Moderate Structural Surplus,0.2306830496966939,0.09272619404711438,1.0320225494675999,1.5984489677995475,310169.68170505343,9.138,10.654,0.2921629172180561,0.4487575356565211,6189.0,1310.0,14370.0,249
"Worcester, MA",2022,Recovery (2022),9595762.0,4976487.285645835,0.6565972648470861,4619274.714354165,Significant Structural Surplus,0.613090035849531,4397982.54334131,Significant Structural Surplus,0.24746757176910472,0.09329867668301492,1.0277335200429045,1.6714422371096078,340886.6862653138,11.424,8.173,0.3008968293199632,0.4431890403220112,6410.0,1314.0,14236.0,248
"Worcester, MA",2023,Recovery (2023),8504567.0,4842641.097270848,0.5631430601701428,3661925.902729152,Significant Structural Surplus,0.4955084003638319,3323065.3247319264,Moderate Structural Surplus,0.23568675710654644,0.09218140902898726,1.0180841251655246,1.6135093691530535,339392.7554965597,9.355,8.383,0.3025504484304933,0.4397421524663677,5765.52876,1316.0,13497.65142,287
